1437120,4,-1,1437112,0,0,0
1437330,5,-1,1437112,170788,170788,0
1437496,6,-1,1437112,1,0,0
1437646,7,-1,1437112,170744,170744,0
1437802,8,-1,1437112,0,0,0
1437916,2,0,1437,0,0,0
1438011,9,-1,1437112,0,1,0
1438185,12,-1,1437112,0,0,0
1537161,4,-1,1537154,0,0,0
1537295,5,-1,1537154,170744,170728,0
1537369,6,-1,1537154,21,0,0
1537451,7,-1,1537154,170688,170688,0
1537532,8,-1,1537154,0,0,0
1537588,9,-1,1537154,1,0,0
1537754,11,-1,1537154,1,5,0
1537813,12,-1,1537154,0,0,0
1637156,4,-1,1637148,0,0,0
1637355,5,-1,1637148,170652,170652,0
1637517,6,-1,1637148,1,0,0
1637679,7,-1,1637148,170608,170608,0
1637835,8,-1,1637148,0,0,0
1637938,2,0,1637,0,0,0
1638032,9,-1,1637148,0,1,0
1638176,12,-1,1637148,0,0,0
1737149,4,-1,1737142,0,0,0
1737316,5,-1,1737142,170608,170592,0
1737410,6,-1,1737142,12,0,0
1737492,7,-1,1737142,170564,170564,0
1737569,8,-1,1737142,0,0,0
1737625,9,-1,1737142,1,0,0
1737697,11,-1,1737142,1,6,0
1737754,12,-1,1737142,0,0,0
1837166,4,-1,1837159,0,0,0
1837360,5,-1,1837159,170528,170528,0
1837524,6,-1,1837159,5,0,0
1837677,7,-1,1837159,170484,170484,0
1837840,8,-1,1837159,0,0,0
1837968,9,-1,1837159,1,0,0
1838163,11,-1,1837159,1,7,0
1838303,12,-1,1837159,0,0,0
1937167,4,-1,1937162,0,0,0
1937358,5,-1,1937162,170448,170448,0
1937532,6,-1,1937162,1,0,0
1937703,7,-1,1937162,170404,170404,0
1937873,8,-1,1937162,0,0,0
1938007,9,-1,1937162,1,0,0
1938158,11,-1,1937162,1,8,0
1938297,12,-1,1937162,0,0,0
2038415,4,-1,2038409,0,0,0
2038609,5,-1,2038409,170368,170368,0
2038769,6,-1,2038409,27,0,0
2038921,7,-1,2038409,170308,170308,0
2039114,8,-1,2038409,0,0,0
2039219,9,-1,2038409,1,0,0
2039337,11,-1,2038409,1,9,0
2039450,12,-1,2038409,0,0,0
2137162,4,-1,2137154,0,0,0
2137377,5,-1,2137154,170272,170272,0
2137527,6,-1,2137154,9,0,0
2137665,7,-1,2137154,170228,170228,0
2137850,8,-1,2137154,0,0,0
2137973,2,0,2137,0,0,0
2138127,9,-1,2137154,0,1,0
2138245,12,-1,2137154,0,0,0
2237161,4,-1,2237154,0,0,0
2237378,5,-1,2237154,170228,170212,0
2237524,6,-1,2237154,1,0,0
2237679,7,-1,2237154,170184,170184,0
2237854,8,-1,2237154,0,0,0
2237984,9,-1,2237154,1,0,0
2238294,11,-1,2237154,1,10,0
2238433,12,-1,2237154,0,0,0
2337253,4,-1,2337246,0,0,0
2337454,5,-1,2337246,170148,170148,0
2337596,6,-1,2337246,1,0,0
2337727,7,-1,2337246,170104,170104,0
2337904,8,-1,2337246,0,0,0
2338020,9,-1,2337246,1,0,0
2338251,11,-1,2337246,1,11,0
2338368,12,-1,2337246,0,0,0
2437168,4,-1,2437161,0,0,0
2437397,5,-1,2437161,170068,170068,0
2437556,6,-1,2437161,0,0,0
2537108,4,-1,2537101,0,0,0
2537245,5,-1,2537101,170068,170068,0
2537322,6,-1,2537101,8,0,0
2537397,7,-1,2537101,170024,170024,0
2537475,8,-1,2537101,0,0,0
2537531,9,-1,2537101,1,0,0
2537591,11,-1,2537101,1,12,0
2537648,12,-1,2537101,0,0,0
2637158,4,-1,2637150,0,0,0
2637360,5,-1,2637150,169988,169988,0
2637493,6,-1,2637150,1,0,0
2637625,7,-1,2637150,169944,169944,0
2637773,8,-1,2637150,0,0,0
2637877,9,-1,2637150,1,0,0
2638041,11,-1,2637150,1,13,0
2638195,12,-1,2637150,0,0,0
2737128,4,-1,2737121,0,0,0
2737308,5,-1,2737121,169908,169908,0
2737386,6,-1,2737121,23,0,0
2737460,7,-1,2737121,169852,169852,0
2737538,8,-1,2737121,0,0,0
2737596,2,0,2737,0,0,0
2737642,9,-1,2737121,0,1,0
2737692,12,-1,2737121,0,0,0
2837102,4,-1,2837098,0,0,0
2837200,5,-1,2837098,169852,169824,0
2837265,6,-1,2837098,17,0,0
2837373,7,-1,2837098,169800,169800,0
2837448,8,-1,2837098,0,0,0
2837504,9,-1,2837098,1,0,0
2837560,11,-1,2837098,1,14,0
2837617,12,-1,2837098,0,0,0
2937124,4,-1,2937120,0,0,0
2937232,5,-1,2937120,169764,169764,0
2937390,6,-1,2937120,1,0,0
2937549,7,-1,2937120,169720,169720,0
2937697,8,-1,2937120,0,0,0
2937804,9,-1,2937120,1,0,0
2937925,11,-1,2937120,1,15,0
2938027,12,-1,2937120,0,0,0
3040408,4,-1,3040401,0,0,0
3040607,5,-1,3040401,169684,169684,0
3040770,6,-1,3040401,1,0,0
3040911,7,-1,3040401,169640,169640,0
3041055,8,-1,3040401,0,0,0
3041203,9,-1,3040401,1,0,0
3041319,11,-1,3040401,1,16,0
3041429,12,-1,3040401,0,0,0
3137237,4,-1,3137230,0,0,0
3137445,5,-1,3137230,169604,169604,0
3137590,6,-1,3137230,18,0,0
3137720,7,-1,3137230,169552,169552,0
3137861,8,-1,3137230,0,0,0
3137963,2,0,3137,0,0,0
3138124,9,-1,3137230,0,1,0
3138233,12,-1,3137230,0,0,0
3237240,4,-1,3237235,0,0,0
3237432,5,-1,3237235,169552,169528,0
3237565,6,-1,3237235,0,0,0
3337121,4,-1,3337115,0,0,0
3337261,5,-1,3337115,169552,169528,0
3337350,6,-1,3337115,3,0,0
3337429,7,-1,3337115,169508,169508,0
3337516,8,-1,3337115,0,0,0
3337574,9,-1,3337115,1,0,0
3337637,11,-1,3337115,1,17,0
3337699,12,-1,3337115,0,0,0
3437245,4,-1,3437237,0,0,0
3437439,5,-1,3437237,169472,169472,0
3437582,6,-1,3437237,36,0,0
3437721,7,-1,3437237,169404,169404,0
3437879,8,-1,3437237,0,0,0
3437995,9,-1,3437237,1,0,0
3438161,11,-1,3437237,1,18,0
3438287,12,-1,3437237,0,0,0
3537141,4,-1,3537133,0,0,0
3537371,5,-1,3537133,169368,169364,0
3537531,6,-1,3537133,5,0,0
3537689,7,-1,3537133,169324,169324,0
3537867,8,-1,3537133,0,0,0
3537996,2,0,3537,0,0,0
3538183,9,-1,3537133,0,1,0
3538302,12,-1,3537133,0,0,0
3640347,4,-1,3640342,0,0,0
3640518,5,-1,3640342,169324,169308,0
3640667,6,-1,3640342,20,0,0
3640819,7,-1,3640342,169272,169272,0
3640996,8,-1,3640342,0,0,0
3641166,9,-1,3640342,1,0,0
3641282,11,-1,3640342,1,19,0
3641385,12,-1,3640342,0,0,0
3738360,4,-1,3738353,0,0,0
3738556,5,-1,3738353,169236,169236,0
3738711,6,-1,3738353,3,0,0
3738867,7,-1,3738353,169192,169192,0
3739031,8,-1,3738353,0,0,0
3739145,2,0,3738,0,0,0
3739208,9,-1,3738353,0,1,0
3739264,12,-1,3738353,0,0,0
3837234,4,-1,3837228,0,0,0
3837428,5,-1,3837228,169192,169176,0
3837575,6,-1,3837228,2,0,0
3837725,7,-1,3837228,169148,169148,0
3837870,8,-1,3837228,0,0,0
3837985,9,-1,3837228,1,0,0
3838197,11,-1,3837228,1,20,0
3838305,12,-1,3837228,0,0,0
3937106,4,-1,3937101,0,0,0
3937219,5,-1,3937101,169112,169112,0
3937288,6,-1,3937101,0,0,0
4037137,4,-1,4037130,0,0,0
4037335,5,-1,4037130,169112,169112,0
4037488,6,-1,4037130,27,0,0
4037652,7,-1,4037130,169052,169052,0
4037834,8,-1,4037130,0,0,0
4037935,9,-1,4037130,1,0,0
4038066,11,-1,4037130,1,21,0
4038254,12,-1,4037130,0,0,0
4137163,4,-1,4137156,0,0,0
4137372,5,-1,4137156,169016,169016,0
4137524,6,-1,4137156,2,0,0
4137733,7,-1,4137156,168972,168972,0
4137915,8,-1,4137156,0,0,0
4138080,9,-1,4137156,1,0,0
4138293,11,-1,4137156,1,22,0
4138427,12,-1,4137156,0,0,0
4237114,4,-1,4237108,0,0,0
4237252,5,-1,4237108,168936,168936,0
4237326,6,-1,4237108,11,0,0
4237407,7,-1,4237108,168892,168892,0
4237485,8,-1,4237108,0,0,0
4237541,2,0,4237,0,0,0
4237588,9,-1,4237108,0,1,0
4237640,12,-1,4237108,0,0,0
4337105,4,-1,4337100,0,0,0
4337249,5,-1,4337100,168892,168876,0
4337332,6,-1,4337100,31,0,0
4337410,7,-1,4337100,168828,168828,0
4337486,8,-1,4337100,0,0,0
4337542,9,-1,4337100,1,0,0
4337601,11,-1,4337100,1,23,0
4337657,12,-1,4337100,0,0,0
4437171,4,-1,4437165,0,0,0
4437300,5,-1,4437165,168792,168792,0
4437371,6,-1,4437165,1,0,0
4437443,7,-1,4437165,168748,168748,0
4437535,8,-1,4437165,0,0,0
4437589,9,-1,4437165,1,0,0
4437647,11,-1,4437165,1,24,0
4437703,12,-1,4437165,0,0,0
4540337,4,-1,4540328,0,0,0
4540522,5,-1,4540328,168712,168712,0
4540652,6,-1,4540328,1,0,0
4540789,7,-1,4540328,168668,168668,0
4540922,8,-1,4540328,0,0,0
4541021,9,-1,4540328,1,0,0
4541146,11,-1,4540328,1,25,0
4541247,12,-1,4540328,0,0,0
4637147,4,-1,4637141,0,0,0
4637273,5,-1,4637141,168632,168632,0
4637352,6,-1,4637141,1,0,0
4637432,7,-1,4637141,168588,168588,0
4637514,8,-1,4637141,0,0,0
4637571,2,0,4637,0,0,0
4637620,9,-1,4637141,0,1,0
4637674,12,-1,4637141,0,0,0
4737138,4,-1,4737129,0,0,0
4737328,5,-1,4737129,168588,168572,0
4737466,6,-1,4737129,48,0,0
4737604,7,-1,4737129,168508,168508,0
4737805,8,-1,4737129,0,0,0
4737921,9,-1,4737129,1,0,0
4738031,11,-1,4737129,1,26,0
4738135,12,-1,4737129,0,0,0
4837165,4,-1,4837159,0,0,0
4837367,5,-1,4837159,168472,168456,0
4837516,6,-1,4837159,25,0,0
4837673,7,-1,4837159,168412,168412,0
4837835,8,-1,4837159,0,0,0
4837941,9,-1,4837159,1,0,0
4838069,11,-1,4837159,1,27,0
4838208,12,-1,4837159,0,0,0
4937307,4,-1,4937299,0,0,0
4937511,5,-1,4937299,168376,168376,0
4937663,6,-1,4937299,2,0,0
4937818,7,-1,4937299,168332,168332,0
4937968,8,-1,4937299,0,0,0
4938150,9,-1,4937299,1,0,0
4938277,11,-1,4937299,1,28,0
4938392,12,-1,4937299,0,0,0
5037148,4,-1,5037141,0,0,0
5037304,5,-1,5037141,168296,168296,0
5037389,6,-1,5037141,1,0,0
5037477,7,-1,5037141,168252,168252,0
5037563,8,-1,5037141,0,0,0
5037620,2,0,5037,0,0,0
5037668,9,-1,5037141,0,1,0
5037721,12,-1,5037141,0,0,0
5137151,4,-1,5137142,0,0,0
5137342,5,-1,5137142,168252,168236,0
5137474,6,-1,5137142,3,0,0
5137603,7,-1,5137142,168208,168208,0
5137738,8,-1,5137142,0,0,0
5137837,9,-1,5137142,1,0,0
5137947,11,-1,5137142,1,29,0
5138052,12,-1,5137142,0,0,0
5237141,4,-1,5237134,0,0,0
5237350,5,-1,5237134,168172,168172,0
5237474,6,-1,5237134,0,0,0
5337124,4,-1,5337118,0,0,0
5337266,5,-1,5337118,168172,168172,0
5337355,6,-1,5337118,19,0,0
5337435,7,-1,5337118,168120,168120,0
5337513,8,-1,5337118,0,0,0
5337577,9,-1,5337118,1,0,0
5337637,11,-1,5337118,1,30,0
5337700,12,-1,5337118,0,0,0
5437116,4,-1,5437112,0,0,0
5437231,5,-1,5437112,168084,168084,0
5437303,6,-1,5437112,2,0,0
5437376,7,-1,5437112,168040,168040,0
5437457,8,-1,5437112,0,0,0
5437519,2,0,5437,0,0,0
5437574,9,-1,5437112,0,1,0
5437631,12,-1,5437112,0,0,0
5537123,4,-1,5537116,0,0,0
5537317,5,-1,5537116,168040,168024,0
5537477,6,-1,5537116,1,0,0
5537628,7,-1,5537116,167996,167996,0
5537803,8,-1,5537116,0,0,0
5537943,9,-1,5537116,1,0,0
5538157,11,-1,5537116,1,31,0
5538284,12,-1,5537116,0,0,0
5637240,4,-1,5637234,0,0,0
5637454,5,-1,5637234,167960,167960,0
5637631,6,-1,5637234,0,0,0
5737203,4,-1,5737199,0,0,0
5737380,5,-1,5737199,167960,167960,0
5737513,6,-1,5737199,22,0,0
5737648,7,-1,5737199,167904,167904,0
5737805,8,-1,5737199,0,0,0
5737912,9,-1,5737199,1,0,0
5738027,11,-1,5737199,1,32,0
5738202,12,-1,5737199,0,0,0
5837129,4,-1,5837123,0,0,0
5837321,5,-1,5837123,167868,167868,0
5837468,6,-1,5837123,10,0,0
5837601,7,-1,5837123,167824,167824,0
5837742,8,-1,5837123,0,0,0
5837855,2,0,5837,0,0,0
5837959,9,-1,5837123,0,1,0
5838073,12,-1,5837123,0,0,0
5937149,4,-1,5937144,0,0,0
5937316,5,-1,5937144,167824,167808,0
5937458,6,-1,5937144,3,0,0
5937599,7,-1,5937144,167780,167780,0
5937735,8,-1,5937144,0,0,0
5937846,9,-1,5937144,1,0,0
5937980,11,-1,5937144,1,33,0
5938116,12,-1,5937144,0,0,0
6037100,4,-1,6037095,0,0,0
6037226,5,-1,6037095,167744,167744,0
6037303,6,-1,6037095,5,0,0
6037379,7,-1,6037095,167700,167700,0
6037461,8,-1,6037095,0,0,0
6037517,2,0,6037,0,0,0
6037566,9,-1,6037095,0,1,0
6037619,12,-1,6037095,0,0,0
6140329,4,-1,6140323,0,0,0
6140515,5,-1,6140323,167700,167684,0
6140674,6,-1,6140323,1,0,0
6140834,7,-1,6140323,167656,167656,0
6140992,8,-1,6140323,0,0,0
6141188,9,-1,6140323,1,0,0
6141326,11,-1,6140323,1,34,0
6141439,12,-1,6140323,0,0,0
6237157,4,-1,6237149,0,0,0
6237380,5,-1,6237149,167620,167620,0
6237510,6,-1,6237149,7,0,0
6237646,7,-1,6237149,167576,167576,0
6237791,8,-1,6237149,0,0,0
6237894,2,0,6237,0,0,0
6237986,9,-1,6237149,0,1,0
6238205,12,-1,6237149,0,0,0
6337124,4,-1,6337119,0,0,0
6337256,5,-1,6337119,167576,167560,0
6337332,6,-1,6337119,1,0,0
6337406,7,-1,6337119,167532,167532,0
6337493,8,-1,6337119,0,0,0
6337551,9,-1,6337119,1,0,0
6337619,11,-1,6337119,1,35,0
6337678,12,-1,6337119,0,0,0
6437112,4,-1,6437107,0,0,0
6437302,5,-1,6437107,167496,167496,0
6437384,6,-1,6437107,48,0,0
6437467,7,-1,6437107,167416,167416,0
6437546,8,-1,6437107,0,0,0
6437601,2,0,6437,0,0,0
6437649,9,-1,6437107,0,1,0
6437702,12,-1,6437107,0,0,0
6537122,4,-1,6537116,0,0,0
6537254,5,-1,6537116,167416,167364,0
6537324,6,-1,6537116,14,0,0
6537435,7,-1,6537116,167368,167364,0
6537508,8,-1,6537116,0,0,0
6537560,9,-1,6537116,1,0,0
6537619,11,-1,6537116,1,36,0
6537673,12,-1,6537116,0,0,0
6637102,4,-1,6637095,0,0,0
6637225,5,-1,6637095,167332,167332,0
6637295,6,-1,6637095,1,0,0
6637382,7,-1,6637095,167288,167288,0
6637455,8,-1,6637095,0,0,0
6637512,2,0,6637,0,0,0
6637557,9,-1,6637095,0,1,0
6637604,12,-1,6637095,0,0,0
6737162,4,-1,6737155,0,0,0
6737346,5,-1,6737155,167288,167272,0
6737480,6,-1,6737155,3,0,0
6737624,7,-1,6737155,167244,167244,0
6737772,8,-1,6737155,0,0,0
6737882,9,-1,6737155,1,0,0
6737993,11,-1,6737155,1,37,0
6738159,12,-1,6737155,0,0,0
6837364,4,-1,6837357,0,0,0
6837556,5,-1,6837357,167208,167208,0
6837702,6,-1,6837357,4,0,0
6837836,7,-1,6837357,167164,167164,0
6837985,8,-1,6837357,0,0,0
6838152,9,-1,6837357,1,0,0
6838263,11,-1,6837357,1,38,0
6838366,12,-1,6837357,0,0,0
6937130,4,-1,6937119,0,0,0
6937300,5,-1,6937119,167128,167128,0
6937371,6,-1,6937119,3,0,0
6937447,7,-1,6937119,167084,167084,0
6937526,8,-1,6937119,0,0,0
6937582,2,0,6937,0,0,0
6937631,9,-1,6937119,0,1,0
6937683,12,-1,6937119,0,0,0
7037125,4,-1,7037119,0,0,0
7037250,5,-1,7037119,167084,167068,0
7037351,6,-1,7037119,41,0,0
7037421,7,-1,7037119,167008,167008,0
7037489,8,-1,7037119,0,0,0
7037538,9,-1,7037119,1,0,0
7037592,11,-1,7037119,1,39,0
7037644,12,-1,7037119,0,0,0
7137116,4,-1,7137101,0,0,0
7137267,5,-1,7137101,166972,166960,0
7137343,6,-1,7137101,20,0,0
7137416,7,-1,7137101,166920,166920,0
7137497,8,-1,7137101,0,0,0
7137553,2,0,7137,0,0,0
7137602,9,-1,7137101,0,1,0
7137654,12,-1,7137101,0,0,0
7237289,4,-1,7237283,0,0,0
7237472,5,-1,7237283,166920,166896,0
7237608,6,-1,7237283,7,0,0
7237732,7,-1,7237283,166876,166876,0
7237869,8,-1,7237283,0,0,0
7237969,9,-1,7237283,1,0,0
7238127,11,-1,7237283,1,40,0
7238229,12,-1,7237283,0,0,0
7337110,4,-1,7337103,0,0,0
7337325,5,-1,7337103,166840,166840,0
7337500,6,-1,7337103,28,0,0
7337660,7,-1,7337103,166780,166780,0
7337834,8,-1,7337103,0,0,0
7337956,2,0,7337,0,0,0
7338115,9,-1,7337103,0,1,0
7338285,12,-1,7337103,0,0,0
7437299,4,-1,7437293,0,0,0
7437495,5,-1,7437293,166780,166748,0
7437636,6,-1,7437293,1,0,0
7437778,7,-1,7437293,166736,166736,0
7437920,8,-1,7437293,0,0,0
7438019,9,-1,7437293,1,0,0
7438202,11,-1,7437293,1,41,0
7438312,12,-1,7437293,0,0,0
7537241,4,-1,7537235,0,0,0
7537464,5,-1,7537235,166700,166700,0
7537598,6,-1,7537235,4,0,0
7537727,7,-1,7537235,166656,166656,0
7537864,8,-1,7537235,0,0,0
7537969,2,0,7537,0,0,0
7538127,9,-1,7537235,0,1,0
7538231,12,-1,7537235,0,0,0
7637231,4,-1,7637225,0,0,0
7637400,5,-1,7637225,166656,166640,0
7637540,6,-1,7637225,145,0,0
7637679,7,-1,7637225,166472,166472,0
7637831,8,-1,7637225,0,0,0
7637947,9,-1,7637225,1,0,0
7638112,11,-1,7637225,1,42,0
7638232,12,-1,7637225,0,0,0
7737127,4,-1,7737119,0,0,0
7737351,5,-1,7737119,166436,166316,0
7737499,6,-1,7737119,3,0,0
7737633,7,-1,7737119,166392,166316,0
7737783,8,-1,7737119,0,0,0
7737892,2,0,7737,0,0,0
7737988,9,-1,7737119,0,1,0
7738126,12,-1,7737119,0,0,0
7837199,4,-1,7837192,0,0,0
7837385,5,-1,7837192,166392,166316,0
7837524,6,-1,7837192,7,0,0
7837660,7,-1,7837192,166348,166316,0
7837804,8,-1,7837192,0,0,0
7837912,9,-1,7837192,1,0,0
7838033,11,-1,7837192,1,43,0
7838183,12,-1,7837192,0,0,0
7937233,4,-1,7937226,0,0,0
7937431,5,-1,7937226,166312,166312,0
7937572,6,-1,7937226,9,0,0
7937709,7,-1,7937226,166268,166268,0
7937853,8,-1,7937226,0,0,0
7937960,9,-1,7937226,1,0,0
7938143,11,-1,7937226,1,44,0
7938262,12,-1,7937226,0,0,0
8037132,4,-1,8037126,0,0,0
8037329,5,-1,8037126,166232,166232,0
8037472,6,-1,8037126,1,0,0
8037608,7,-1,8037126,166188,166188,0
8037752,8,-1,8037126,0,0,0
8037860,2,0,8037,0,0,0
8037983,9,-1,8037126,0,1,0
8038146,12,-1,8037126,0,0,0
8137156,4,-1,8137150,0,0,0
8137327,5,-1,8137150,166188,166172,0
8137469,6,-1,8137150,3,0,0
8137620,7,-1,8137150,166144,166144,0
8137794,8,-1,8137150,0,0,0
8137920,9,-1,8137150,1,0,0
8138072,11,-1,8137150,1,45,0
8138218,12,-1,8137150,0,0,0
8237123,4,-1,8237116,0,0,0
8237283,5,-1,8237116,166108,166108,0
8237368,6,-1,8237116,18,0,0
8237443,7,-1,8237116,166056,166056,0
8237518,8,-1,8237116,0,0,0
8237585,2,0,8237,0,0,0
8237630,9,-1,8237116,0,1,0
8237685,12,-1,8237116,0,0,0
8337125,4,-1,8337119,0,0,0
8337246,5,-1,8337119,166056,166032,0
8337333,6,-1,8337119,0,0,0
8438352,4,-1,8438331,0,0,0
8438495,5,-1,8438331,166056,166032,0
8438574,6,-1,8438331,0,0,0
8537114,4,-1,8537109,0,0,0
8537261,5,-1,8537109,166056,166032,0
8537338,6,-1,8537109,0,0,0
8637161,4,-1,8637154,0,0,0
8637368,5,-1,8637154,166056,166032,0
8637516,6,-1,8637154,27,0,0
8637675,7,-1,8637154,165996,165996,0
8637843,8,-1,8637154,0,0,0
8637967,9,-1,8637154,1,0,0
8638181,11,-1,8637154,1,46,0
8638309,12,-1,8637154,0,0,0
8737228,4,-1,8737222,0,0,0
8737425,5,-1,8737222,165960,165960,0
8737576,6,-1,8737222,7,0,0
8737724,7,-1,8737222,165916,165916,0
8737861,8,-1,8737222,0,0,0
8737967,9,-1,8737222,1,0,0
8738128,11,-1,8737222,1,47,0
8738239,12,-1,8737222,0,0,0
8837162,4,-1,8837157,0,0,0
8837359,5,-1,8837157,165880,165880,0
8837504,6,-1,8837157,3,0,0
8837650,7,-1,8837157,165836,165836,0
8837785,8,-1,8837157,0,0,0
8837886,2,0,8837,0,0,0
8837979,9,-1,8837157,0,1,0
8838114,12,-1,8837157,0,0,0
8937129,4,-1,8937121,0,0,0
8937336,5,-1,8937121,165836,165820,0
8937494,6,-1,8937121,1,0,0
8937641,7,-1,8937121,165792,165792,0
8937815,8,-1,8937121,0,0,0
8937946,9,-1,8937121,1,0,0
8938348,11,-1,8937121,1,48,0
8938492,12,-1,8937121,0,0,0
9037285,4,-1,9037270,0,0,0
9037464,5,-1,9037270,165756,165756,0
9037642,6,-1,9037270,3,0,0
9037786,7,-1,9037270,165712,165712,0
9037952,8,-1,9037270,0,0,0
9038122,9,-1,9037270,1,0,0
9038252,11,-1,9037270,1,49,0
9038409,12,-1,9037270,0,0,0
9137141,4,-1,9137135,0,0,0
9137265,5,-1,9137135,165676,165676,0
9137335,6,-1,9137135,73,0,0
9137414,7,-1,9137135,165568,165568,0
9137500,8,-1,9137135,0,0,0
9137561,2,0,9137,0,0,0
9137610,9,-1,9137135,0,1,0
9137668,12,-1,9137135,0,0,0
9237133,4,-1,9237125,0,0,0
9237289,5,-1,9237125,165568,165488,0
9237355,6,-1,9237125,13,0,0
9237441,7,-1,9237125,165520,165488,0
9237514,8,-1,9237125,0,0,0
9237573,9,-1,9237125,1,0,0
9237630,11,-1,9237125,1,50,0
9237687,12,-1,9237125,0,0,0
9337348,4,-1,9337334,0,0,0
9337469,5,-1,9337334,165484,165484,0
9337540,6,-1,9337334,1,0,0
9337613,7,-1,9337334,165440,165440,0
9337691,8,-1,9337334,0,0,0
9337745,9,-1,9337334,1,0,0
9337805,11,-1,9337334,1,51,0
9337863,12,-1,9337334,0,0,0
9437151,4,-1,9437145,0,0,0
9437360,5,-1,9437145,165404,165404,0
9437509,6,-1,9437145,2,0,0
9437643,7,-1,9437145,165360,165360,0
9437792,8,-1,9437145,0,0,0
9437901,2,0,9437,0,0,0
9438025,9,-1,9437145,0,1,0
9438135,12,-1,9437145,0,0,0
9537143,4,-1,9537128,0,0,0
9537312,5,-1,9537128,165360,165344,0
9537383,6,-1,9537128,4,0,0
9537465,7,-1,9537128,165316,165316,0
9537543,8,-1,9537128,0,0,0
9537605,9,-1,9537128,1,0,0
9537673,11,-1,9537128,1,52,0
9537729,12,-1,9537128,0,0,0
9637121,4,-1,9637116,0,0,0
9637345,5,-1,9637116,165280,165280,0
9637409,6,-1,9637116,1,0,0
9637480,7,-1,9637116,165236,165236,0
9637551,8,-1,9637116,0,0,0
9637617,2,0,9637,0,0,0
9637662,9,-1,9637116,0,1,0
9637716,12,-1,9637116,0,0,0
9737160,4,-1,9737155,0,0,0
9737289,5,-1,9737155,165236,165220,0
9737360,6,-1,9737155,63,0,0
9737441,7,-1,9737155,165140,165140,0
9737526,8,-1,9737155,0,0,0
9737589,9,-1,9737155,1,0,0
9737660,11,-1,9737155,1,53,0
9737724,12,-1,9737155,0,0,0
9837252,4,-1,9837244,0,0,0
9837447,5,-1,9837244,165104,165072,0
9837588,6,-1,9837244,1,0,0
9837721,7,-1,9837244,165060,165060,0
9837868,8,-1,9837244,0,0,0
9837971,9,-1,9837244,1,0,0
9838208,11,-1,9837244,1,54,0
9838326,12,-1,9837244,0,0,0
9937153,4,-1,9937148,0,0,0
9937330,5,-1,9937148,165024,165024,0
9937476,6,-1,9937148,4,0,0
9937612,7,-1,9937148,164980,164980,0
9937763,8,-1,9937148,0,0,0
9937879,2,0,9937,0,0,0
9937983,9,-1,9937148,0,1,0
9938145,12,-1,9937148,0,0,0
10037135,4,-1,10037128,0,0,0
10037285,5,-1,10037128,164980,164964,0
10037378,6,-1,10037128,36,0,0
10037467,7,-1,10037128,164912,164912,0
10037558,8,-1,10037128,0,0,0
10037625,9,-1,10037128,1,0,0
10037695,11,-1,10037128,1,55,0
10037761,12,-1,10037128,0,0,0
10139556,4,-1,10139550,0,0,0
10139744,5,-1,10139550,164876,164872,0
10139877,6,-1,10139550,26,0,0
10140024,7,-1,10139550,164816,164816,0
10140303,8,-1,10139550,0,0,0
10140423,9,-1,10139550,1,0,0
10140550,11,-1,10139550,1,56,0
10140682,12,-1,10139550,0,0,0
10237118,4,-1,10237110,0,0,0
10237365,5,-1,10237110,164780,164780,0
10237541,6,-1,10237110,17,0,0
10237705,7,-1,10237110,164728,164728,0
10237879,8,-1,10237110,0,0,0
10238018,2,0,10237,0,0,0
10238220,9,-1,10237110,0,1,0
10238352,12,-1,10237110,0,0,0
10337160,4,-1,10337154,0,0,0
10337376,5,-1,10337154,164728,164704,0
10337524,6,-1,10337154,1,0,0
10337674,7,-1,10337154,164684,164684,0
10337822,8,-1,10337154,0,0,0
10337927,9,-1,10337154,1,0,0
10338041,11,-1,10337154,1,57,0
10338173,12,-1,10337154,0,0,0
10437104,4,-1,10437098,0,0,0
10437238,5,-1,10437098,164648,164648,0
10437335,6,-1,10437098,0,0,0
10537160,4,-1,10537154,0,0,0
10537294,5,-1,10537154,164648,164648,0
10537367,6,-1,10537154,1,0,0
10537451,7,-1,10537154,164604,164604,0
10537535,8,-1,10537154,0,0,0
10537594,9,-1,10537154,1,0,0
10537657,11,-1,10537154,1,58,0
10537717,12,-1,10537154,0,0,0
10637119,4,-1,10637107,0,0,0
10637326,5,-1,10637107,164568,164568,0
10637497,6,-1,10637107,0,0,0
10737131,4,-1,10737123,0,0,0
10737338,5,-1,10737123,164568,164568,0
10737493,6,-1,10737123,46,0,0
10737662,7,-1,10737123,164488,164488,0
10737830,8,-1,10737123,0,0,0
10737945,9,-1,10737123,1,0,0
10738123,11,-1,10737123,1,59,0
10738239,12,-1,10737123,0,0,0
10837107,4,-1,10837101,0,0,0
10837249,5,-1,10837101,164452,164436,0
10837336,6,-1,10837101,5,0,0
10837413,7,-1,10837101,164408,164408,0
10837497,8,-1,10837101,0,0,0
10837555,2,0,10837,0,0,0
10837605,9,-1,10837101,0,1,0
10837660,12,-1,10837101,0,0,0
10937121,4,-1,10937115,0,0,0
10937243,5,-1,10937115,164408,164392,0
10937315,6,-1,10937115,7,0,0
10937399,7,-1,10937115,164364,164364,0
10937483,8,-1,10937115,0,0,0
10937539,9,-1,10937115,1,0,0
10937605,11,-1,10937115,1,60,0
10937665,12,-1,10937115,0,0,0
11037337,4,-1,11037331,0,0,0
11037462,5,-1,11037331,164328,164328,0
11037531,6,-1,11037331,11,0,0
11037607,7,-1,11037331,164284,164284,0
11037686,8,-1,11037331,0,0,0
11037747,9,-1,11037331,1,0,0
11037812,11,-1,11037331,1,61,0
11037870,12,-1,11037331,0,0,0
11137168,4,-1,11137162,0,0,0
11137312,5,-1,11137162,164248,164248,0
11137383,6,-1,11137162,2,0,0
11137459,7,-1,11137162,164204,164204,0
11137540,8,-1,11137162,0,0,0
11137598,2,0,11137,0,0,0
11137655,9,-1,11137162,0,1,0
11137711,12,-1,11137162,0,0,0
11237241,4,-1,11237234,0,0,0
11237439,5,-1,11237234,164204,164188,0
11237583,6,-1,11237234,1,0,0
11237716,7,-1,11237234,164160,164160,0
11237885,8,-1,11237234,0,0,0
11238010,9,-1,11237234,1,0,0
11238191,11,-1,11237234,1,62,0
11238268,12,-1,11237234,0,0,0
11337213,4,-1,11337207,0,0,0
11337413,5,-1,11337207,164124,164124,0
11337561,6,-1,11337207,1,0,0
11337695,7,-1,11337207,164080,164080,0
11337846,8,-1,11337207,0,0,0
11337954,2,0,11337,0,0,0
11338120,9,-1,11337207,0,1,0
11338240,12,-1,11337207,0,0,0
11437147,4,-1,11437138,0,0,0
11437346,5,-1,11437138,164080,164064,0
11437496,6,-1,11437138,2,0,0
11437645,7,-1,11437138,164036,164036,0
11437797,8,-1,11437138,0,0,0
11437902,9,-1,11437138,1,0,0
11438022,11,-1,11437138,1,63,0
11438135,12,-1,11437138,0,0,0
11537164,4,-1,11537158,0,0,0
11537363,5,-1,11537158,164000,164000,0
11537512,6,-1,11537158,0,0,0
11637240,4,-1,11637234,0,0,0
11637446,5,-1,11637234,164000,164000,0
11637584,6,-1,11637234,1,0,0
11637713,7,-1,11637234,163956,163956,0
11637850,8,-1,11637234,0,0,0
11637952,9,-1,11637234,1,0,0
11638110,11,-1,11637234,1,64,0
11638218,12,-1,11637234,0,0,0
11737147,4,-1,11737134,0,0,0
11737265,5,-1,11737134,163920,163920,0
11737339,6,-1,11737134,1,0,0
11737412,7,-1,11737134,163876,163876,0
11737494,8,-1,11737134,0,0,0
11737553,2,0,11737,0,0,0
11737623,9,-1,11737134,0,1,0
11737681,12,-1,11737134,0,0,0
11837290,4,-1,11837282,0,0,0
11837487,5,-1,11837282,163876,163860,0
11837641,6,-1,11837282,36,0,0
11837794,7,-1,11837282,163808,163808,0
11837970,8,-1,11837282,0,0,0
11838167,9,-1,11837282,1,0,0
11838295,11,-1,11837282,1,65,0
11838412,12,-1,11837282,0,0,0
11937184,4,-1,11937178,0,0,0
11937327,5,-1,11937178,163772,163768,0
11937396,6,-1,11937178,4,0,0
11937469,7,-1,11937178,163728,163728,0
11937549,8,-1,11937178,0,0,0
11937603,2,0,11937,0,0,0
11937653,9,-1,11937178,0,1,0
11937708,12,-1,11937178,0,0,0
12037130,4,-1,12037123,0,0,0
12037256,5,-1,12037123,163728,163712,0
12037331,6,-1,12037123,1,0,0
12037405,7,-1,12037123,163684,163684,0
12037488,8,-1,12037123,0,0,0
12037545,9,-1,12037123,1,0,0
12037611,11,-1,12037123,1,66,0
12037672,12,-1,12037123,0,0,0
12137153,4,-1,12137148,0,0,0
12137268,5,-1,12137148,163648,163648,0
12137348,6,-1,12137148,1,0,0
12137426,7,-1,12137148,163604,163604,0
12137526,8,-1,12137148,0,0,0
12137584,9,-1,12137148,1,0,0
12137648,11,-1,12137148,1,67,0
12137711,12,-1,12137148,0,0,0
12237151,4,-1,12237144,0,0,0
12237278,5,-1,12237144,163568,163568,0
12237355,6,-1,12237144,0,0,0
12340416,4,-1,12340409,0,0,0
12340605,5,-1,12340409,163568,163568,0
12340766,6,-1,12340409,0,0,0
12437131,4,-1,12437122,0,0,0
12437294,5,-1,12437122,163568,163568,0
12437403,6,-1,12437122,0,0,0
12537170,4,-1,12537163,0,0,0
12537300,5,-1,12537163,163568,163568,0
12537372,6,-1,12537163,0,0,0
12637103,4,-1,12637089,0,0,0
12637226,5,-1,12637089,163568,163568,0
12637301,6,-1,12637089,4,0,0
12637376,7,-1,12637089,163524,163524,0
12637460,8,-1,12637089,0,0,0
12637520,9,-1,12637089,1,0,0
12637586,11,-1,12637089,1,68,0
12637646,12,-1,12637089,0,0,0
12737149,4,-1,12737144,0,0,0
12737299,5,-1,12737144,163488,163488,0
12737368,6,-1,12737144,4,0,0
12737438,7,-1,12737144,163444,163444,0
12737523,8,-1,12737144,0,0,0
12737576,9,-1,12737144,1,0,0
12737638,11,-1,12737144,1,69,0
12737695,12,-1,12737144,0,0,0
12837130,4,-1,12837125,0,0,0
12837256,5,-1,12837125,163408,163408,0
12837357,6,-1,12837125,17,0,0
12837437,7,-1,12837125,163356,163356,0
12837522,8,-1,12837125,0,0,0
12837584,2,0,12837,0,0,0
12837638,9,-1,12837125,0,1,0
12837699,12,-1,12837125,0,0,0
12937124,4,-1,12937118,0,0,0
12937240,5,-1,12937118,163356,163332,0
12937334,6,-1,12937118,1,0,0
12937416,7,-1,12937118,163312,163312,0
12937504,8,-1,12937118,0,0,0
12937569,9,-1,12937118,1,0,0
12937641,11,-1,12937118,1,70,0
12937710,12,-1,12937118,0,0,0
13037118,4,-1,13037114,0,0,0
13037260,5,-1,13037114,163276,163276,0
13037415,6,-1,13037114,20,0,0
13037484,7,-1,13037114,163224,163224,0
13037554,8,-1,13037114,0,0,0
13037604,2,0,13037,0,0,0
13037648,9,-1,13037114,0,1,0
13037695,12,-1,13037114,0,0,0
13137157,4,-1,13137148,0,0,0
13137365,5,-1,13137148,163224,163200,0
13137506,6,-1,13137148,1,0,0
13137646,7,-1,13137148,163180,163180,0
13137797,8,-1,13137148,0,0,0
13137915,9,-1,13137148,1,0,0
13138037,11,-1,13137148,1,71,0
13138183,12,-1,13137148,0,0,0
13239349,4,-1,13239343,0,0,0
13239538,5,-1,13239343,163144,163144,0
13239679,6,-1,13239343,31,0,0
13239821,7,-1,13239343,163080,163080,0
13239973,8,-1,13239343,0,0,0
13240133,9,-1,13239343,1,0,0
13240257,11,-1,13239343,1,72,0
13240379,12,-1,13239343,0,0,0
13337165,4,-1,13337157,0,0,0
13337413,5,-1,13337157,163044,163044,0
13337567,6,-1,13337157,0,0,0
13437231,4,-1,13437223,0,0,0
13437439,5,-1,13437223,163044,163044,0
13437574,6,-1,13437223,67,0,0
13437715,7,-1,13437223,162944,162944,0
13437897,8,-1,13437223,0,0,0
13438025,9,-1,13437223,1,0,0
13438253,11,-1,13437223,1,73,0
13438379,12,-1,13437223,0,0,0
13537136,4,-1,13537130,0,0,0
13537290,5,-1,13537130,162908,162872,0
13537373,6,-1,13537130,5,0,0
13537474,7,-1,13537130,162864,162864,0
13537563,8,-1,13537130,0,0,0
13537625,2,0,13537,0,0,0
13537679,9,-1,13537130,0,1,0
13537739,12,-1,13537130,0,0,0
13637136,4,-1,13637128,0,0,0
13637334,5,-1,13637128,162864,162848,0
13637485,6,-1,13637128,10,0,0
13637628,7,-1,13637128,162820,162820,0
13637772,8,-1,13637128,0,0,0
13637878,9,-1,13637128,1,0,0
13637995,11,-1,13637128,1,74,0
13638142,12,-1,13637128,0,0,0
13737120,4,-1,13737114,0,0,0
13737342,5,-1,13737114,162784,162784,0
13737485,6,-1,13737114,1,0,0
13737635,7,-1,13737114,162740,162740,0
13737785,8,-1,13737114,0,0,0
13737896,2,0,13737,0,0,0
13737994,9,-1,13737114,0,1,0
13738101,12,-1,13737114,0,0,0
13837134,4,-1,13837125,0,0,0
13837301,5,-1,13837125,162740,162724,0
13837380,6,-1,13837125,2,0,0
13837453,7,-1,13837125,162696,162696,0
13837536,8,-1,13837125,0,0,0
13837589,9,-1,13837125,1,0,0
13837650,11,-1,13837125,1,75,0
13837709,12,-1,13837125,0,0,0
13937129,4,-1,13937122,0,0,0
13937264,5,-1,13937122,162660,162660,0
13937336,6,-1,13937122,0,0,0
14038362,4,-1,14038354,0,0,0
14038575,5,-1,14038354,162660,162660,0
14038732,6,-1,14038354,3,0,0
14038886,7,-1,14038354,162616,162616,0
14039125,8,-1,14038354,0,0,0
14039267,9,-1,14038354,1,0,0
14039391,11,-1,14038354,1,76,0
14039472,12,-1,14038354,0,0,0
14138413,4,-1,14138407,0,0,0
14138608,5,-1,14138407,162580,162580,0
14138770,6,-1,14138407,6,0,0
14138910,7,-1,14138407,162536,162536,0
14139110,8,-1,14138407,0,0,0
14139203,9,-1,14138407,1,0,0
14139287,11,-1,14138407,1,77,0
14139343,12,-1,14138407,0,0,0
14237142,4,-1,14237135,0,0,0
14237332,5,-1,14237135,162500,162500,0
14237479,6,-1,14237135,0,0,0
14337135,4,-1,14337129,0,0,0
14337282,5,-1,14337129,162500,162500,0
14337382,6,-1,14337129,1,0,0
14337473,7,-1,14337129,162456,162456,0
14337573,8,-1,14337129,0,0,0
14337646,9,-1,14337129,1,0,0
14337710,11,-1,14337129,1,78,0
14337775,12,-1,14337129,0,0,0
14437155,4,-1,14437148,0,0,0
14437290,5,-1,14437148,162420,162420,0
14437368,6,-1,14437148,1,0,0
14437445,7,-1,14437148,162376,162376,0
14437527,8,-1,14437148,0,0,0
14437588,9,-1,14437148,1,0,0
14437655,11,-1,14437148,1,79,0
14437718,12,-1,14437148,0,0,0
14537130,4,-1,14537125,0,0,0
14537422,5,-1,14537125,162340,162340,0
14537582,6,-1,14537125,1,0,0
14537714,7,-1,14537125,162296,162296,0
14537861,8,-1,14537125,0,0,0
14537971,2,0,14537,0,0,0
14538118,9,-1,14537125,0,1,0
14538237,12,-1,14537125,0,0,0
14637226,4,-1,14637219,0,0,0
14637460,5,-1,14637219,162296,162280,0
14637615,6,-1,14637219,11,0,0
14637753,7,-1,14637219,162252,162252,0
14637884,8,-1,14637219,0,0,0
14637978,9,-1,14637219,1,0,0
14638167,11,-1,14637219,1,80,0
14638293,12,-1,14637219,0,0,0
14737108,4,-1,14737100,0,0,0
14737326,5,-1,14737100,162216,162216,0
14737395,6,-1,14737100,1,0,0
14737481,7,-1,14737100,162172,162172,0
14737556,8,-1,14737100,0,0,0
14737614,2,0,14737,0,0,0
14737661,9,-1,14737100,0,1,0
14737713,12,-1,14737100,0,0,0
14837105,4,-1,14837099,0,0,0
14837228,5,-1,14837099,162172,162156,0
14837299,6,-1,14837099,1,0,0
14837411,7,-1,14837099,162128,162128,0
14837492,8,-1,14837099,0,0,0
14837569,9,-1,14837099,1,0,0
14837633,11,-1,14837099,1,81,0
14837699,12,-1,14837099,0,0,0
14937235,4,-1,14937229,0,0,0
14937433,5,-1,14937229,162092,162092,0
14937589,6,-1,14937229,7,0,0
14937741,7,-1,14937229,162048,162048,0
14937889,8,-1,14937229,0,0,0
14937997,9,-1,14937229,1,0,0
14938231,11,-1,14937229,1,82,0
14938351,12,-1,14937229,0,0,0
15037120,4,-1,15037114,0,0,0
15037270,5,-1,15037114,162012,162012,0
15037342,6,-1,15037114,3,0,0
15037417,7,-1,15037114,161968,161968,0
15037503,8,-1,15037114,0,0,0
15037565,2,0,15037,0,0,0
15037613,9,-1,15037114,0,1,0
15037674,12,-1,15037114,0,0,0
15137150,4,-1,15137142,0,0,0
15137365,5,-1,15137142,161968,161952,0
15137527,6,-1,15137142,13,0,0
15137693,7,-1,15137142,161920,161920,0
15137871,8,-1,15137142,0,0,0
15137994,9,-1,15137142,1,0,0
15138118,11,-1,15137142,1,83,0
15138257,12,-1,15137142,0,0,0
15237161,4,-1,15237154,0,0,0
15237365,5,-1,15237154,161884,161884,0
15237500,6,-1,15237154,3,0,0
15237631,7,-1,15237154,161840,161840,0
15237776,8,-1,15237154,0,0,0
15237879,9,-1,15237154,1,0,0
15237992,11,-1,15237154,1,84,0
15238154,12,-1,15237154,0,0,0
15337137,4,-1,15337129,0,0,0
15337301,5,-1,15337129,161804,161804,0
15337364,6,-1,15337129,0,0,0
15437160,4,-1,15437153,0,0,0
15437344,5,-1,15437153,161804,161804,0
15437512,6,-1,15437153,8,0,0
15437689,7,-1,15437153,161760,161760,0
15437883,8,-1,15437153,0,0,0
15437985,9,-1,15437153,1,0,0
15438099,11,-1,15437153,1,85,0
15438205,12,-1,15437153,0,0,0
15538391,4,-1,15538384,0,0,0
15538592,5,-1,15538384,161724,161724,0
15538729,6,-1,15538384,1,0,0
15538870,7,-1,15538384,161680,161680,0
15539023,8,-1,15538384,0,0,0
15539239,9,-1,15538384,1,0,0
15539403,11,-1,15538384,1,86,0
15539525,12,-1,15538384,0,0,0
15637164,4,-1,15637157,0,0,0
15637382,5,-1,15637157,161644,161644,0
15637522,6,-1,15637157,1,0,0
15637663,7,-1,15637157,161600,161600,0
15637826,8,-1,15637157,0,0,0
15637937,2,0,15637,0,0,0
15638035,9,-1,15637157,0,1,0
15638185,12,-1,15637157,0,0,0
15737134,4,-1,15737125,0,0,0
15737301,5,-1,15737125,161600,161584,0
15737390,6,-1,15737125,20,0,0
15737476,7,-1,15737125,161548,161548,0
15737565,8,-1,15737125,0,0,0
15737627,9,-1,15737125,1,0,0
15737697,11,-1,15737125,1,87,0
15737760,12,-1,15737125,0,0,0
15837234,4,-1,15837228,0,0,0
15837443,5,-1,15837228,161512,161512,0
15837600,6,-1,15837228,35,0,0
15837752,7,-1,15837228,161444,161444,0
15837906,8,-1,15837228,0,0,0
15838017,9,-1,15837228,1,0,0
15838244,11,-1,15837228,1,88,0
15838371,12,-1,15837228,0,0,0
15937229,4,-1,15937224,0,0,0
15937427,5,-1,15937224,161408,161404,0
15937577,6,-1,15937224,0,0,0
16037225,4,-1,16037221,0,0,0
16037412,5,-1,16037221,161408,161404,0
16037568,6,-1,16037221,83,0,0
16037705,7,-1,16037221,161292,161292,0
16037851,8,-1,16037221,0,0,0
16037956,9,-1,16037221,1,0,0
16038138,11,-1,16037221,1,89,0
16038258,12,-1,16037221,0,0,0
16137236,4,-1,16137231,0,0,0
16137409,5,-1,16137231,161256,161204,0
16137552,6,-1,16137231,3,0,0
16137724,7,-1,16137231,161212,161204,0
16137875,8,-1,16137231,0,0,0
16137981,9,-1,16137231,1,0,0
16138139,11,-1,16137231,1,90,0
16138252,12,-1,16137231,0,0,0
16237153,4,-1,16237146,0,0,0
16237362,5,-1,16237146,161176,161176,0
16237470,6,-1,16237146,45,0,0
16237613,7,-1,16237146,161096,161096,0
16237776,8,-1,16237146,0,0,0
16237898,2,0,16237,0,0,0
16237993,9,-1,16237146,0,1,0
16238130,12,-1,16237146,0,0,0
16337260,4,-1,16337252,0,0,0
16337475,5,-1,16337252,161096,161044,0
16337621,6,-1,16337252,2,0,0
16337758,7,-1,16337252,161052,161044,0
16337902,8,-1,16337252,0,0,0
16338009,9,-1,16337252,1,0,0
16338209,11,-1,16337252,1,91,0
16338339,12,-1,16337252,0,0,0
16437127,4,-1,16437120,0,0,0
16437335,5,-1,16437120,161016,161016,0
16437418,6,-1,16437120,1,0,0
16437502,7,-1,16437120,160972,160972,0
16437620,8,-1,16437120,0,0,0
16437699,2,0,16437,0,0,0
16437753,9,-1,16437120,0,1,0
16437812,12,-1,16437120,0,0,0
16537101,4,-1,16537094,0,0,0
16537234,5,-1,16537094,160972,160956,0
16537311,6,-1,16537094,35,0,0
16537408,7,-1,16537094,160904,160904,0
16537481,8,-1,16537094,0,0,0
16537532,9,-1,16537094,1,0,0
16537587,11,-1,16537094,1,92,0
16537640,12,-1,16537094,0,0,0
16637124,4,-1,16637118,0,0,0
16637255,5,-1,16637118,160868,160864,0
16637358,6,-1,16637118,0,0,0
16737115,4,-1,16737110,0,0,0
16737239,5,-1,16737110,160868,160864,0
16737338,6,-1,16737110,3,0,0
16737417,7,-1,16737110,160824,160824,0
16737496,8,-1,16737110,0,0,0
16737554,9,-1,16737110,1,0,0
16737614,11,-1,16737110,1,93,0
16737669,12,-1,16737110,0,0,0
16837124,4,-1,16837117,0,0,0
16837297,5,-1,16837117,160788,160788,0
16837365,6,-1,16837117,1,0,0
16837468,7,-1,16837117,160744,160744,0
16837567,8,-1,16837117,0,0,0
16837625,9,-1,16837117,1,0,0
16837691,11,-1,16837117,1,94,0
16837753,12,-1,16837117,0,0,0
16937171,4,-1,16937165,0,0,0
16937376,5,-1,16937165,160708,160708,0
16937548,6,-1,16937165,11,0,0
16937691,7,-1,16937165,160664,160664,0
16937839,8,-1,16937165,0,0,0
16937949,9,-1,16937165,1,0,0
16938125,11,-1,16937165,1,95,0
16938248,12,-1,16937165,0,0,0
17037212,4,-1,17037205,0,0,0
17037453,5,-1,17037205,160628,160628,0
17037618,6,-1,17037205,10,0,0
17037771,7,-1,17037205,160584,160584,0
17037919,8,-1,17037205,0,0,0
17038023,9,-1,17037205,1,0,0
17038137,11,-1,17037205,1,96,0
17038263,12,-1,17037205,0,0,0
17137168,4,-1,17137161,0,0,0
17137393,5,-1,17137161,160548,160548,0
17137548,6,-1,17137161,1,0,0
17137710,7,-1,17137161,160504,160504,0
17137883,8,-1,17137161,0,0,0
17138014,2,0,17137,0,0,0
17138227,9,-1,17137161,0,1,0
17138381,12,-1,17137161,0,0,0
17237174,4,-1,17237166,0,0,0
17237369,5,-1,17237166,160504,160488,0
17237516,6,-1,17237166,12,0,0
17237670,7,-1,17237166,160460,160460,0
17237850,8,-1,17237166,0,0,0
17237969,9,-1,17237166,1,0,0
17238105,11,-1,17237166,1,97,0
17238234,12,-1,17237166,0,0,0
17337152,4,-1,17337145,0,0,0
17337349,5,-1,17337145,160424,160424,0
17337512,6,-1,17337145,5,0,0
17337702,7,-1,17337145,160380,160380,0
17337873,8,-1,17337145,0,0,0
17337993,2,0,17337,0,0,0
17338093,9,-1,17337145,0,1,0
17338201,12,-1,17337145,0,0,0
17437281,4,-1,17437265,0,0,0
17437497,5,-1,17437265,160380,160364,0
17437643,6,-1,17437265,10,0,0
17437780,7,-1,17437265,160336,160336,0
17437926,8,-1,17437265,0,0,0
17438032,9,-1,17437265,1,0,0
17438208,11,-1,17437265,1,98,0
17438336,12,-1,17437265,0,0,0
17537231,4,-1,17537225,0,0,0
17537428,5,-1,17537225,160300,160300,0
17537563,6,-1,17537225,0,0,0
17637117,4,-1,17637108,0,0,0
17637261,5,-1,17637108,160300,160300,0
17637336,6,-1,17637108,0,0,0
17737115,4,-1,17737110,0,0,0
17737236,5,-1,17737110,160300,160300,0
17737327,6,-1,17737110,0,0,0
17837156,4,-1,17837149,0,0,0
17837326,5,-1,17837149,160300,160300,0
17837404,6,-1,17837149,0,0,0
17937120,4,-1,17937114,0,0,0
17937250,5,-1,17937114,160300,160300,0
17937411,6,-1,17937114,19,0,0
17937575,7,-1,17937114,160248,160248,0
17937736,8,-1,17937114,0,0,0
17937848,9,-1,17937114,1,0,0
17937971,11,-1,17937114,1,99,0
17938121,12,-1,17937114,0,0,0
18037143,4,-1,18037136,0,0,0
18037381,5,-1,18037136,160212,160212,0
18037519,6,-1,18037136,115,0,0
18037662,7,-1,18037136,160064,160064,0
18037851,8,-1,18037136,0,0,0
18037969,9,-1,18037136,1,0,0
18038152,11,-1,18037136,1,100,0
18038279,12,-1,18037136,0,0,0
18137229,4,-1,18137222,0,0,0
18137415,5,-1,18137222,160028,159944,0
18137563,6,-1,18137222,1,0,0
18137694,7,-1,18137222,159984,159944,0
18137836,8,-1,18137222,0,0,0
18137941,9,-1,18137222,1,0,0
18138068,11,-1,18137222,1,101,0
18138235,12,-1,18137222,0,0,0
18237105,4,-1,18237100,0,0,0
18237260,5,-1,18237100,159948,159944,0
18237335,6,-1,18237100,0,0,0
18337147,4,-1,18337139,0,0,0
18337373,5,-1,18337139,159948,159944,0
18337529,6,-1,18337139,4,0,0
18337672,7,-1,18337139,159904,159904,0
18337820,8,-1,18337139,0,0,0
18337924,9,-1,18337139,1,0,0
18338039,11,-1,18337139,1,102,0
18338154,12,-1,18337139,0,0,0
18437156,4,-1,18437145,0,0,0
18437325,5,-1,18437145,159868,159868,0
18437406,6,-1,18437145,31,0,0
18437483,7,-1,18437145,159804,159804,0
18437563,8,-1,18437145,0,0,0
18437620,9,-1,18437145,1,0,0
18437686,11,-1,18437145,1,103,0
18437745,12,-1,18437145,0,0,0
18537235,4,-1,18537227,0,0,0
18537434,5,-1,18537227,159768,159768,0
18537588,6,-1,18537227,62,0,0
18537741,7,-1,18537227,159672,159672,0
18537898,8,-1,18537227,0,0,0
18538007,9,-1,18537227,1,0,0
18538227,11,-1,18537227,1,104,0
18538343,12,-1,18537227,0,0,0
18637204,4,-1,18637197,0,0,0
18637423,5,-1,18637197,159636,159604,0
18637571,6,-1,18637197,1,0,0
18637714,7,-1,18637197,159592,159592,0
18637860,8,-1,18637197,0,0,0
18637965,2,0,18637,0,0,0
18638169,9,-1,18637197,0,1,0
18638296,12,-1,18637197,0,0,0
18737235,4,-1,18737228,0,0,0
18737496,5,-1,18737228,159592,159576,0
18737644,6,-1,18737228,0,0,0
18837241,4,-1,18837235,0,0,0
18837432,5,-1,18837235,159592,159576,0
18837578,6,-1,18837235,35,0,0
18837722,7,-1,18837235,159524,159524,0
18837876,8,-1,18837235,0,0,0
18837978,9,-1,18837235,1,0,0
18838169,11,-1,18837235,1,105,0
18838315,12,-1,18837235,0,0,0
18937235,4,-1,18937229,0,0,0
18937446,5,-1,18937229,159488,159484,0
18937593,6,-1,18937229,37,0,0
18937734,7,-1,18937229,159416,159416,0
18937885,8,-1,18937229,0,0,0
18937992,2,0,18937,0,0,0
18938166,9,-1,18937229,0,1,0
18938285,12,-1,18937229,0,0,0
19037310,4,-1,19037304,0,0,0
19037507,5,-1,19037304,159416,159372,0
19037652,6,-1,19037304,49,0,0
19037794,7,-1,19037304,159332,159332,0
19037955,8,-1,19037304,0,0,0
19038136,9,-1,19037304,1,0,0
19038294,11,-1,19037304,1,106,0
19038422,12,-1,19037304,0,0,0
19137233,4,-1,19137228,0,0,0
19137413,5,-1,19137228,159296,159276,0
19137572,6,-1,19137228,1,0,0
19137706,7,-1,19137228,159252,159252,0
19137856,8,-1,19137228,0,0,0
19137970,2,0,19137,0,0,0
19138137,9,-1,19137228,0,1,0
19138256,12,-1,19137228,0,0,0
19237241,4,-1,19237233,0,0,0
19237450,5,-1,19237233,159252,159236,0
19237610,6,-1,19237233,1,0,0
19237777,7,-1,19237233,159208,159208,0
19237936,8,-1,19237233,0,0,0
19238039,9,-1,19237233,1,0,0
19238184,11,-1,19237233,1,107,0
19238318,12,-1,19237233,0,0,0
19337159,4,-1,19337153,0,0,0
19337371,5,-1,19337153,159172,159172,0
19337526,6,-1,19337153,1,0,0
19337678,7,-1,19337153,159128,159128,0
19337842,8,-1,19337153,0,0,0
19337947,2,0,19337,0,0,0
19338080,9,-1,19337153,0,1,0
19338235,12,-1,19337153,0,0,0
19437154,4,-1,19437148,0,0,0
19437284,5,-1,19437148,159128,159112,0
19437374,6,-1,19437148,2,0,0
19437460,7,-1,19437148,159084,159084,0
19437548,8,-1,19437148,0,0,0
19437610,9,-1,19437148,1,0,0
19437678,11,-1,19437148,1,108,0
19437743,12,-1,19437148,0,0,0
19537121,4,-1,19537116,0,0,0
19537260,5,-1,19537116,159048,159048,0
19537349,6,-1,19537116,6,0,0
19537446,7,-1,19537116,159004,159004,0
19537524,8,-1,19537116,0,0,0
19537592,2,0,19537,0,0,0
19537643,9,-1,19537116,0,1,0
19537713,12,-1,19537116,0,0,0
19637108,4,-1,19637101,0,0,0
19637316,5,-1,19637101,159004,158988,0
19637381,6,-1,19637101,20,0,0
19637450,7,-1,19637101,158952,158952,0
19637526,8,-1,19637101,0,0,0
19637576,9,-1,19637101,1,0,0
19637630,11,-1,19637101,1,109,0
19637682,12,-1,19637101,0,0,0
19737132,4,-1,19737127,0,0,0
19737246,5,-1,19737127,158916,158916,0
19737329,6,-1,19737127,16,0,0
19737405,7,-1,19737127,158868,158868,0
19737482,8,-1,19737127,0,0,0
19737535,9,-1,19737127,1,0,0
19737591,11,-1,19737127,1,110,0
19737656,12,-1,19737127,0,0,0
19837124,4,-1,19837119,0,0,0
19837243,5,-1,19837119,158832,158832,0
19837334,6,-1,19837119,4,0,0
19837412,7,-1,19837119,158788,158788,0
19837501,8,-1,19837119,0,0,0
19837555,2,0,19837,0,0,0
19837603,9,-1,19837119,0,1,0
19837653,12,-1,19837119,0,0,0
19937118,4,-1,19937113,0,0,0
19937241,5,-1,19937113,158788,158772,0
19937312,6,-1,19937113,3,0,0
19937404,7,-1,19937113,158744,158744,0
19937480,8,-1,19937113,0,0,0
19937540,9,-1,19937113,1,0,0
19937606,11,-1,19937113,1,111,0
19937666,12,-1,19937113,0,0,0
20037107,4,-1,20037100,0,0,0
20037313,5,-1,20037100,158708,158708,0
20037378,6,-1,20037100,3,0,0
20037452,7,-1,20037100,158664,158664,0
20037527,8,-1,20037100,0,0,0
20037585,2,0,20037,0,0,0
20037631,9,-1,20037100,0,1,0
20037684,12,-1,20037100,0,0,0
20137116,4,-1,20137111,0,0,0
20137247,5,-1,20137111,158664,158648,0
20137329,6,-1,20137111,26,0,0
20137401,7,-1,20137111,158604,158604,0
20137487,8,-1,20137111,0,0,0
20137541,9,-1,20137111,1,0,0
20137605,11,-1,20137111,1,112,0
20137663,12,-1,20137111,0,0,0
20237123,4,-1,20237118,0,0,0
20237385,5,-1,20237118,158568,158568,0
20237585,6,-1,20237118,2,0,0
20237745,7,-1,20237118,158524,158524,0
20237907,8,-1,20237118,0,0,0
20238025,9,-1,20237118,1,0,0
20238232,11,-1,20237118,1,113,0
20238379,12,-1,20237118,0,0,0
20337140,4,-1,20337133,0,0,0
20337277,5,-1,20337133,158488,158488,0
20337341,6,-1,20337133,21,0,0
20337463,7,-1,20337133,158432,158432,0
20337538,8,-1,20337133,0,0,0
20337586,9,-1,20337133,1,0,0
20337643,11,-1,20337133,1,114,0
20337693,12,-1,20337133,0,0,0
20437301,4,-1,20437295,0,0,0
20437513,5,-1,20437295,158396,158396,0
20437654,6,-1,20437295,1,0,0
20437799,7,-1,20437295,158352,158352,0
20437948,8,-1,20437295,0,0,0
20438050,9,-1,20437295,1,0,0
20438205,11,-1,20437295,1,115,0
20438325,12,-1,20437295,0,0,0
20537135,4,-1,20537128,0,0,0
20537423,5,-1,20537128,158316,158316,0
20537584,6,-1,20537128,48,0,0
20537746,7,-1,20537128,158236,158236,0
20537919,8,-1,20537128,0,0,0
20538054,2,0,20537,0,0,0
20538167,9,-1,20537128,0,1,0
20538308,12,-1,20537128,0,0,0
20637250,4,-1,20637242,0,0,0
20637473,5,-1,20637242,158236,158184,0
20637606,6,-1,20637242,9,0,0
20637742,7,-1,20637242,158192,158184,0
20637884,8,-1,20637242,0,0,0
20637986,9,-1,20637242,1,0,0
20638173,11,-1,20637242,1,116,0
20638288,12,-1,20637242,0,0,0
20737227,4,-1,20737223,0,0,0
20737441,5,-1,20737223,158156,158156,0
20737596,6,-1,20737223,1,0,0
20737738,7,-1,20737223,158112,158112,0
20737910,8,-1,20737223,0,0,0
20738029,2,0,20737,0,0,0
20738202,9,-1,20737223,0,1,0
20738321,12,-1,20737223,0,0,0
20837232,4,-1,20837226,0,0,0
20837436,5,-1,20837226,158112,158096,0
20837588,6,-1,20837226,1,0,0
20837727,7,-1,20837226,158068,158068,0
20837866,8,-1,20837226,0,0,0
20837982,9,-1,20837226,1,0,0
20838150,11,-1,20837226,1,117,0
20838277,12,-1,20837226,0,0,0
20937228,4,-1,20937223,0,0,0
20937411,5,-1,20937223,158032,158032,0
20937584,6,-1,20937223,2,0,0
20937726,7,-1,20937223,157988,157988,0
20937892,8,-1,20937223,0,0,0
20937995,2,0,20937,0,0,0
20938130,9,-1,20937223,0,1,0
20938234,12,-1,20937223,0,0,0
21037237,4,-1,21037230,0,0,0
21037434,5,-1,21037230,157988,157972,0
21037590,6,-1,21037230,1,0,0
21037742,7,-1,21037230,157944,157944,0
21037894,8,-1,21037230,0,0,0
21038002,9,-1,21037230,1,0,0
21038219,11,-1,21037230,1,118,0
21038356,12,-1,21037230,0,0,0
21137268,4,-1,21137263,0,0,0
21137484,5,-1,21137263,157908,157908,0
21137637,6,-1,21137263,38,0,0
21137773,7,-1,21137263,157836,157836,0
21137918,8,-1,21137263,0,0,0
21138028,9,-1,21137263,1,0,0
21138218,11,-1,21137263,1,119,0
21138349,12,-1,21137263,0,0,0
21237248,4,-1,21237242,0,0,0
21237432,5,-1,21237242,157800,157792,0
21237589,6,-1,21237242,1,0,0
21237760,7,-1,21237242,157756,157756,0
21237915,8,-1,21237242,0,0,0
21238022,2,0,21237,0,0,0
21238188,9,-1,21237242,0,1,0
21238305,12,-1,21237242,0,0,0
21337226,4,-1,21337220,0,0,0
21337406,5,-1,21337220,157756,157740,0
21337572,6,-1,21337220,1,0,0
21337728,7,-1,21337220,157712,157712,0
21337874,8,-1,21337220,0,0,0
21337984,9,-1,21337220,1,0,0
21338171,11,-1,21337220,1,120,0
21338293,12,-1,21337220,0,0,0
21437231,4,-1,21437227,0,0,0
21437416,5,-1,21437227,157676,157676,0
21437566,6,-1,21437227,10,0,0
21437716,7,-1,21437227,157632,157632,0
21437874,8,-1,21437227,0,0,0
21437990,9,-1,21437227,1,0,0
21438240,11,-1,21437227,1,121,0
21438387,12,-1,21437227,0,0,0
21537283,4,-1,21537270,0,0,0
21537483,5,-1,21537270,157596,157596,0
21537628,6,-1,21537270,2,0,0
21537764,7,-1,21537270,157552,157552,0
21537904,8,-1,21537270,0,0,0
21538010,9,-1,21537270,1,0,0
21538247,11,-1,21537270,1,122,0
21538375,12,-1,21537270,0,0,0
21637135,4,-1,21637128,0,0,0
21637308,5,-1,21637128,157516,157516,0
21637381,6,-1,21637128,1,0,0
21637459,7,-1,21637128,157472,157472,0
21637535,8,-1,21637128,0,0,0
21637598,2,0,21637,0,0,0
21637649,9,-1,21637128,0,1,0
21637704,12,-1,21637128,0,0,0
21737117,4,-1,21737113,0,0,0
21737291,5,-1,21737113,157472,157456,0
21737363,6,-1,21737113,13,0,0
21737444,7,-1,21737113,157424,157424,0
21737521,8,-1,21737113,0,0,0
21737576,9,-1,21737113,1,0,0
21737638,11,-1,21737113,1,123,0
21737696,12,-1,21737113,0,0,0
21837157,4,-1,21837151,0,0,0
21837362,5,-1,21837151,157388,157388,0
21837509,6,-1,21837151,17,0,0
21837675,7,-1,21837151,157336,157336,0
21837830,8,-1,21837151,0,0,0
21837942,9,-1,21837151,1,0,0
21838115,11,-1,21837151,1,124,0
21838235,12,-1,21837151,0,0,0
21939367,4,-1,21939359,0,0,0
21939597,5,-1,21939359,157300,157300,0
21939732,6,-1,21939359,19,0,0
21939876,7,-1,21939359,157248,157248,0
21940026,8,-1,21939359,0,0,0
21940196,9,-1,21939359,1,0,0
21940322,11,-1,21939359,1,125,0
21940466,12,-1,21939359,0,0,0
22037102,4,-1,22037096,0,0,0
22037313,5,-1,22037096,157212,157212,0
22037430,6,-1,22037096,2,0,0
22037503,7,-1,22037096,157168,157168,0
22037582,8,-1,22037096,0,0,0
22037636,2,0,22037,0,0,0
22037685,9,-1,22037096,0,1,0
22037734,12,-1,22037096,0,0,0
22137135,4,-1,22137129,0,0,0
22137262,5,-1,22137129,157168,157152,0
22137333,6,-1,22137129,15,0,0
22137420,7,-1,22137129,157120,157120,0
22137494,8,-1,22137129,0,0,0
22137555,9,-1,22137129,1,0,0
22137623,11,-1,22137129,1,126,0
22137682,12,-1,22137129,0,0,0
22237127,4,-1,22237122,0,0,0
22237265,5,-1,22237122,157084,157084,0
22237382,6,-1,22237122,0,0,0
22337103,4,-1,22337095,0,0,0
22337247,5,-1,22337095,157084,157084,0
22337315,6,-1,22337095,2,0,0
22337397,7,-1,22337095,157040,157040,0
22337477,8,-1,22337095,0,0,0
22337530,9,-1,22337095,1,0,0
22337596,11,-1,22337095,1,127,0
22337652,12,-1,22337095,0,0,0
22437155,4,-1,22437150,0,0,0
22437286,5,-1,22437150,157004,157004,0
22437364,6,-1,22437150,7,0,0
22437439,7,-1,22437150,156960,156960,0
22437540,8,-1,22437150,0,0,0
22437610,9,-1,22437150,1,0,0
22437680,11,-1,22437150,1,128,0
22437743,12,-1,22437150,0,0,0
22537154,4,-1,22537147,0,0,0
22537351,5,-1,22537147,156924,156924,0
22537525,6,-1,22537147,3,0,0
22537663,7,-1,22537147,156880,156880,0
22537828,8,-1,22537147,0,0,0
22537967,2,0,22537,0,0,0
22538072,9,-1,22537147,0,1,0
22538199,12,-1,22537147,0,0,0
22637125,4,-1,22637118,0,0,0
22637305,5,-1,22637118,156880,156864,0
22637391,6,-1,22637118,0,0,0
22737142,4,-1,22737137,0,0,0
22737266,5,-1,22737137,156880,156864,0
22737348,6,-1,22737137,4,0,0
22737425,7,-1,22737137,156836,156836,0
22737516,8,-1,22737137,0,0,0
22737572,9,-1,22737137,1,0,0
22737639,11,-1,22737137,1,129,0
22737713,12,-1,22737137,0,0,0
22837113,4,-1,22837108,0,0,0
22837243,5,-1,22837108,156800,156800,0
22837353,6,-1,22837108,1,0,0
22837431,7,-1,22837108,156756,156756,0
22837517,8,-1,22837108,0,0,0
22837567,2,0,22837,0,0,0
22837614,9,-1,22837108,0,1,0
22837667,12,-1,22837108,0,0,0
22937218,4,-1,22937212,0,0,0
22937354,5,-1,22937212,156756,156740,0
22937434,6,-1,22937212,1,0,0
22937509,7,-1,22937212,156712,156712,0
22937589,8,-1,22937212,0,0,0
22937649,9,-1,22937212,1,0,0
22937711,11,-1,22937212,1,130,0
22937775,12,-1,22937212,0,0,0
23037111,4,-1,23037105,0,0,0
23037237,5,-1,23037105,156676,156676,0
23037335,6,-1,23037105,3,0,0
23037410,7,-1,23037105,156632,156632,0
23037495,8,-1,23037105,0,0,0
23037545,2,0,23037,0,0,0
23037595,9,-1,23037105,0,1,0
23037645,12,-1,23037105,0,0,0
23137229,4,-1,23137223,0,0,0
23137428,5,-1,23137223,156632,156616,0
23137554,6,-1,23137223,8,0,0
23137685,7,-1,23137223,156588,156588,0
23137827,8,-1,23137223,0,0,0
23137932,9,-1,23137223,1,0,0
23138042,11,-1,23137223,1,131,0
23138216,12,-1,23137223,0,0,0
23237182,4,-1,23237176,0,0,0
23237357,5,-1,23237176,156552,156552,0
23237493,6,-1,23237176,16,0,0
23237624,7,-1,23237176,156504,156504,0
23237765,8,-1,23237176,0,0,0
23237869,2,0,23237,0,0,0
23237962,9,-1,23237176,0,1,0
23238103,12,-1,23237176,0,0,0
23337175,4,-1,23337167,0,0,0
23337366,5,-1,23337167,156504,156484,0
23337503,6,-1,23337167,29,0,0
23337637,7,-1,23337167,156440,156440,0
23337781,8,-1,23337167,0,0,0
23337887,9,-1,23337167,1,0,0
23338001,11,-1,23337167,1,132,0
23338160,12,-1,23337167,0,0,0
23437287,4,-1,23437280,0,0,0
23437476,5,-1,23437280,156404,156404,0
23437613,6,-1,23437280,8,0,0
23437743,7,-1,23437280,156360,156360,0
23437885,8,-1,23437280,0,0,0
23437989,9,-1,23437280,1,0,0
23438142,11,-1,23437280,1,133,0
23438254,12,-1,23437280,0,0,0
23537286,4,-1,23537280,0,0,0
23537481,5,-1,23537280,156324,156324,0
23537616,6,-1,23537280,6,0,0
23537759,7,-1,23537280,156280,156280,0
23537917,8,-1,23537280,0,0,0
23538027,9,-1,23537280,1,0,0
23538249,11,-1,23537280,1,134,0
23538376,12,-1,23537280,0,0,0
23637238,4,-1,23637232,0,0,0
23637431,5,-1,23637232,156244,156244,0
23637560,6,-1,23637232,1,0,0
23637690,7,-1,23637232,156200,156200,0
23637829,8,-1,23637232,0,0,0
23637930,2,0,23637,0,0,0
23638022,9,-1,23637232,0,1,0
23638195,12,-1,23637232,0,0,0
23737245,4,-1,23737240,0,0,0
23737427,5,-1,23737240,156200,156184,0
23737564,6,-1,23737240,10,0,0
23737702,7,-1,23737240,156156,156156,0
23737859,8,-1,23737240,0,0,0
23737960,9,-1,23737240,1,0,0
23738123,11,-1,23737240,1,135,0
23738238,12,-1,23737240,0,0,0
23837232,4,-1,23837226,0,0,0
23837448,5,-1,23837226,156120,156120,0
23837606,6,-1,23837226,4,0,0
23837748,7,-1,23837226,156076,156076,0
23837886,8,-1,23837226,0,0,0
23837988,2,0,23837,0,0,0
23838136,9,-1,23837226,0,1,0
23838240,12,-1,23837226,0,0,0
23937221,4,-1,23937214,0,0,0
23937429,5,-1,23937214,156076,156060,0
23937580,6,-1,23937214,2,0,0
23937734,7,-1,23937214,156032,156032,0
23937876,8,-1,23937214,0,0,0
23937978,9,-1,23937214,1,0,0
23938171,11,-1,23937214,1,136,0
23938269,12,-1,23937214,0,0,0
24037127,4,-1,24037120,0,0,0
24037282,5,-1,24037120,155996,155996,0
24037343,6,-1,24037120,3,0,0
24037416,7,-1,24037120,155952,155952,0
24037503,8,-1,24037120,0,0,0
24037554,2,0,24037,0,0,0
24037608,9,-1,24037120,0,1,0
24037659,12,-1,24037120,0,0,0
24137115,4,-1,24137110,0,0,0
24137237,5,-1,24137110,155952,155936,0
24137388,6,-1,24137110,0,0,0
24237123,4,-1,24237116,0,0,0
24237241,5,-1,24237116,155952,155936,0
24237399,6,-1,24237116,0,0,0
24337285,4,-1,24337278,0,0,0
24337476,5,-1,24337278,155952,155936,0
24337605,6,-1,24337278,83,0,0
24337738,7,-1,24337278,155836,155836,0
24337884,8,-1,24337278,0,0,0
24337988,9,-1,24337278,1,0,0
24338171,11,-1,24337278,1,137,0
24338295,12,-1,24337278,0,0,0
24437112,4,-1,24437106,0,0,0
24437347,5,-1,24437106,155800,155748,0
24437410,6,-1,24437106,4,0,0
24437493,7,-1,24437106,155756,155748,0
24437566,8,-1,24437106,0,0,0
24437622,2,0,24437,0,0,0
24437672,9,-1,24437106,0,1,0
24437727,12,-1,24437106,0,0,0
24539430,4,-1,24539422,0,0,0
24539632,5,-1,24539422,155756,155740,0
24539788,6,-1,24539422,0,0,0
24637145,4,-1,24637137,0,0,0
24637327,5,-1,24637137,155756,155740,0
24637491,6,-1,24637137,19,0,0
24637633,7,-1,24637137,155704,155704,0
24637789,8,-1,24637137,0,0,0
24637900,9,-1,24637137,1,0,0
24638011,11,-1,24637137,1,138,0
24638151,12,-1,24637137,0,0,0
24737152,4,-1,24737145,0,0,0
24737380,5,-1,24737145,155668,155668,0
24737556,6,-1,24737145,1,0,0
24737730,7,-1,24737145,155624,155624,0
24737905,8,-1,24737145,0,0,0
24738018,9,-1,24737145,1,0,0
24738177,11,-1,24737145,1,139,0
24738239,12,-1,24737145,0,0,0
24837130,4,-1,24837125,0,0,0
24837252,5,-1,24837125,155588,155588,0
24837331,6,-1,24837125,8,0,0
24837405,7,-1,24837125,155544,155544,0
24837493,8,-1,24837125,0,0,0
24837548,2,0,24837,0,0,0
24837601,9,-1,24837125,0,1,0
24837656,12,-1,24837125,0,0,0
24937141,4,-1,24937134,0,0,0
24937340,5,-1,24937134,155544,155528,0
24937485,6,-1,24937134,1,0,0
24937636,7,-1,24937134,155500,155500,0
24937783,8,-1,24937134,0,0,0
24937913,9,-1,24937134,1,0,0
24938031,11,-1,24937134,1,140,0
24938216,12,-1,24937134,0,0,0
25037234,4,-1,25037228,0,0,0
25037440,5,-1,25037228,155464,155464,0
25037591,6,-1,25037228,9,0,0
25037737,7,-1,25037228,155420,155420,0
25037903,8,-1,25037228,0,0,0
25038006,9,-1,25037228,1,0,0
25038244,11,-1,25037228,1,141,0
25038383,12,-1,25037228,0,0,0
25137234,4,-1,25137228,0,0,0
25137439,5,-1,25137228,155384,155384,0
25137587,6,-1,25137228,0,0,0
25237225,4,-1,25237221,0,0,0
25237402,5,-1,25237221,155384,155384,0
25237571,6,-1,25237221,1,0,0
25237723,7,-1,25237221,155340,155340,0
25237871,8,-1,25237221,0,0,0
25237976,9,-1,25237221,1,0,0
25238147,11,-1,25237221,1,142,0
25238278,12,-1,25237221,0,0,0
25337149,4,-1,25337144,0,0,0
25337307,5,-1,25337144,155304,155304,0
25337460,6,-1,25337144,18,0,0
25337616,7,-1,25337144,155252,155252,0
25337778,8,-1,25337144,0,0,0
25337891,2,0,25337,0,0,0
25337992,9,-1,25337144,0,1,0
25338191,12,-1,25337144,0,0,0
25437337,4,-1,25437331,0,0,0
25437522,5,-1,25437331,155252,155228,0
25437680,6,-1,25437331,0,0,0
25537161,4,-1,25537121,0,0,0
25537374,5,-1,25537121,155252,155228,0
25537520,6,-1,25537121,0,0,0
25637120,4,-1,25637111,0,0,0
25637267,5,-1,25637111,155252,155228,0
25637336,6,-1,25637111,3,0,0
25637410,7,-1,25637111,155208,155208,0
25637487,8,-1,25637111,0,0,0
25637548,9,-1,25637111,1,0,0
25637606,11,-1,25637111,1,143,0
25637671,12,-1,25637111,0,0,0
25739301,4,-1,25739297,0,0,0
25739405,5,-1,25739297,155172,155172,0
25739483,6,-1,25739297,1,0,0
25739561,7,-1,25739297,155128,155128,0
25739645,8,-1,25739297,0,0,0
25739705,9,-1,25739297,1,0,0
25739770,11,-1,25739297,1,144,0
25739835,12,-1,25739297,0,0,0
25837163,4,-1,25837156,0,0,0
25837360,5,-1,25837156,155092,155092,0
25837510,6,-1,25837156,1,0,0
25837649,7,-1,25837156,155048,155048,0
25837802,8,-1,25837156,0,0,0
25837970,2,0,25837,0,0,0
25838324,9,-1,25837156,0,1,0
25838424,12,-1,25837156,0,0,0
25937150,4,-1,25937147,0,0,0
25937236,5,-1,25937147,155048,155032,0
25937319,6,-1,25937147,3,0,0
25937401,7,-1,25937147,155004,155004,0
25937483,8,-1,25937147,0,0,0
25937542,9,-1,25937147,1,0,0
25937610,11,-1,25937147,1,145,0
25937675,12,-1,25937147,0,0,0
26037160,4,-1,26037153,0,0,0
26037279,5,-1,26037153,154968,154968,0
26037367,6,-1,26037153,85,0,0
26037453,7,-1,26037153,154848,154848,0
26037556,8,-1,26037153,0,0,0
26037617,9,-1,26037153,1,0,0
26037684,11,-1,26037153,1,146,0
26037750,12,-1,26037153,0,0,0
26137115,4,-1,26137111,0,0,0
26137219,5,-1,26137111,154812,154756,0
26137298,6,-1,26137111,0,0,0
26237118,4,-1,26237113,0,0,0
26237343,5,-1,26237113,154812,154756,0
26237505,6,-1,26237113,9,0,0
26237654,7,-1,26237113,154768,154756,0
26237813,8,-1,26237113,0,0,0
26237923,9,-1,26237113,1,0,0
26238042,11,-1,26237113,1,147,0
26238227,12,-1,26237113,0,0,0
26337231,4,-1,26337226,0,0,0
26337397,5,-1,26337226,154732,154732,0
26337553,6,-1,26337226,1,0,0
26337709,7,-1,26337226,154688,154688,0
26337863,8,-1,26337226,0,0,0
26337973,9,-1,26337226,1,0,0
26338147,11,-1,26337226,1,148,0
26338287,12,-1,26337226,0,0,0
26437259,4,-1,26437255,0,0,0
26437419,5,-1,26437255,154652,154652,0
26437567,6,-1,26437255,3,0,0
26437697,7,-1,26437255,154608,154608,0
26437840,8,-1,26437255,0,0,0
26437947,9,-1,26437255,1,0,0
26438118,11,-1,26437255,1,149,0
26438240,12,-1,26437255,0,0,0
26537111,4,-1,26537108,0,0,0
26537240,5,-1,26537108,154572,154572,0
26537309,6,-1,26537108,1,0,0
26537383,7,-1,26537108,154528,154528,0
26537456,8,-1,26537108,0,0,0
26537517,2,0,26537,0,0,0
26537567,9,-1,26537108,0,1,0
26537620,12,-1,26537108,0,0,0
26637096,4,-1,26637091,0,0,0
26637192,5,-1,26637091,154528,154512,0
26637327,6,-1,26637091,11,0,0
26637402,7,-1,26637091,154484,154484,0
26637481,8,-1,26637091,0,0,0
26637535,9,-1,26637091,1,0,0
26637590,11,-1,26637091,1,150,0
26637647,12,-1,26637091,0,0,0
26737107,4,-1,26737103,0,0,0
26737196,5,-1,26737103,154448,154448,0
26737317,6,-1,26737103,33,0,0
26737386,7,-1,26737103,154380,154380,0
26737467,8,-1,26737103,0,0,0
26737524,9,-1,26737103,1,0,0
26737586,11,-1,26737103,1,151,0
26737647,12,-1,26737103,0,0,0
26837134,4,-1,26837131,0,0,0
26837311,5,-1,26837131,154344,154340,0
26837376,6,-1,26837131,51,0,0
26837454,7,-1,26837131,154260,154260,0
26837528,8,-1,26837131,0,0,0
26837584,9,-1,26837131,1,0,0
26837646,11,-1,26837131,1,152,0
26837703,12,-1,26837131,0,0,0
26937092,4,-1,26937090,0,0,0
26937196,5,-1,26937090,154224,154204,0
26937270,6,-1,26937090,0,0,0
27037113,4,-1,27037110,0,0,0
27037230,5,-1,27037110,154224,154204,0
27037401,6,-1,27037110,35,0,0
27037570,7,-1,27037110,154156,154156,0
27037736,8,-1,27037110,0,0,0
27037852,9,-1,27037110,1,0,0
27037973,11,-1,27037110,1,153,0
27038120,12,-1,27037110,0,0,0
27137107,4,-1,27137104,0,0,0
27137230,5,-1,27137104,154120,154116,0
27137388,6,-1,27137104,52,0,0
27137530,7,-1,27137104,154036,154036,0
27137675,8,-1,27137104,0,0,0
27137783,2,0,27137,0,0,0
27137881,9,-1,27137104,0,1,0
27137987,12,-1,27137104,0,0,0
27237159,4,-1,27237155,0,0,0
27237274,5,-1,27237155,154036,153980,0
27237366,6,-1,27237155,3,0,0
27237456,7,-1,27237155,153992,153980,0
27237557,8,-1,27237155,0,0,0
27237619,9,-1,27237155,1,0,0
27237687,11,-1,27237155,1,154,0
27237752,12,-1,27237155,0,0,0
27337127,4,-1,27337123,0,0,0
27337225,5,-1,27337123,153956,153956,0
27337307,6,-1,27337123,6,0,0
27337387,7,-1,27337123,153912,153912,0
27337474,8,-1,27337123,0,0,0
27337536,2,0,27337,0,0,0
27337588,9,-1,27337123,0,1,0
27337649,12,-1,27337123,0,0,0
27437113,4,-1,27437109,0,0,0
27437239,5,-1,27437109,153912,153896,0
27437311,6,-1,27437109,48,0,0
27437388,7,-1,27437109,153832,153832,0
27437461,8,-1,27437109,0,0,0
27437527,9,-1,27437109,1,0,0
27437586,11,-1,27437109,1,155,0
27437651,12,-1,27437109,0,0,0
27537164,4,-1,27537160,0,0,0
27537303,5,-1,27537160,153796,153780,0
27537446,6,-1,27537160,1,0,0
27537598,7,-1,27537160,153752,153752,0
27537752,8,-1,27537160,0,0,0
27537864,9,-1,27537160,1,0,0
27537986,11,-1,27537160,1,156,0
27541425,12,-1,27537160,0,0,0
27637111,4,-1,27637108,0,0,0
27637237,5,-1,27637108,153716,153716,0
27637406,6,-1,27637108,1,0,0
27637543,7,-1,27637108,153672,153672,0
27637693,8,-1,27637108,0,0,0
27637804,2,0,27637,0,0,0
27637905,9,-1,27637108,0,1,0
27638014,12,-1,27637108,0,0,0
27737104,4,-1,27737102,0,0,0
27737179,5,-1,27737102,153672,153656,0
27737249,6,-1,27737102,41,0,0
27737327,7,-1,27737102,153596,153596,0
27737419,8,-1,27737102,0,0,0
27737473,9,-1,27737102,1,0,0
27737538,11,-1,27737102,1,157,0
27737594,12,-1,27737102,0,0,0
27837116,4,-1,27837109,0,0,0
27837243,5,-1,27837109,153560,153548,0
27837340,6,-1,27837109,8,0,0
27837411,7,-1,27837109,153516,153516,0
27837494,8,-1,27837109,0,0,0
27837544,9,-1,27837109,1,0,0
27837605,11,-1,27837109,1,158,0
27837657,12,-1,27837109,0,0,0
27937189,4,-1,27937184,0,0,0
27937371,5,-1,27937184,153480,153480,0
27937431,6,-1,27937184,1,0,0
27937520,7,-1,27937184,153436,153436,0
27937603,8,-1,27937184,0,0,0
27937673,9,-1,27937184,1,0,0
27937734,11,-1,27937184,1,159,0
27937797,12,-1,27937184,0,0,0
28037114,4,-1,28037110,0,0,0
28037229,5,-1,28037110,153400,153400,0
28037297,6,-1,28037110,6,0,0
28037496,7,-1,28037110,153356,153356,0
28037668,8,-1,28037110,0,0,0
28037777,2,0,28037,0,0,0
28037869,9,-1,28037110,0,1,0
28037970,12,-1,28037110,0,0,0
28137116,4,-1,28137111,0,0,0
28137236,5,-1,28137111,153356,153340,0
28137361,6,-1,28137111,1,0,0
28137431,7,-1,28137111,153312,153312,0
28137517,8,-1,28137111,0,0,0
28137574,9,-1,28137111,1,0,0
28137635,11,-1,28137111,1,160,0
28137695,12,-1,28137111,0,0,0
28237137,4,-1,28237132,0,0,0
28237305,5,-1,28237132,153276,153276,0
28237377,6,-1,28237132,1,0,0
28237448,7,-1,28237132,153232,153232,0
28237529,8,-1,28237132,0,0,0
28237587,9,-1,28237132,1,0,0
28237650,11,-1,28237132,1,161,0
28237724,12,-1,28237132,0,0,0
28337136,4,-1,28337131,0,0,0
28337266,5,-1,28337131,153196,153196,0
28337341,6,-1,28337131,1,0,0
28337425,7,-1,28337131,153152,153152,0
28337529,8,-1,28337131,0,0,0
28337587,2,0,28337,0,0,0
28337639,9,-1,28337131,0,1,0
28337693,12,-1,28337131,0,0,0
28437154,4,-1,28437148,0,0,0
28437284,5,-1,28437148,153152,153136,0
28437362,6,-1,28437148,1,0,0
28437437,7,-1,28437148,153108,153108,0
28437535,8,-1,28437148,0,0,0
28437611,9,-1,28437148,1,0,0
28437688,11,-1,28437148,1,162,0
28437751,12,-1,28437148,0,0,0
28537130,4,-1,28537126,0,0,0
28537234,5,-1,28537126,153072,153072,0
28537311,6,-1,28537126,4,0,0
28537551,7,-1,28537126,153028,153028,0
28537654,8,-1,28537126,0,0,0
28537710,2,0,28537,0,0,0
28537751,9,-1,28537126,0,1,0
28537798,12,-1,28537126,0,0,0
28637125,4,-1,28637116,0,0,0
28637364,5,-1,28637116,153028,153012,0
28637522,6,-1,28637116,9,0,0
28637681,7,-1,28637116,152984,152984,0
28637873,8,-1,28637116,0,0,0
28637944,9,-1,28637116,1,0,0
28638006,11,-1,28637116,1,163,0
28638070,12,-1,28637116,0,0,0
28737110,4,-1,28737099,0,0,0
28737251,5,-1,28737099,152948,152948,0
28737340,6,-1,28737099,8,0,0
28737429,7,-1,28737099,152904,152904,0
28737515,8,-1,28737099,0,0,0
28737572,2,0,28737,0,0,0
28737629,9,-1,28737099,0,1,0
28737691,12,-1,28737099,0,0,0
28837154,4,-1,28837147,0,0,0
28837291,5,-1,28837147,152904,152888,0
28837372,6,-1,28837147,23,0,0
28837454,7,-1,28837147,152848,152848,0
28837547,8,-1,28837147,0,0,0
28837610,9,-1,28837147,1,0,0
28837677,11,-1,28837147,1,164,0
28837745,12,-1,28837147,0,0,0
28937117,4,-1,28937114,0,0,0
28937246,5,-1,28937114,152812,152812,0
28937341,6,-1,28937114,0,0,0
29037109,4,-1,29037103,0,0,0
29037288,5,-1,29037103,152812,152812,0
29037429,6,-1,29037103,1,0,0
29037575,7,-1,29037103,152768,152768,0
29037730,8,-1,29037103,0,0,0
29037843,9,-1,29037103,1,0,0
29037965,11,-1,29037103,1,165,0
29038117,12,-1,29037103,0,0,0
29137141,4,-1,29137136,0,0,0
29137323,5,-1,29137136,152732,152732,0
29137455,6,-1,29137136,3,0,0
29137602,7,-1,29137136,152688,152688,0
29137752,8,-1,29137136,0,0,0
29137855,9,-1,29137136,1,0,0
29137967,11,-1,29137136,1,166,0
29138071,12,-1,29137136,0,0,0
29237149,4,-1,29237139,0,0,0
29237288,5,-1,29237139,152652,152652,0
29237369,6,-1,29237139,1,0,0
29237459,7,-1,29237139,152608,152608,0
29237556,8,-1,29237139,0,0,0
29237621,9,-1,29237139,1,0,0
29237685,11,-1,29237139,1,167,0
29237748,12,-1,29237139,0,0,0
29337175,4,-1,29337171,0,0,0
29337303,5,-1,29337171,152572,152572,0
29337378,6,-1,29337171,13,0,0
29337458,7,-1,29337171,152524,152524,0
29337542,8,-1,29337171,0,0,0
29337604,9,-1,29337171,1,0,0
29337670,11,-1,29337171,1,168,0
29337738,12,-1,29337171,0,0,0
29437123,4,-1,29437116,0,0,0
29437239,5,-1,29437116,152488,152488,0
29437321,6,-1,29437116,11,0,0
29437401,7,-1,29437116,152444,152444,0
29437481,8,-1,29437116,0,0,0
29437541,2,0,29437,0,0,0
29437589,9,-1,29437116,0,1,0
29437653,12,-1,29437116,0,0,0
29537145,4,-1,29537139,0,0,0
29537257,5,-1,29537139,152444,152428,0
29537328,6,-1,29537139,9,0,0
29537408,7,-1,29537139,152400,152400,0
29537489,8,-1,29537139,0,0,0
29537553,9,-1,29537139,1,0,0
29537618,11,-1,29537139,1,169,0
29537683,12,-1,29537139,0,0,0
29637123,4,-1,29637117,0,0,0
29637279,5,-1,29637117,152364,152364,0
29637405,6,-1,29637117,3,0,0
29637532,7,-1,29637117,152320,152320,0
29637668,8,-1,29637117,0,0,0
29637768,2,0,29637,0,0,0
29637859,9,-1,29637117,0,1,0
29637957,12,-1,29637117,0,0,0
29737112,4,-1,29737109,0,0,0
29737193,5,-1,29737109,152320,152304,0
29737264,6,-1,29737109,5,0,0
29737334,7,-1,29737109,152276,152276,0
29737409,8,-1,29737109,0,0,0
29737476,9,-1,29737109,1,0,0
29737536,11,-1,29737109,1,170,0
29737595,12,-1,29737109,0,0,0
29837130,4,-1,29837126,0,0,0
29837268,5,-1,29837126,152240,152240,0
29837412,6,-1,29837126,11,0,0
29837555,7,-1,29837126,152196,152196,0
29837709,8,-1,29837126,0,0,0
29837808,9,-1,29837126,1,0,0
29837921,11,-1,29837126,1,171,0
29838036,12,-1,29837126,0,0,0
29937161,4,-1,29937157,0,0,0
29937300,5,-1,29937157,152160,152160,0
29937422,6,-1,29937157,1,0,0
29937541,7,-1,29937157,152116,152116,0
29937673,8,-1,29937157,0,0,0
29937773,9,-1,29937157,1,0,0
29937885,11,-1,29937157,1,172,0
29937993,12,-1,29937157,0,0,0
30038325,4,-1,30038301,0,0,0
30038428,5,-1,30038301,152080,152080,0
30038499,6,-1,30038301,1,0,0
30038567,7,-1,30038301,152036,152036,0
30038650,8,-1,30038301,0,0,0
30038707,9,-1,30038301,1,0,0
30038767,11,-1,30038301,1,173,0
30038830,12,-1,30038301,0,0,0
30137156,4,-1,30137152,0,0,0
30137292,5,-1,30137152,152000,152000,0
30137419,6,-1,30137152,0,0,0
30237160,4,-1,30237156,0,0,0
30237308,5,-1,30237156,152000,152000,0
30237446,6,-1,30237156,3,0,0
30237580,7,-1,30237156,151956,151956,0
30237729,8,-1,30237156,0,0,0
30237829,9,-1,30237156,1,0,0
30237937,11,-1,30237156,1,174,0
30238039,12,-1,30237156,0,0,0
30337162,4,-1,30337157,0,0,0
30337300,5,-1,30337157,151920,151920,0
30337418,6,-1,30337157,0,0,0
30437164,4,-1,30437137,0,0,0
30437297,5,-1,30437137,151920,151920,0
30437420,6,-1,30437137,7,0,0
30437549,7,-1,30437137,151876,151876,0
30437693,8,-1,30437137,0,0,0
30437793,9,-1,30437137,1,0,0
30437911,11,-1,30437137,1,175,0
30438018,12,-1,30437137,0,0,0
30537165,4,-1,30537161,0,0,0
30537296,5,-1,30537161,151840,151840,0
30537418,6,-1,30537161,8,0,0
30537537,7,-1,30537161,151796,151796,0
30537670,8,-1,30537161,0,0,0
30537770,9,-1,30537161,1,0,0
30537878,11,-1,30537161,1,176,0
30537980,12,-1,30537161,0,0,0
30637155,4,-1,30637150,0,0,0
30637264,5,-1,30637150,151760,151760,0
30637354,6,-1,30637150,6,0,0
30637426,7,-1,30637150,151716,151716,0
30637510,8,-1,30637150,0,0,0
30637566,2,0,30637,0,0,0
30637614,9,-1,30637150,0,1,0
30637672,12,-1,30637150,0,0,0
30737155,4,-1,30737150,0,0,0
30737308,5,-1,30737150,151716,151700,0
30737438,6,-1,30737150,27,0,0
30737571,7,-1,30737150,151656,151656,0
30737707,8,-1,30737150,0,0,0
30737809,9,-1,30737150,1,0,0
30737917,11,-1,30737150,1,177,0
30738022,12,-1,30737150,0,0,0
30840351,4,-1,30840340,0,0,0
30840521,5,-1,30840340,151620,151620,0
30840664,6,-1,30840340,0,0,0
30937132,4,-1,30937125,0,0,0
30937229,5,-1,30937125,151620,151620,0
30937298,6,-1,30937125,3,0,0
30937372,7,-1,30937125,151576,151576,0
30937455,8,-1,30937125,0,0,0
30937512,9,-1,30937125,1,0,0
30937573,11,-1,30937125,1,178,0
30937636,12,-1,30937125,0,0,0
31037102,4,-1,31037098,0,0,0
31037189,5,-1,31037098,151540,151540,0
31037255,6,-1,31037098,17,0,0
31037328,7,-1,31037098,151488,151488,0
31037413,8,-1,31037098,0,0,0
31037470,2,0,31037,0,0,0
31037518,9,-1,31037098,0,1,0
31037574,12,-1,31037098,0,0,0
31137100,4,-1,31137093,0,0,0
31137184,5,-1,31137093,151488,151464,0
31137249,6,-1,31137093,1,0,0
31137318,7,-1,31137093,151444,151444,0
31137395,8,-1,31137093,0,0,0
31137454,9,-1,31137093,1,0,0
31137519,11,-1,31137093,1,179,0
31137579,12,-1,31137093,0,0,0
31237180,4,-1,31237175,0,0,0
31237329,5,-1,31237175,151408,151408,0
31237462,6,-1,31237175,17,0,0
31237606,7,-1,31237175,151356,151356,0
31237757,8,-1,31237175,0,0,0
31237882,9,-1,31237175,1,0,0
31237990,11,-1,31237175,1,180,0
31238172,12,-1,31237175,0,0,0
31337135,4,-1,31337132,0,0,0
31337278,5,-1,31337132,151320,151320,0
31337404,6,-1,31337132,1,0,0
31337525,7,-1,31337132,151276,151276,0
31337659,8,-1,31337132,0,0,0
31337778,2,0,31337,0,0,0
31337873,9,-1,31337132,0,1,0
31337970,12,-1,31337132,0,0,0
31437132,4,-1,31437129,0,0,0
31437212,5,-1,31437129,151276,151260,0
31437282,6,-1,31437129,7,0,0
31437348,7,-1,31437129,151232,151232,0
31437427,8,-1,31437129,0,0,0
31437484,9,-1,31437129,1,0,0
31437551,11,-1,31437129,1,181,0
31437611,12,-1,31437129,0,0,0
31537166,4,-1,31537162,0,0,0
31537311,5,-1,31537162,151196,151196,0
31537444,6,-1,31537162,4,0,0
31537577,7,-1,31537162,151152,151152,0
31537728,8,-1,31537162,0,0,0
31537826,9,-1,31537162,1,0,0
31537939,11,-1,31537162,1,182,0
31538041,12,-1,31537162,0,0,0
31637170,4,-1,31637166,0,0,0
31637308,5,-1,31637166,151116,151116,0
31637446,6,-1,31637166,6,0,0
31637582,7,-1,31637166,151072,151072,0
31637732,8,-1,31637166,0,0,0
31637831,9,-1,31637166,1,0,0
31637961,11,-1,31637166,1,183,0
31638080,12,-1,31637166,0,0,0
31737137,4,-1,31737133,0,0,0
31737262,5,-1,31737133,151036,151036,0
31737397,6,-1,31737133,15,0,0
31737526,7,-1,31737133,150988,150988,0
31737678,8,-1,31737133,0,0,0
31737788,2,0,31737,0,0,0
31737897,9,-1,31737133,0,1,0
31737996,12,-1,31737133,0,0,0
31837138,4,-1,31837131,0,0,0
31837315,5,-1,31837131,150988,150968,0
31837491,6,-1,31837131,0,0,0
31938315,4,-1,31938311,0,0,0
31938402,5,-1,31938311,150988,150968,0
31938466,6,-1,31938311,1,0,0
31938542,7,-1,31938311,150944,150944,0
31938630,8,-1,31938311,0,0,0
31938687,9,-1,31938311,1,0,0
31938752,11,-1,31938311,1,184,0
31938824,12,-1,31938311,0,0,0
32037158,4,-1,32037154,0,0,0
32037306,5,-1,32037154,150908,150908,0
32037434,6,-1,32037154,13,0,0
32037565,7,-1,32037154,150860,150860,0
32037715,8,-1,32037154,0,0,0
32037815,2,0,32037,0,0,0
32037904,9,-1,32037154,0,1,0
32038004,12,-1,32037154,0,0,0
32137170,4,-1,32137166,0,0,0
32137301,5,-1,32137166,150860,150840,0
32137438,6,-1,32137166,44,0,0
32137573,7,-1,32137166,150784,150784,0
32137717,8,-1,32137166,0,0,0
32137831,9,-1,32137166,1,0,0
32137942,11,-1,32137166,1,185,0
32138052,12,-1,32137166,0,0,0
32238335,4,-1,32238331,0,0,0
32238460,5,-1,32238331,150748,150736,0
32238579,6,-1,32238331,7,0,0
32238697,7,-1,32238331,150704,150704,0
32238830,8,-1,32238331,0,0,0
32238932,9,-1,32238331,1,0,0
32239045,11,-1,32238331,1,186,0
32239174,12,-1,32238331,0,0,0
32339327,4,-1,32339323,0,0,0
32342467,5,-1,32339323,150668,150668,0
32342600,6,-1,32339323,1,0,0
32342733,7,-1,32339323,150624,150624,0
32342883,8,-1,32339323,0,0,0
32342987,9,-1,32339323,1,0,0
32343123,11,-1,32339323,1,187,0
32343234,12,-1,32339323,0,0,0
32437136,4,-1,32437132,0,0,0
32437220,5,-1,32437132,150588,150588,0
32437294,6,-1,32437132,1,0,0
32437370,7,-1,32437132,150544,150544,0
32437449,8,-1,32437132,0,0,0
32437507,2,0,32437,0,0,0
32437558,9,-1,32437132,0,1,0
32437612,12,-1,32437132,0,0,0
32538325,4,-1,32538302,0,0,0
32538430,5,-1,32538302,150544,150528,0
32538500,6,-1,32538302,1,0,0
32538570,7,-1,32538302,150500,150500,0
32538649,8,-1,32538302,0,0,0
32538704,9,-1,32538302,1,0,0
32538768,11,-1,32538302,1,188,0
32538830,12,-1,32538302,0,0,0
32637135,4,-1,32637133,0,0,0
32637209,5,-1,32637133,150464,150464,0
32637278,6,-1,32637133,59,0,0
32637345,7,-1,32637133,150372,150372,0
32637424,8,-1,32637133,0,0,0
32637479,2,0,32637,0,0,0
32637532,9,-1,32637133,0,1,0
32637584,12,-1,32637133,0,0,0
32737162,4,-1,32737158,0,0,0
32737316,5,-1,32737158,150372,150308,0
32737453,6,-1,32737158,6,0,0
32737577,7,-1,32737158,150328,150308,0
32737715,8,-1,32737158,0,0,0
32737817,9,-1,32737158,1,0,0
32737928,11,-1,32737158,1,189,0
32738032,12,-1,32737158,0,0,0
32837162,4,-1,32837158,0,0,0
32837309,5,-1,32837158,150292,150292,0
32837430,6,-1,32837158,6,0,0
32837562,7,-1,32837158,150248,150248,0
32837712,8,-1,32837158,0,0,0
32837812,9,-1,32837158,1,0,0
32837929,11,-1,32837158,1,190,0
32838031,12,-1,32837158,0,0,0
32937139,4,-1,32937134,0,0,0
32937245,5,-1,32937134,150212,150212,0
32937325,6,-1,32937134,0,0,0
33037154,4,-1,33037149,0,0,0
33037300,5,-1,33037149,150212,150212,0
33037420,6,-1,33037149,1,0,0
33037546,7,-1,33037149,150168,150168,0
33037684,8,-1,33037149,0,0,0
33037785,9,-1,33037149,1,0,0
33037899,11,-1,33037149,1,191,0
33038002,12,-1,33037149,0,0,0
33137158,4,-1,33137154,0,0,0
33137305,5,-1,33137154,150132,150132,0
33137441,6,-1,33137154,0,0,0
33237168,4,-1,33237164,0,0,0
33237304,5,-1,33237164,150132,150132,0
33237444,6,-1,33237164,1,0,0
33237581,7,-1,33237164,150088,150088,0
33237717,8,-1,33237164,0,0,0
33237821,9,-1,33237164,1,0,0
33237928,11,-1,33237164,1,192,0
33238037,12,-1,33237164,0,0,0
33337125,4,-1,33337121,0,0,0
33337203,5,-1,33337121,150052,150052,0
33337268,6,-1,33337121,3,0,0
33337342,7,-1,33337121,150008,150008,0
33337425,8,-1,33337121,0,0,0
33337480,2,0,33337,0,0,0
33337529,9,-1,33337121,0,1,0
33337582,12,-1,33337121,0,0,0
33437165,4,-1,33437161,0,0,0
33437303,5,-1,33437161,150008,149992,0
33437429,6,-1,33437161,37,0,0
33437561,7,-1,33437161,149936,149936,0
33437697,8,-1,33437161,0,0,0
33437795,9,-1,33437161,1,0,0
33437902,11,-1,33437161,1,193,0
33438004,12,-1,33437161,0,0,0
33537154,4,-1,33537150,0,0,0
33537302,5,-1,33537150,149900,149892,0
33537422,6,-1,33537150,5,0,0
33537542,7,-1,33537150,149856,149856,0
33537676,8,-1,33537150,0,0,0
33537776,2,0,33537,0,0,0
33537871,9,-1,33537150,0,1,0
33537967,12,-1,33537150,0,0,0
33637092,4,-1,33637089,0,0,0
33637170,5,-1,33637089,149856,149840,0
33637238,6,-1,33637089,4,0,0
33637306,7,-1,33637089,149812,149812,0
33637386,8,-1,33637089,0,0,0
33637446,9,-1,33637089,1,0,0
33637508,11,-1,33637089,1,194,0
33637570,12,-1,33637089,0,0,0
33737121,4,-1,33737118,0,0,0
33737207,5,-1,33737118,149776,149776,0
33737274,6,-1,33737118,1,0,0
33737352,7,-1,33737118,149732,149732,0
33737431,8,-1,33737118,0,0,0
33737488,9,-1,33737118,1,0,0
33737550,11,-1,33737118,1,195,0
33737610,12,-1,33737118,0,0,0
33837102,4,-1,33837099,0,0,0
33837177,5,-1,33837099,149696,149696,0
33837239,6,-1,33837099,1,0,0
33837309,7,-1,33837099,149652,149652,0
33837387,8,-1,33837099,0,0,0
33837441,2,0,33837,0,0,0
33837489,9,-1,33837099,0,1,0
33837542,12,-1,33837099,0,0,0
33937169,4,-1,33937166,0,0,0
33937239,5,-1,33937166,149652,149636,0
33937304,6,-1,33937166,1,0,0
33937375,7,-1,33937166,149608,149608,0
33937449,8,-1,33937166,0,0,0
33937511,9,-1,33937166,1,0,0
33937572,11,-1,33937166,1,196,0
33937631,12,-1,33937166,0,0,0
34037150,4,-1,34037144,0,0,0
34037259,5,-1,34037144,149572,149572,0
34037334,6,-1,34037144,1,0,0
34037410,7,-1,34037144,149528,149528,0
34037491,8,-1,34037144,0,0,0
34037547,2,0,34037,0,0,0
34037596,9,-1,34037144,0,1,0
34037648,12,-1,34037144,0,0,0
34137102,4,-1,34137099,0,0,0
34137178,5,-1,34137099,149528,149512,0
34137244,6,-1,34137099,3,0,0
34137310,7,-1,34137099,149484,149484,0
34137398,8,-1,34137099,0,0,0
34137453,9,-1,34137099,1,0,0
34137513,11,-1,34137099,1,197,0
34137571,12,-1,34137099,0,0,0
34237168,4,-1,34237164,0,0,0
34237310,5,-1,34237164,149448,149448,0
34237449,6,-1,34237164,12,0,0
34237596,7,-1,34237164,149404,149404,0
34237743,8,-1,34237164,0,0,0
34237862,9,-1,34237164,1,0,0
34237979,11,-1,34237164,1,198,0
34238082,12,-1,34237164,0,0,0
34337144,4,-1,34337140,0,0,0
34337216,5,-1,34337140,149368,149368,0
34337286,6,-1,34337140,15,0,0
34337351,7,-1,34337140,149320,149320,0
34337433,8,-1,34337140,0,0,0
34337488,2,0,34337,0,0,0
34337537,9,-1,34337140,0,1,0
34337589,12,-1,34337140,0,0,0
34437137,4,-1,34437132,0,0,0
34437279,5,-1,34437132,149320,149300,0
34437431,6,-1,34437132,2,0,0
34437570,7,-1,34437132,149276,149276,0
34437722,8,-1,34437132,0,0,0
34437827,9,-1,34437132,1,0,0
34437936,11,-1,34437132,1,199,0
34438041,12,-1,34437132,0,0,0
34537156,4,-1,34537152,0,0,0
34537288,5,-1,34537152,149240,149240,0
34537418,6,-1,34537152,25,0,0
34537557,7,-1,34537152,149180,149180,0
34537691,8,-1,34537152,0,0,0
34537791,9,-1,34537152,1,0,0
34537898,11,-1,34537152,1,200,0
34538001,12,-1,34537152,0,0,0
34637105,4,-1,34637102,0,0,0
34637185,5,-1,34637102,149144,149144,0
34637252,6,-1,34637102,1,0,0
34637319,7,-1,34637102,149100,149100,0
34637402,8,-1,34637102,0,0,0
34637461,2,0,34637,0,0,0
34637512,9,-1,34637102,0,1,0
34637564,12,-1,34637102,0,0,0
34737154,4,-1,34737151,0,0,0
34737227,5,-1,34737151,149100,149084,0
34737296,6,-1,34737151,2,0,0
34737359,7,-1,34737151,149056,149056,0
34737439,8,-1,34737151,0,0,0
34737497,9,-1,34737151,1,0,0
34737559,11,-1,34737151,1,201,0
34737621,12,-1,34737151,0,0,0
34837180,4,-1,34837172,0,0,0
34837407,5,-1,34837172,149020,149020,0
34837563,6,-1,34837172,1,0,0
34837709,7,-1,34837172,148976,148976,0
34837862,8,-1,34837172,0,0,0
34837978,9,-1,34837172,1,0,0
34838152,11,-1,34837172,1,202,0
34838279,12,-1,34837172,0,0,0
34937139,4,-1,34937133,0,0,0
34937291,5,-1,34937133,148940,148940,0
34937368,6,-1,34937133,0,0,0
35037163,4,-1,35037157,0,0,0
35037361,5,-1,35037157,148940,148940,0
35037494,6,-1,35037157,2,0,0
35037624,7,-1,35037157,148896,148896,0
35037764,8,-1,35037157,0,0,0
35037871,9,-1,35037157,1,0,0
35037980,11,-1,35037157,1,203,0
35038083,12,-1,35037157,0,0,0
35137167,4,-1,35137161,0,0,0
35137324,5,-1,35137161,148860,148860,0
35137464,6,-1,35137161,1,0,0
35137614,7,-1,35137161,148816,148816,0
35137759,8,-1,35137161,0,0,0
35137865,9,-1,35137161,1,0,0
35137972,11,-1,35137161,1,204,0
35138087,12,-1,35137161,0,0,0
35237149,4,-1,35237144,0,0,0
35237248,5,-1,35237144,148780,148780,0
35237321,6,-1,35237144,48,0,0
35237396,7,-1,35237144,148700,148700,0
35237477,8,-1,35237144,0,0,0
35237530,2,0,35237,0,0,0
35237577,9,-1,35237144,0,1,0
35237629,12,-1,35237144,0,0,0
35337140,4,-1,35337137,0,0,0
35337219,5,-1,35337137,148700,148648,0
35337287,6,-1,35337137,1,0,0
35337351,7,-1,35337137,148656,148648,0
35337431,8,-1,35337137,0,0,0
35337488,9,-1,35337137,1,0,0
35337559,11,-1,35337137,1,205,0
35337621,12,-1,35337137,0,0,0
35437159,4,-1,35437153,0,0,0
35437340,5,-1,35437153,148620,148620,0
35437488,6,-1,35437153,25,0,0
35437613,7,-1,35437153,148560,148560,0
35437747,8,-1,35437153,0,0,0
35437847,9,-1,35437153,1,0,0
35437955,11,-1,35437153,1,206,0
35438058,12,-1,35437153,0,0,0
35537132,4,-1,35537128,0,0,0
35537217,5,-1,35537128,148524,148524,0
35537285,6,-1,35537128,1,0,0
35537359,7,-1,35537128,148480,148480,0
35537437,8,-1,35537128,0,0,0
35537496,2,0,35537,0,0,0
35537547,9,-1,35537128,0,1,0
35537598,12,-1,35537128,0,0,0
35637132,4,-1,35637129,0,0,0
35637201,5,-1,35637129,148480,148464,0
35637263,6,-1,35637129,3,0,0
35637332,7,-1,35637129,148436,148436,0
35637420,8,-1,35637129,0,0,0
35637477,9,-1,35637129,1,0,0
35637536,11,-1,35637129,1,207,0
35637595,12,-1,35637129,0,0,0
35737108,4,-1,35737105,0,0,0
35737180,5,-1,35737105,148400,148400,0
35737244,6,-1,35737105,54,0,0
35737315,7,-1,35737105,148312,148312,0
35737396,8,-1,35737105,0,0,0
35737453,2,0,35737,0,0,0
35737506,9,-1,35737105,0,1,0
35737560,12,-1,35737105,0,0,0
35837152,4,-1,35837146,0,0,0
35837302,5,-1,35837146,148312,148252,0
35837433,6,-1,35837146,15,0,0
35837556,7,-1,35837146,148264,148252,0
35837690,8,-1,35837146,0,0,0
35837792,9,-1,35837146,1,0,0
35837899,11,-1,35837146,1,208,0
35838001,12,-1,35837146,0,0,0
35939337,4,-1,35939333,0,0,0
35939461,5,-1,35939333,148228,148228,0
35939580,6,-1,35939333,23,0,0
35939712,7,-1,35939333,148172,148172,0
35939853,8,-1,35939333,0,0,0
35939971,9,-1,35939333,1,0,0
35940122,11,-1,35939333,1,209,0
35940227,12,-1,35939333,0,0,0
36037158,4,-1,36037155,0,0,0
36037313,5,-1,36037155,148136,148136,0
36037449,6,-1,36037155,0,0,0
36137159,4,-1,36137156,0,0,0
36137289,5,-1,36137156,148136,148136,0
36137410,6,-1,36137156,65,0,0
36137541,7,-1,36137156,148036,148036,0
36137676,8,-1,36137156,0,0,0
36137776,9,-1,36137156,1,0,0
36137884,11,-1,36137156,1,210,0
36137986,12,-1,36137156,0,0,0
36237165,4,-1,36237161,0,0,0
36237315,5,-1,36237161,148000,147964,0
36237449,6,-1,36237161,14,0,0
36237580,7,-1,36237161,147952,147952,0
36237743,8,-1,36237161,0,0,0
36237852,9,-1,36237161,1,0,0
36237958,11,-1,36237161,1,211,0
36238060,12,-1,36237161,0,0,0
36337150,4,-1,36337145,0,0,0
36337252,5,-1,36337145,147916,147916,0
36337323,6,-1,36337145,1,0,0
36337402,7,-1,36337145,147872,147872,0
36337481,8,-1,36337145,0,0,0
36337545,2,0,36337,0,0,0
36337603,9,-1,36337145,0,1,0
36337661,12,-1,36337145,0,0,0
36437102,4,-1,36437097,0,0,0
36437251,5,-1,36437097,147872,147856,0
36437399,6,-1,36437097,2,0,0
36437535,7,-1,36437097,147828,147828,0
36437690,8,-1,36437097,0,0,0
36437793,9,-1,36437097,1,0,0
36437919,11,-1,36437097,1,212,0
36438042,12,-1,36437097,0,0,0
36537140,4,-1,36537136,0,0,0
36537227,5,-1,36537136,147792,147792,0
36537295,6,-1,36537136,1,0,0
36537359,7,-1,36537136,147748,147748,0
36537435,8,-1,36537136,0,0,0
36537490,9,-1,36537136,1,0,0
36537552,11,-1,36537136,1,213,0
36537624,12,-1,36537136,0,0,0
36637130,4,-1,36637127,0,0,0
36637202,5,-1,36637127,147712,147712,0
36637267,6,-1,36637127,1,0,0
36637339,7,-1,36637127,147668,147668,0
36637420,8,-1,36637127,0,0,0
36637477,2,0,36637,0,0,0
36637526,9,-1,36637127,0,1,0
36637579,12,-1,36637127,0,0,0
36737156,4,-1,36737150,0,0,0
36737306,5,-1,36737150,147668,147652,0
36737422,6,-1,36737150,1,0,0
36737562,7,-1,36737150,147624,147624,0
36737712,8,-1,36737150,0,0,0
36737825,9,-1,36737150,1,0,0
36737932,11,-1,36737150,1,214,0
36738034,12,-1,36737150,0,0,0
36837151,4,-1,36837147,0,0,0
36837303,5,-1,36837147,147588,147588,0
36837437,6,-1,36837147,1,0,0
36837573,7,-1,36837147,147544,147544,0
36837706,8,-1,36837147,0,0,0
36837806,2,0,36837,0,0,0
36837895,9,-1,36837147,0,1,0
36837991,12,-1,36837147,0,0,0
36937165,4,-1,36937161,0,0,0
36937308,5,-1,36937161,147544,147528,0
36937429,6,-1,36937161,27,0,0
36937551,7,-1,36937161,147484,147484,0
36937682,8,-1,36937161,0,0,0
36937781,9,-1,36937161,1,0,0
36937894,11,-1,36937161,1,215,0
36938000,12,-1,36937161,0,0,0
37038327,4,-1,37038302,0,0,0
37038416,5,-1,37038302,147448,147448,0
37038484,6,-1,37038302,30,0,0
37038557,7,-1,37038302,147384,147384,0
37038634,8,-1,37038302,0,0,0
37038691,9,-1,37038302,1,0,0
37038755,11,-1,37038302,1,216,0
37038817,12,-1,37038302,0,0,0
37137172,4,-1,37137168,0,0,0
37137308,5,-1,37137168,147348,147348,0
37137444,6,-1,37137168,11,0,0
37137584,7,-1,37137168,147304,147304,0
37137739,8,-1,37137168,0,0,0
37137836,2,0,37137,0,0,0
37137931,9,-1,37137168,0,1,0
37138028,12,-1,37137168,0,0,0
37237174,4,-1,37237169,0,0,0
37237325,5,-1,37237169,147304,147288,0
37237456,6,-1,37237169,7,0,0
37237588,7,-1,37237169,147260,147260,0
37237740,8,-1,37237169,0,0,0
37237842,9,-1,37237169,1,0,0
37237949,11,-1,37237169,1,217,0
37238051,12,-1,37237169,0,0,0
37337149,4,-1,37337144,0,0,0
37337240,5,-1,37337144,147224,147224,0
37337310,6,-1,37337144,43,0,0
37337381,7,-1,37337144,147148,147148,0
37337467,8,-1,37337144,0,0,0
37337526,2,0,37337,0,0,0
37337575,9,-1,37337144,0,1,0
37337627,12,-1,37337144,0,0,0
37437128,4,-1,37437120,0,0,0
37437300,5,-1,37437120,147148,147100,0
37437424,6,-1,37437120,41,0,0
37437557,7,-1,37437120,147072,147072,0
37437696,8,-1,37437120,0,0,0
37437793,9,-1,37437120,1,0,0
37437903,11,-1,37437120,1,218,0
37438007,12,-1,37437120,0,0,0
37537336,4,-1,37537320,0,0,0
37537440,5,-1,37537320,147036,147024,0
37537507,6,-1,37537320,7,0,0
37537583,7,-1,37537320,146992,146992,0
37537662,8,-1,37537320,0,0,0
37537715,9,-1,37537320,1,0,0
37537774,11,-1,37537320,1,219,0
37537829,12,-1,37537320,0,0,0
37637159,4,-1,37637155,0,0,0
37637302,5,-1,37637155,146956,146956,0
37637445,6,-1,37637155,11,0,0
37637582,7,-1,37637155,146912,146912,0
37637732,8,-1,37637155,0,0,0
37637840,2,0,37637,0,0,0
37637942,9,-1,37637155,0,1,0
37638071,12,-1,37637155,0,0,0
37737144,4,-1,37737131,0,0,0
37737287,5,-1,37737131,146912,146896,0
37737435,6,-1,37737131,1,0,0
37737566,7,-1,37737131,146868,146868,0
37737709,8,-1,37737131,0,0,0
37737809,9,-1,37737131,1,0,0
37737916,11,-1,37737131,1,220,0
37738018,12,-1,37737131,0,0,0
37838325,4,-1,37838301,0,0,0
37838428,5,-1,37838301,146832,146832,0
37838501,6,-1,37838301,25,0,0
37838573,7,-1,37838301,146772,146772,0
37838658,8,-1,37838301,0,0,0
37838715,9,-1,37838301,1,0,0
37838779,11,-1,37838301,1,221,0
37838836,12,-1,37838301,0,0,0
37937158,4,-1,37937154,0,0,0
37937290,5,-1,37937154,146736,146736,0
37937410,6,-1,37937154,19,0,0
37937532,7,-1,37937154,146684,146684,0
37937665,8,-1,37937154,0,0,0
37937765,2,0,37937,0,0,0
37937854,9,-1,37937154,0,1,0
37937950,12,-1,37937154,0,0,0
38037141,4,-1,38037137,0,0,0
38037216,5,-1,38037137,146684,146660,0
38037285,6,-1,38037137,1,0,0
38037356,7,-1,38037137,146640,146640,0
38037432,8,-1,38037137,0,0,0
38037491,9,-1,38037137,1,0,0
38037557,11,-1,38037137,1,222,0
38037619,12,-1,38037137,0,0,0
38137160,4,-1,38137155,0,0,0
38137297,5,-1,38137155,146604,146604,0
38137419,6,-1,38137155,2,0,0
38137537,7,-1,38137155,146560,146560,0
38137671,8,-1,38137155,0,0,0
38137771,9,-1,38137155,1,0,0
38137880,11,-1,38137155,1,223,0
38137983,12,-1,38137155,0,0,0
38237093,4,-1,38237090,0,0,0
38237172,5,-1,38237090,146524,146524,0
38237237,6,-1,38237090,6,0,0
38237308,7,-1,38237090,146480,146480,0
38237382,8,-1,38237090,0,0,0
38237438,2,0,38237,0,0,0
38237487,9,-1,38237090,0,1,0
38237539,12,-1,38237090,0,0,0
38337093,4,-1,38337090,0,0,0
38337164,5,-1,38337090,146480,146464,0
38337229,6,-1,38337090,1,0,0
38337293,7,-1,38337090,146436,146436,0
38337371,8,-1,38337090,0,0,0
38337432,9,-1,38337090,1,0,0
38337496,11,-1,38337090,1,224,0
38337558,12,-1,38337090,0,0,0
38437138,4,-1,38437131,0,0,0
38437211,5,-1,38437131,146400,146400,0
38437282,6,-1,38437131,11,0,0
38437350,7,-1,38437131,146356,146356,0
38437428,8,-1,38437131,0,0,0
38437484,9,-1,38437131,1,0,0
38437545,11,-1,38437131,1,225,0
38437604,12,-1,38437131,0,0,0
38537140,4,-1,38537135,0,0,0
38537245,5,-1,38537135,146320,146320,0
38537316,6,-1,38537135,3,0,0
38537388,7,-1,38537135,146276,146276,0
38537486,8,-1,38537135,0,0,0
38537551,9,-1,38537135,1,0,0
38537611,11,-1,38537135,1,226,0
38537671,12,-1,38537135,0,0,0
38637140,4,-1,38637134,0,0,0
38637242,5,-1,38637134,146240,146240,0
38637307,6,-1,38637134,22,0,0
38637383,7,-1,38637134,146184,146184,0
38637466,8,-1,38637134,0,0,0
38637523,2,0,38637,0,0,0
38637574,9,-1,38637134,0,1,0
38637628,12,-1,38637134,0,0,0
38737128,4,-1,38737124,0,0,0
38737207,5,-1,38737124,146184,146156,0
38737275,6,-1,38737124,48,0,0
38737343,7,-1,38737124,146104,146104,0
38737423,8,-1,38737124,0,0,0
38737479,9,-1,38737124,1,0,0
38737541,11,-1,38737124,1,227,0
38737603,12,-1,38737124,0,0,0
38838291,4,-1,38838288,0,0,0
38841338,5,-1,38838288,146068,146052,0
38841407,6,-1,38838288,0,0,0
38937152,4,-1,38937147,0,0,0
38937314,5,-1,38937147,146068,146052,0
38937456,6,-1,38937147,4,0,0
38937579,7,-1,38937147,146024,146024,0
38937715,8,-1,38937147,0,0,0
38937816,9,-1,38937147,1,0,0
38937924,11,-1,38937147,1,228,0
38938032,12,-1,38937147,0,0,0
39037151,4,-1,39037148,0,0,0
39037234,5,-1,39037148,145988,145988,0
39037300,6,-1,39037148,23,0,0
39037370,7,-1,39037148,145932,145932,0
39037448,8,-1,39037148,0,0,0
39037506,9,-1,39037148,1,0,0
39037568,11,-1,39037148,1,229,0
39037631,12,-1,39037148,0,0,0
39138329,4,-1,39138304,0,0,0
39138416,5,-1,39138304,145896,145896,0
39138495,6,-1,39138304,3,0,0
39138564,7,-1,39138304,145852,145852,0
39138643,8,-1,39138304,0,0,0
39138697,9,-1,39138304,1,0,0
39138759,11,-1,39138304,1,230,0
39138822,12,-1,39138304,0,0,0
39237132,4,-1,39237130,0,0,0
39237197,5,-1,39237130,145816,145816,0
39237257,6,-1,39237130,17,0,0
39237327,7,-1,39237130,145764,145764,0
39237403,8,-1,39237130,0,0,0
39237463,2,0,39237,0,0,0
39237513,9,-1,39237130,0,1,0
39237569,12,-1,39237130,0,0,0
39340322,4,-1,39340300,0,0,0
39340418,5,-1,39340300,145764,145740,0
39340487,6,-1,39340300,1,0,0
39340559,7,-1,39340300,145720,145720,0
39340636,8,-1,39340300,0,0,0
39340693,9,-1,39340300,1,0,0
39340752,11,-1,39340300,1,231,0
39340814,12,-1,39340300,0,0,0
39437120,4,-1,39437117,0,0,0
39437192,5,-1,39437117,145684,145684,0
39437255,6,-1,39437117,49,0,0
39437324,7,-1,39437117,145600,145600,0
39437401,8,-1,39437117,0,0,0
39437458,2,0,39437,0,0,0
39437507,9,-1,39437117,0,1,0
39437559,12,-1,39437117,0,0,0
39537093,4,-1,39537090,0,0,0
39537164,5,-1,39537090,145600,145544,0
39537228,6,-1,39537090,5,0,0
39537292,7,-1,39537090,145556,145544,0
39537370,8,-1,39537090,0,0,0
39537426,9,-1,39537090,1,0,0
39537490,11,-1,39537090,1,232,0
39537550,12,-1,39537090,0,0,0
39637128,4,-1,39637125,0,0,0
39637208,5,-1,39637125,145520,145520,0
39637278,6,-1,39637125,2,0,0
39637342,7,-1,39637125,145476,145476,0
39637421,8,-1,39637125,0,0,0
39637478,9,-1,39637125,1,0,0
39637542,11,-1,39637125,1,233,0
39637603,12,-1,39637125,0,0,0
39737162,4,-1,39737144,0,0,0
39737343,5,-1,39737144,145440,145440,0
39737491,6,-1,39737144,2,0,0
39737642,7,-1,39737144,145396,145396,0
39737821,8,-1,39737144,0,0,0
39737946,9,-1,39737144,1,0,0
39738072,11,-1,39737144,1,234,0
39738189,12,-1,39737144,0,0,0
39838338,4,-1,39838334,0,0,0
39838477,5,-1,39838334,145360,145360,0
39838599,6,-1,39838334,1,0,0
39838722,7,-1,39838334,145316,145316,0
39838859,8,-1,39838334,0,0,0
39838958,9,-1,39838334,1,0,0
39839107,11,-1,39838334,1,235,0
39839212,12,-1,39838334,0,0,0
39937136,4,-1,39937130,0,0,0
39937229,5,-1,39937130,145280,145280,0
39937301,6,-1,39937130,1,0,0
39937379,7,-1,39937130,145236,145236,0
39937459,8,-1,39937130,0,0,0
39937520,2,0,39937,0,0,0
39937579,9,-1,39937130,0,1,0
39937637,12,-1,39937130,0,0,0
40037148,4,-1,40037143,0,0,0
40037290,5,-1,40037143,145236,145220,0
40037442,6,-1,40037143,0,0,0
40137148,4,-1,40137145,0,0,0
40137300,5,-1,40137145,145236,145220,0
40137439,6,-1,40137145,1,0,0
40137581,7,-1,40137145,145192,145192,0
40137715,8,-1,40137145,0,0,0
40137815,9,-1,40137145,1,0,0
40137922,11,-1,40137145,1,236,0
40138024,12,-1,40137145,0,0,0
40237127,4,-1,40237124,0,0,0
40237201,5,-1,40237124,145156,145156,0
40237264,6,-1,40237124,1,0,0
40237332,7,-1,40237124,145112,145112,0
40237413,8,-1,40237124,0,0,0
40237470,2,0,40237,0,0,0
40237521,9,-1,40237124,0,1,0
40237578,12,-1,40237124,0,0,0
40337142,4,-1,40337139,0,0,0
40337226,5,-1,40337139,145112,145096,0
40337300,6,-1,40337139,0,0,0
40437161,4,-1,40437157,0,0,0
40437321,5,-1,40437157,145112,145096,0
40437475,6,-1,40437157,1,0,0
40437635,7,-1,40437157,145068,145068,0
40437821,8,-1,40437157,0,0,0
40437954,9,-1,40437157,1,0,0
40438132,11,-1,40437157,1,237,0
40438229,12,-1,40437157,0,0,0
40537169,4,-1,40537165,0,0,0
40537324,5,-1,40537165,145032,145032,0
40537452,6,-1,40537165,3,0,0
40537592,7,-1,40537165,144988,144988,0
40537735,8,-1,40537165,0,0,0
40537833,9,-1,40537165,1,0,0
40537941,11,-1,40537165,1,238,0
40538044,12,-1,40537165,0,0,0
40637162,4,-1,40637159,0,0,0
40637311,5,-1,40637159,144952,144952,0
40637450,6,-1,40637159,0,0,0
40737145,4,-1,40737142,0,0,0
40737286,5,-1,40737142,144952,144952,0
40737433,6,-1,40737142,1,0,0
40737566,7,-1,40737142,144908,144908,0
40737730,8,-1,40737142,0,0,0
40737860,9,-1,40737142,1,0,0
40737995,11,-1,40737142,1,239,0
40738240,12,-1,40737142,0,0,0
40837135,4,-1,40837131,0,0,0
40837266,5,-1,40837131,144872,144872,0
40837406,6,-1,40837131,3,0,0
40837529,7,-1,40837131,144828,144828,0
40837667,8,-1,40837131,0,0,0
40837770,2,0,40837,0,0,0
40837860,9,-1,40837131,0,1,0
40837958,12,-1,40837131,0,0,0
40937159,4,-1,40937154,0,0,0
40937329,5,-1,40937154,144828,144812,0
40937458,6,-1,40937154,1,0,0
40937596,7,-1,40937154,144784,144784,0
40937732,8,-1,40937154,0,0,0
40937831,9,-1,40937154,1,0,0
40937938,11,-1,40937154,1,240,0
40938041,12,-1,40937154,0,0,0
41037147,4,-1,41037143,0,0,0
41037301,5,-1,41037143,144748,144748,0
41037436,6,-1,41037143,5,0,0
41037582,7,-1,41037143,144704,144704,0
41037714,8,-1,41037143,0,0,0
41037818,2,0,41037,0,0,0
41037907,9,-1,41037143,0,1,0
41038009,12,-1,41037143,0,0,0
41137178,4,-1,41137174,0,0,0
41137276,5,-1,41137174,144704,144688,0
41137341,6,-1,41137174,23,0,0
41137424,7,-1,41137174,144648,144648,0
41137508,8,-1,41137174,0,0,0
41137565,9,-1,41137174,1,0,0
41137629,11,-1,41137174,1,241,0
41137690,12,-1,41137174,0,0,0
41237462,4,-1,41237459,0,0,0
41237531,5,-1,41237459,144612,144612,0
41237595,6,-1,41237459,4,0,0
41237664,7,-1,41237459,144568,144568,0
41237739,8,-1,41237459,0,0,0
41237792,9,-1,41237459,1,0,0
41237852,11,-1,41237459,1,242,0
41237908,12,-1,41237459,0,0,0
41337159,4,-1,41337155,0,0,0
41337307,5,-1,41337155,144532,144532,0
41337445,6,-1,41337155,1,0,0
41337577,7,-1,41337155,144488,144488,0
41337722,8,-1,41337155,0,0,0
41337835,2,0,41337,0,0,0
41337930,9,-1,41337155,0,1,0
41338037,12,-1,41337155,0,0,0
41437158,4,-1,41437154,0,0,0
41437292,5,-1,41437154,144488,144472,0
41437423,6,-1,41437154,34,0,0
41437545,7,-1,41437154,144420,144420,0
41437676,8,-1,41437154,0,0,0
41437774,9,-1,41437154,1,0,0
41437882,11,-1,41437154,1,243,0
41437985,12,-1,41437154,0,0,0
41537162,4,-1,41537158,0,0,0
41537306,5,-1,41537158,144384,144380,0
41537438,6,-1,41537158,8,0,0
41537562,7,-1,41537158,144340,144340,0
41537693,8,-1,41537158,0,0,0
41537791,9,-1,41537158,1,0,0
41537899,11,-1,41537158,1,244,0
41538002,12,-1,41537158,0,0,0
41637168,4,-1,41637164,0,0,0
41637296,5,-1,41637164,144304,144304,0
41637451,6,-1,41637164,1,0,0
41637573,7,-1,41637164,144260,144260,0
41637715,8,-1,41637164,0,0,0
41637834,9,-1,41637164,1,0,0
41637940,11,-1,41637164,1,245,0
41638043,12,-1,41637164,0,0,0
41737133,4,-1,41737130,0,0,0
41737217,5,-1,41737130,144224,144224,0
41737285,6,-1,41737130,1,0,0
41737351,7,-1,41737130,144180,144180,0
41737429,8,-1,41737130,0,0,0
41737487,2,0,41737,0,0,0
41737533,9,-1,41737130,0,1,0
41737585,12,-1,41737130,0,0,0
41837098,4,-1,41837096,0,0,0
41837169,5,-1,41837096,144180,144164,0
41837235,6,-1,41837096,0,0,0
41937172,4,-1,41937165,0,0,0
41937374,5,-1,41937165,144180,144164,0
41937531,6,-1,41937165,1,0,0
41937672,7,-1,41937165,144136,144136,0
41937825,8,-1,41937165,0,0,0
41937952,9,-1,41937165,1,0,0
41938064,11,-1,41937165,1,246,0
41938171,12,-1,41937165,0,0,0
42037156,4,-1,42037152,0,0,0
42037319,5,-1,42037152,144100,144100,0
42037452,6,-1,42037152,25,0,0
42037592,7,-1,42037152,144040,144040,0
42037761,8,-1,42037152,0,0,0
42037875,2,0,42037,0,0,0
42037964,9,-1,42037152,0,1,0
42038063,12,-1,42037152,0,0,0
42137156,4,-1,42137152,0,0,0
42137254,5,-1,42137152,144040,144008,0
42137322,6,-1,42137152,0,0,0
42237172,4,-1,42237167,0,0,0
42237339,5,-1,42237167,144040,144008,0
42237475,6,-1,42237167,1,0,0
42237614,7,-1,42237167,143996,143996,0
42237778,8,-1,42237167,0,0,0
42237877,9,-1,42237167,1,0,0
42237987,11,-1,42237167,1,247,0
42238097,12,-1,42237167,0,0,0
42337117,4,-1,42337113,0,0,0
42337265,5,-1,42337113,143960,143960,0
42337394,6,-1,42337113,3,0,0
42337518,7,-1,42337113,143916,143916,0
42337655,8,-1,42337113,0,0,0
42337760,2,0,42337,0,0,0
42337849,9,-1,42337113,0,1,0
42337948,12,-1,42337113,0,0,0
42437360,4,-1,42437356,0,0,0
42437495,5,-1,42437356,143916,143900,0
42437628,6,-1,42437356,55,0,0
42437753,7,-1,42437356,143828,143828,0
42437901,8,-1,42437356,0,0,0
42438003,9,-1,42437356,1,0,0
42438164,11,-1,42437356,1,248,0
42438260,12,-1,42437356,0,0,0
42537153,4,-1,42537148,0,0,0
42537309,5,-1,42537148,143792,143768,0
42537449,6,-1,42537148,3,0,0
42537583,7,-1,42537148,143748,143748,0
42537737,8,-1,42537148,0,0,0
42537837,2,0,42537,0,0,0
42537926,9,-1,42537148,0,1,0
42538022,12,-1,42537148,0,0,0
42637152,4,-1,42637149,0,0,0
42637229,5,-1,42637149,143748,143732,0
42637303,6,-1,42637149,12,0,0
42637382,7,-1,42637149,143704,143704,0
42637460,8,-1,42637149,0,0,0
42637520,9,-1,42637149,1,0,0
42637596,11,-1,42637149,1,249,0
42637658,12,-1,42637149,0,0,0
42737130,4,-1,42737128,0,0,0
42737197,5,-1,42737128,143668,143668,0
42737259,6,-1,42737128,20,0,0
42737329,7,-1,42737128,143616,143616,0
42737403,8,-1,42737128,0,0,0
42737462,2,0,42737,0,0,0
42737510,9,-1,42737128,0,1,0
42737562,12,-1,42737128,0,0,0
42837160,4,-1,42837156,0,0,0
42837305,5,-1,42837156,143616,143592,0
42837434,6,-1,42837156,1,0,0
42837554,7,-1,42837156,143572,143572,0
42837689,8,-1,42837156,0,0,0
42837789,9,-1,42837156,1,0,0
42837901,11,-1,42837156,1,250,0
42838014,12,-1,42837156,0,0,0
42937159,4,-1,42937155,0,0,0
42937311,5,-1,42937155,143536,143536,0
42937449,6,-1,42937155,1,0,0
42937576,7,-1,42937155,143492,143492,0
42937708,8,-1,42937155,0,0,0
42937808,2,0,42937,0,0,0
42937902,9,-1,42937155,0,1,0
42937999,12,-1,42937155,0,0,0
43037135,4,-1,43037131,0,0,0
43037213,5,-1,43037131,143492,143476,0
43037278,6,-1,43037131,11,0,0
43037344,7,-1,43037131,143448,143448,0
43037425,8,-1,43037131,0,0,0
43037494,9,-1,43037131,1,0,0
43037559,11,-1,43037131,1,251,0
43037624,12,-1,43037131,0,0,0
43137158,4,-1,43137152,0,0,0
43137345,5,-1,43137152,143412,143412,0
43137476,6,-1,43137152,35,0,0
43137614,7,-1,43137152,143344,143344,0
43137759,8,-1,43137152,0,0,0
43137865,9,-1,43137152,1,0,0
43137974,11,-1,43137152,1,252,0
43138078,12,-1,43137152,0,0,0
43237128,4,-1,43237121,0,0,0
43237223,5,-1,43237121,143308,143304,0
43237292,6,-1,43237121,0,0,0
43337155,4,-1,43337150,0,0,0
43337301,5,-1,43337150,143308,143304,0
43337422,6,-1,43337150,1,0,0
43337545,7,-1,43337150,143264,143264,0
43337683,8,-1,43337150,0,0,0
43337783,9,-1,43337150,1,0,0
43337890,11,-1,43337150,1,253,0
43337998,12,-1,43337150,0,0,0
43437164,4,-1,43437160,0,0,0
43437312,5,-1,43437160,143228,143228,0
43437446,6,-1,43437160,30,0,0
43437593,7,-1,43437160,143164,143164,0
43437748,8,-1,43437160,0,0,0
43437860,9,-1,43437160,1,0,0
43437967,11,-1,43437160,1,254,0
43438071,12,-1,43437160,0,0,0
43537129,4,-1,43537126,0,0,0
43537261,5,-1,43537126,143128,143128,0
43537419,6,-1,43537126,10,0,0
43537544,7,-1,43537126,143084,143084,0
43537681,8,-1,43537126,0,0,0
43537783,2,0,43537,0,0,0
43537874,9,-1,43537126,0,1,0
43537971,12,-1,43537126,0,0,0
43637145,4,-1,43637141,0,0,0
43637268,5,-1,43637141,143084,143068,0
43637392,6,-1,43637141,0,0,0
43737159,4,-1,43737155,0,0,0
43737290,5,-1,43737155,143084,143068,0
43737419,6,-1,43737155,17,0,0
43737560,7,-1,43737155,143032,143032,0
43737711,8,-1,43737155,0,0,0
43737810,9,-1,43737155,1,0,0
43737917,11,-1,43737155,1,255,0
43738019,12,-1,43737155,0,0,0
43837157,4,-1,43837154,0,0,0
43837291,5,-1,43837154,142996,142996,0
43837427,6,-1,43837154,0,0,0
43938322,4,-1,43938300,0,0,0
43938418,5,-1,43938300,142996,142996,0
43938492,6,-1,43938300,0,0,0
44037111,4,-1,44037107,0,0,0
44037183,5,-1,44037107,142996,142996,0
44037248,6,-1,44037107,3,0,0
44037320,7,-1,44037107,142952,142952,0
44037397,8,-1,44037107,0,0,0
44037454,9,-1,44037107,1,0,0
44037510,11,-1,44037107,1,256,0
44037565,12,-1,44037107,0,0,0
44137325,4,-1,44137302,0,0,0
44137422,5,-1,44137302,142916,142916,0
44137488,6,-1,44137302,17,0,0
44137559,7,-1,44137302,142864,142864,0
44137644,8,-1,44137302,0,0,0
44137702,9,-1,44137302,1,0,0
44137765,11,-1,44137302,1,257,0
44137824,12,-1,44137302,0,0,0
44237128,4,-1,44237123,0,0,0
44237235,5,-1,44237123,142828,142828,0
44237308,6,-1,44237123,4,0,0
44237386,7,-1,44237123,142784,142784,0
44237473,8,-1,44237123,0,0,0
44237535,2,0,44237,0,0,0
44237589,9,-1,44237123,0,1,0
44237644,12,-1,44237123,0,0,0
44337138,4,-1,44337135,0,0,0
44337223,5,-1,44337135,142784,142768,0
44337305,6,-1,44337135,32,0,0
44337377,7,-1,44337135,142720,142720,0
44337457,8,-1,44337135,0,0,0
44337512,9,-1,44337135,1,0,0
44337573,11,-1,44337135,1,258,0
44337635,12,-1,44337135,0,0,0
44437155,4,-1,44437151,0,0,0
44437293,5,-1,44437151,142684,142684,0
44437437,6,-1,44437151,1,0,0
44437569,7,-1,44437151,142640,142640,0
44437720,8,-1,44437151,0,0,0
44437819,9,-1,44437151,1,0,0
44437926,11,-1,44437151,1,259,0
44438029,12,-1,44437151,0,0,0
44537172,4,-1,44537168,0,0,0
44537312,5,-1,44537168,142604,142604,0
44537443,6,-1,44537168,29,0,0
44537581,7,-1,44537168,142540,142540,0
44537728,8,-1,44537168,0,0,0
44537825,9,-1,44537168,1,0,0
44537937,11,-1,44537168,1,260,0
44538045,12,-1,44537168,0,0,0
44637154,4,-1,44637151,0,0,0
44637294,5,-1,44637151,142504,142504,0
44637449,6,-1,44637151,3,0,0
44637585,7,-1,44637151,142460,142460,0
44637738,8,-1,44637151,0,0,0
44637861,2,0,44637,0,0,0
44637976,9,-1,44637151,0,1,0
44638194,12,-1,44637151,0,0,0
44737161,4,-1,44737158,0,0,0
44737318,5,-1,44737158,142460,142444,0
44737458,6,-1,44737158,16,0,0
44737581,7,-1,44737158,142412,142412,0
44737716,8,-1,44737158,0,0,0
44737815,9,-1,44737158,1,0,0
44737928,11,-1,44737158,1,261,0
44738037,12,-1,44737158,0,0,0
44837099,4,-1,44837096,0,0,0
44837225,5,-1,44837096,142376,142376,0
44837357,6,-1,44837096,3,0,0
44837479,7,-1,44837096,142332,142332,0
44837617,8,-1,44837096,0,0,0
44837719,2,0,44837,0,0,0
44837812,9,-1,44837096,0,1,0
44837915,12,-1,44837096,0,0,0
44937142,4,-1,44937137,0,0,0
44937260,5,-1,44937137,142332,142316,0
44937401,6,-1,44937137,2,0,0
44937523,7,-1,44937137,142288,142288,0
44937660,8,-1,44937137,0,0,0
44937762,9,-1,44937137,1,0,0
44937872,11,-1,44937137,1,262,0
44937979,12,-1,44937137,0,0,0
45037123,4,-1,45037119,0,0,0
45037277,5,-1,45037119,142252,142252,0
45037396,6,-1,45037119,19,0,0
45037518,7,-1,45037119,142200,142200,0
45037653,8,-1,45037119,0,0,0
45037757,2,0,45037,0,0,0
45037847,9,-1,45037119,0,1,0
45037949,12,-1,45037119,0,0,0
45137163,4,-1,45137156,0,0,0
45137413,5,-1,45137156,142200,142176,0
45137608,6,-1,45137156,102,0,0
45137772,7,-1,45137156,142064,142064,0
45137952,8,-1,45137156,0,0,0
45138161,9,-1,45137156,1,0,0
45138282,11,-1,45137156,1,263,0
45138390,12,-1,45137156,0,0,0
45238354,4,-1,45238346,0,0,0
45238577,5,-1,45238346,142028,141956,0
45238745,6,-1,45238346,8,0,0
45238882,7,-1,45238346,141984,141956,0
45239047,8,-1,45238346,0,0,0
45239185,9,-1,45238346,1,0,0
45239359,11,-1,45238346,1,264,0
45239489,12,-1,45238346,0,0,0
45337504,4,-1,45337494,0,0,0
45337686,5,-1,45337494,141948,141948,0
45337818,6,-1,45337494,0,0,0
45437157,4,-1,45437151,0,0,0
45437307,5,-1,45437151,141948,141948,0
45437440,6,-1,45437151,6,0,0
45437569,7,-1,45437151,141904,141904,0
45437714,8,-1,45437151,0,0,0
45437817,9,-1,45437151,1,0,0
45437929,11,-1,45437151,1,265,0
45438036,12,-1,45437151,0,0,0
45537136,4,-1,45537132,0,0,0
45537292,5,-1,45537132,141868,141868,0
45537416,6,-1,45537132,3,0,0
45537539,7,-1,45537132,141824,141824,0
45537676,8,-1,45537132,0,0,0
45537776,2,0,45537,0,0,0
45537871,9,-1,45537132,0,1,0
45537968,12,-1,45537132,0,0,0
45637140,4,-1,45637135,0,0,0
45637265,5,-1,45637135,141824,141808,0
45637397,6,-1,45637135,9,0,0
45637521,7,-1,45637135,141780,141780,0
45637659,8,-1,45637135,0,0,0
45637761,9,-1,45637135,1,0,0
45637873,11,-1,45637135,1,266,0
45637980,12,-1,45637135,0,0,0
45737156,4,-1,45737153,0,0,0
45737292,5,-1,45737153,141744,141744,0
45737409,6,-1,45737153,3,0,0
45737529,7,-1,45737153,141700,141700,0
45737662,8,-1,45737153,0,0,0
45737760,9,-1,45737153,1,0,0
45737867,11,-1,45737153,1,267,0
45737970,12,-1,45737153,0,0,0
45837157,4,-1,45837153,0,0,0
45837309,5,-1,45837153,141664,141664,0
45837461,6,-1,45837153,6,0,0
45837609,7,-1,45837153,141620,141620,0
45837767,8,-1,45837153,0,0,0
45837890,9,-1,45837153,1,0,0
45838002,11,-1,45837153,1,268,0
45838189,12,-1,45837153,0,0,0
45937121,4,-1,45937118,0,0,0
45937219,5,-1,45937118,141584,141584,0
45937297,6,-1,45937118,1,0,0
45937376,7,-1,45937118,141540,141540,0
45937461,8,-1,45937118,0,0,0
45937518,2,0,45937,0,0,0
45937568,9,-1,45937118,0,1,0
45937623,12,-1,45937118,0,0,0
46037162,4,-1,46037158,0,0,0
46037297,5,-1,46037158,141540,141524,0
46037422,6,-1,46037158,3,0,0
46037547,7,-1,46037158,141496,141496,0
46037704,8,-1,46037158,0,0,0
46037826,9,-1,46037158,1,0,0
46037933,11,-1,46037158,1,269,0
46038036,12,-1,46037158,0,0,0
46137160,4,-1,46137156,0,0,0
46137285,5,-1,46137156,141460,141460,0
46137413,6,-1,46137156,3,0,0
46137534,7,-1,46137156,141416,141416,0
46137671,8,-1,46137156,0,0,0
46137773,2,0,46137,0,0,0
46137866,9,-1,46137156,0,1,0
46137966,12,-1,46137156,0,0,0
46237170,4,-1,46237167,0,0,0
46237316,5,-1,46237167,141416,141400,0
46237447,6,-1,46237167,121,0,0
46237570,7,-1,46237167,141260,141260,0
46237707,8,-1,46237167,0,0,0
46237808,9,-1,46237167,1,0,0
46237919,11,-1,46237167,1,270,0
46238025,12,-1,46237167,0,0,0
46337147,4,-1,46337144,0,0,0
46337291,5,-1,46337144,141224,141132,0
46337416,6,-1,46337144,1,0,0
46337546,7,-1,46337144,141180,141132,0
46337683,8,-1,46337144,0,0,0
46337780,2,0,46337,0,0,0
46337869,9,-1,46337144,0,1,0
46337966,12,-1,46337144,0,0,0
46440310,4,-1,46440307,0,0,0
46440393,5,-1,46440307,141180,141132,0
46440465,6,-1,46440307,43,0,0
46440535,7,-1,46440307,141104,141104,0
46440620,8,-1,46440307,0,0,0
46440676,9,-1,46440307,1,0,0
46440738,11,-1,46440307,1,271,0
46440798,12,-1,46440307,0,0,0
46537169,4,-1,46537164,0,0,0
46537340,5,-1,46537164,141068,141056,0
46537474,6,-1,46537164,13,0,0
46537612,7,-1,46537164,141020,141020,0
46537766,8,-1,46537164,0,0,0
46537871,2,0,46537,0,0,0
46537966,9,-1,46537164,0,1,0
46538160,12,-1,46537164,0,0,0
46637160,4,-1,46637156,0,0,0
46637306,5,-1,46637156,141020,141000,0
46637441,6,-1,46637156,4,0,0
46637579,7,-1,46637156,140976,140976,0
46637731,8,-1,46637156,0,0,0
46637830,9,-1,46637156,1,0,0
46637938,11,-1,46637156,1,272,0
46638040,12,-1,46637156,0,0,0
46737120,4,-1,46737116,0,0,0
46737217,5,-1,46737116,140940,140940,0
46737294,6,-1,46737116,3,0,0
46737376,7,-1,46737116,140896,140896,0
46737455,8,-1,46737116,0,0,0
46737516,2,0,46737,0,0,0
46737566,9,-1,46737116,0,1,0
46737620,12,-1,46737116,0,0,0
46837106,4,-1,46837103,0,0,0
46837183,5,-1,46837103,140896,140880,0
46837253,6,-1,46837103,2,0,0
46837326,7,-1,46837103,140852,140852,0
46837410,8,-1,46837103,0,0,0
46837469,9,-1,46837103,1,0,0
46837531,11,-1,46837103,1,273,0
46837592,12,-1,46837103,0,0,0
46940342,4,-1,46940337,0,0,0
46940485,5,-1,46940337,140816,140816,0
46940638,6,-1,46940337,3,0,0
46940780,7,-1,46940337,140772,140772,0
46940941,8,-1,46940337,0,0,0
46941100,9,-1,46940337,1,0,0
46941232,11,-1,46940337,1,274,0
46941371,12,-1,46940337,0,0,0
47037117,4,-1,47037114,0,0,0
47037194,5,-1,47037114,140736,140736,0
47037258,6,-1,47037114,31,0,0
47037332,7,-1,47037114,140672,140672,0
47037411,8,-1,47037114,0,0,0
47037468,2,0,47037,0,0,0
47037524,9,-1,47037114,0,1,0
47037576,12,-1,47037114,0,0,0
47137157,4,-1,47137153,0,0,0
47137302,5,-1,47137153,140672,140636,0
47137446,6,-1,47137153,13,0,0
47137589,7,-1,47137153,140624,140624,0
47137723,8,-1,47137153,0,0,0
47137821,9,-1,47137153,1,0,0
47137928,11,-1,47137153,1,275,0
47138030,12,-1,47137153,0,0,0
47237163,4,-1,47237159,0,0,0
47237304,5,-1,47237159,140588,140588,0
47237438,6,-1,47237159,93,0,0
47237568,7,-1,47237159,140460,140460,0
47237707,8,-1,47237159,0,0,0
47237827,9,-1,47237159,1,0,0
47237936,11,-1,47237159,1,276,0
47238040,12,-1,47237159,0,0,0
47337131,4,-1,47337127,0,0,0
47337209,5,-1,47337127,140424,140360,0
47337278,6,-1,47337127,2,0,0
47337343,7,-1,47337127,140380,140360,0
47337418,8,-1,47337127,0,0,0
47337476,2,0,47337,0,0,0
47337531,9,-1,47337127,0,1,0
47337587,12,-1,47337127,0,0,0
47437158,4,-1,47437155,0,0,0
47437236,5,-1,47437155,140380,140360,0
47437305,6,-1,47437155,46,0,0
47437374,7,-1,47437155,140300,140300,0
47437450,8,-1,47437155,0,0,0
47437504,9,-1,47437155,1,0,0
47437564,11,-1,47437155,1,277,0
47437624,12,-1,47437155,0,0,0
47537156,4,-1,47537153,0,0,0
47537326,5,-1,47537153,140264,140248,0
47537465,6,-1,47537153,6,0,0
47537592,7,-1,47537153,140220,140220,0
47537741,8,-1,47537153,0,0,0
47537845,2,0,47537,0,0,0
47537944,9,-1,47537153,0,1,0
47538045,12,-1,47537153,0,0,0
47637177,4,-1,47637172,0,0,0
47637343,5,-1,47637172,140220,140204,0
47637469,6,-1,47637172,45,0,0
47637597,7,-1,47637172,140140,140140,0
47637736,8,-1,47637172,0,0,0
47637843,9,-1,47637172,1,0,0
47637956,11,-1,47637172,1,278,0
47638065,12,-1,47637172,0,0,0
47737157,4,-1,47737153,0,0,0
47737291,5,-1,47737153,140104,140088,0
47737418,6,-1,47737153,12,0,0
47737546,7,-1,47737153,140060,140060,0
47737685,8,-1,47737153,0,0,0
47737781,2,0,47737,0,0,0
47737868,9,-1,47737153,0,1,0
47737964,12,-1,47737153,0,0,0
47837104,4,-1,47837100,0,0,0
47837199,5,-1,47837100,140060,140044,0
47837264,6,-1,47837100,1,0,0
47837338,7,-1,47837100,140016,140016,0
47837424,8,-1,47837100,0,0,0
47837479,9,-1,47837100,1,0,0
47837542,11,-1,47837100,1,279,0
47837603,12,-1,47837100,0,0,0
47937156,4,-1,47937152,0,0,0
47937299,5,-1,47937152,139980,139980,0
47937449,6,-1,47937152,22,0,0
47937609,7,-1,47937152,139924,139924,0
47937766,8,-1,47937152,0,0,0
47937895,9,-1,47937152,1,0,0
47938033,11,-1,47937152,1,280,0
47938201,12,-1,47937152,0,0,0
48037158,4,-1,48037154,0,0,0
48037295,5,-1,48037154,139888,139888,0
48037446,6,-1,48037154,1,0,0
48037571,7,-1,48037154,139844,139844,0
48037709,8,-1,48037154,0,0,0
48037810,9,-1,48037154,1,0,0
48037922,11,-1,48037154,1,281,0
48038029,12,-1,48037154,0,0,0
48137161,4,-1,48137158,0,0,0
48137316,5,-1,48137158,139808,139808,0
48137448,6,-1,48137158,19,0,0
48137581,7,-1,48137158,139756,139756,0
48137719,8,-1,48137158,0,0,0
48137821,9,-1,48137158,1,0,0
48137933,11,-1,48137158,1,282,0
48138040,12,-1,48137158,0,0,0
48237163,4,-1,48237160,0,0,0
48237297,5,-1,48237160,139720,139720,0
48237440,6,-1,48237160,61,0,0
48237572,7,-1,48237160,139624,139624,0
48237720,8,-1,48237160,0,0,0
48237818,9,-1,48237160,1,0,0
48237924,11,-1,48237160,1,283,0
48238025,12,-1,48237160,0,0,0
48337142,4,-1,48337138,0,0,0
48337222,5,-1,48337138,139588,139556,0
48337295,6,-1,48337138,3,0,0
48337364,7,-1,48337138,139544,139544,0
48337443,8,-1,48337138,0,0,0
48337502,2,0,48337,0,0,0
48337552,9,-1,48337138,0,1,0
48337605,12,-1,48337138,0,0,0
48437161,4,-1,48437158,0,0,0
48437299,5,-1,48437158,139544,139528,0
48437418,6,-1,48437158,5,0,0
48437540,7,-1,48437158,139500,139500,0
48437677,8,-1,48437158,0,0,0
48437779,9,-1,48437158,1,0,0
48437890,11,-1,48437158,1,284,0
48437996,12,-1,48437158,0,0,0
48537151,4,-1,48537147,0,0,0
48537297,5,-1,48537147,139464,139464,0
48537430,6,-1,48537147,1,0,0
48537557,7,-1,48537147,139420,139420,0
48537702,8,-1,48537147,0,0,0
48537803,2,0,48537,0,0,0
48537895,9,-1,48537147,0,1,0
48537996,12,-1,48537147,0,0,0
48637143,4,-1,48637140,0,0,0
48637229,5,-1,48637140,139420,139404,0
48637308,6,-1,48637140,1,0,0
48637385,7,-1,48637140,139376,139376,0
48637467,8,-1,48637140,0,0,0
48637523,9,-1,48637140,1,0,0
48637585,11,-1,48637140,1,285,0
48637644,12,-1,48637140,0,0,0
48737173,4,-1,48737168,0,0,0
48737334,5,-1,48737168,139340,139340,0
48737456,6,-1,48737168,2,0,0
48737584,7,-1,48737168,139296,139296,0
48737726,8,-1,48737168,0,0,0
48737829,9,-1,48737168,1,0,0
48737941,11,-1,48737168,1,286,0
48738048,12,-1,48737168,0,0,0
48837162,4,-1,48837153,0,0,0
48837295,5,-1,48837153,139260,139260,0
48837432,6,-1,48837153,1,0,0
48837557,7,-1,48837153,139216,139216,0
48837696,8,-1,48837153,0,0,0
48837799,2,0,48837,0,0,0
48837891,9,-1,48837153,0,1,0
48837992,12,-1,48837153,0,0,0
48937108,4,-1,48937105,0,0,0
48937204,5,-1,48937105,139216,139200,0
48937281,6,-1,48937105,51,0,0
48937360,7,-1,48937105,139132,139132,0
48937452,8,-1,48937105,0,0,0
48937510,9,-1,48937105,1,0,0
48937572,11,-1,48937105,1,287,0
48937633,12,-1,48937105,0,0,0
49037162,4,-1,49037160,0,0,0
49037240,5,-1,49037160,139096,139076,0
49037320,6,-1,49037160,1,0,0
49037393,7,-1,49037160,139052,139052,0
49037469,8,-1,49037160,0,0,0
49037525,9,-1,49037160,1,0,0
49037586,11,-1,49037160,1,288,0
49037647,12,-1,49037160,0,0,0
49137178,4,-1,49137174,0,0,0
49137259,5,-1,49137174,139016,139016,0
49137337,6,-1,49137174,5,0,0
49137415,7,-1,49137174,138972,138972,0
49137498,8,-1,49137174,0,0,0
49137556,9,-1,49137174,1,0,0
49137618,11,-1,49137174,1,289,0
49137678,12,-1,49137174,0,0,0
49237160,4,-1,49237156,0,0,0
49237295,5,-1,49237156,138936,138936,0
49237426,6,-1,49237156,23,0,0
49237551,7,-1,49237156,138880,138880,0
49237691,8,-1,49237156,0,0,0
49237792,2,0,49237,0,0,0
49237885,9,-1,49237156,0,1,0
49237985,12,-1,49237156,0,0,0
49337124,4,-1,49337120,0,0,0
49337253,5,-1,49337120,138880,138852,0
49337384,6,-1,49337120,4,0,0
49337507,7,-1,49337120,138836,138836,0
49337644,8,-1,49337120,0,0,0
49337746,9,-1,49337120,1,0,0
49337857,11,-1,49337120,1,290,0
49337963,12,-1,49337120,0,0,0
49437127,4,-1,49437123,0,0,0
49437211,5,-1,49437123,138800,138800,0
49437292,6,-1,49437123,1,0,0
49437368,7,-1,49437123,138756,138756,0
49437453,8,-1,49437123,0,0,0
49437509,9,-1,49437123,1,0,0
49437570,11,-1,49437123,1,291,0
49437631,12,-1,49437123,0,0,0
49537166,4,-1,49537162,0,0,0
49537299,5,-1,49537162,138720,138720,0
49537436,6,-1,49537162,9,0,0
49537557,7,-1,49537162,138676,138676,0
49537696,8,-1,49537162,0,0,0
49537797,9,-1,49537162,1,0,0
49537909,11,-1,49537162,1,292,0
49538016,12,-1,49537162,0,0,0
49640335,4,-1,49640331,0,0,0
49640483,5,-1,49640331,138640,138640,0
49640601,6,-1,49640331,6,0,0
49640722,7,-1,49640331,138596,138596,0
49640861,8,-1,49640331,0,0,0
49640964,9,-1,49640331,1,0,0
49641115,11,-1,49640331,1,293,0
49641226,12,-1,49640331,0,0,0
49737161,4,-1,49737157,0,0,0
49737302,5,-1,49737157,138560,138560,0
49737438,6,-1,49737157,108,0,0
49737575,7,-1,49737157,138420,138420,0
49737709,8,-1,49737157,0,0,0
49737812,2,0,49737,0,0,0
49737901,9,-1,49737157,0,1,0
49737997,12,-1,49737157,0,0,0
49837150,4,-1,49837146,0,0,0
49837258,5,-1,49837146,138420,138308,0
49837332,6,-1,49837146,2,0,0
49837406,7,-1,49837146,138376,138308,0
49837500,8,-1,49837146,0,0,0
49837559,9,-1,49837146,1,0,0
49837625,11,-1,49837146,1,294,0
49837685,12,-1,49837146,0,0,0
49937167,4,-1,49937163,0,0,0
49937337,5,-1,49937163,138340,138308,0
49937479,6,-1,49937163,0,0,0
50037098,4,-1,50037093,0,0,0
50037178,5,-1,50037093,138340,138308,0
50037242,6,-1,50037093,2,0,0
50037314,7,-1,50037093,138296,138296,0
50037402,8,-1,50037093,0,0,0
50037459,9,-1,50037093,1,0,0
50037528,11,-1,50037093,1,295,0
50037596,12,-1,50037093,0,0,0
50137160,4,-1,50137155,0,0,0
50137300,5,-1,50137155,138260,138260,0
50137435,6,-1,50137155,1,0,0
50137565,7,-1,50137155,138216,138216,0
50137731,8,-1,50137155,0,0,0
50137841,9,-1,50137155,1,0,0
50137952,11,-1,50137155,1,296,0
50138059,12,-1,50137155,0,0,0
50237145,4,-1,50237142,0,0,0
50237222,5,-1,50237142,138180,138180,0
50237293,6,-1,50237142,2,0,0
50237364,7,-1,50237142,138136,138136,0
50237446,8,-1,50237142,0,0,0
50237506,2,0,50237,0,0,0
50237556,9,-1,50237142,0,1,0
50237609,12,-1,50237142,0,0,0
50337170,4,-1,50337166,0,0,0
50337313,5,-1,50337166,138136,138120,0
50337438,6,-1,50337166,0,0,0
50437179,4,-1,50437176,0,0,0
50437321,5,-1,50437176,138136,138120,0
50437465,6,-1,50437176,2,0,0
50437606,7,-1,50437176,138092,138092,0
50437754,8,-1,50437176,0,0,0
50437855,9,-1,50437176,1,0,0
50437967,11,-1,50437176,1,297,0
50438074,12,-1,50437176,0,0,0
50537155,4,-1,50537151,0,0,0
50537296,5,-1,50537151,138056,138056,0
50537417,6,-1,50537151,40,0,0
50537542,7,-1,50537151,137984,137984,0
50537680,8,-1,50537151,0,0,0
50537781,2,0,50537,0,0,0
50537874,9,-1,50537151,0,1,0
50537974,12,-1,50537151,0,0,0
50637149,4,-1,50637144,0,0,0
50637309,5,-1,50637144,137984,137940,0
50637444,6,-1,50637144,1,0,0
50637582,7,-1,50637144,137940,137940,0
50637732,8,-1,50637144,0,0,0
50637832,9,-1,50637144,1,0,0
50637942,11,-1,50637144,1,298,0
50638078,12,-1,50637144,0,0,0
50737115,4,-1,50737111,0,0,0
50737248,5,-1,50737111,137904,137904,0
50737397,6,-1,50737111,47,0,0
50737549,7,-1,50737111,137824,137824,0
50737708,8,-1,50737111,0,0,0
50737833,2,0,50737,0,0,0
50737939,9,-1,50737111,0,1,0
50738059,12,-1,50737111,0,0,0
50837145,4,-1,50837141,0,0,0
50837226,5,-1,50837141,137824,137772,0
50837295,6,-1,50837141,1,0,0
50837368,7,-1,50837141,137780,137772,0
50837452,8,-1,50837141,0,0,0
50837507,9,-1,50837141,1,0,0
50837570,11,-1,50837141,1,299,0
50837632,12,-1,50837141,0,0,0
50937174,4,-1,50937171,0,0,0
50937255,5,-1,50937171,137744,137744,0
50937327,6,-1,50937171,1,0,0
50937394,7,-1,50937171,137700,137700,0
50937471,8,-1,50937171,0,0,0
50937525,9,-1,50937171,1,0,0
50937585,11,-1,50937171,1,300,0
50937645,12,-1,50937171,0,0,0
51037163,4,-1,51037157,0,0,0
51037347,5,-1,51037157,137664,137664,0
51037483,6,-1,51037157,1,0,0
51037625,7,-1,51037157,137620,137620,0
51037776,8,-1,51037157,0,0,0
51037881,2,0,51037,0,0,0
51037987,9,-1,51037157,0,1,0
51038100,12,-1,51037157,0,0,0
51137127,4,-1,51137123,0,0,0
51137266,5,-1,51137123,137620,137604,0
51137401,6,-1,51137123,18,0,0
51137538,7,-1,51137123,137568,137568,0
51137689,8,-1,51137123,0,0,0
51137809,9,-1,51137123,1,0,0
51137918,11,-1,51137123,1,301,0
51138023,12,-1,51137123,0,0,0
51237164,4,-1,51237160,0,0,0
51237307,5,-1,51237160,137532,137532,0
51237440,6,-1,51237160,1,0,0
51237574,7,-1,51237160,137488,137488,0
51237712,8,-1,51237160,0,0,0
51237825,9,-1,51237160,1,0,0
51237943,11,-1,51237160,1,302,0
51238050,12,-1,51237160,0,0,0
51337142,4,-1,51337138,0,0,0
51337237,5,-1,51337138,137452,137452,0
51337309,6,-1,51337138,0,0,0
51437160,4,-1,51437156,0,0,0
51437299,5,-1,51437156,137452,137452,0
51437430,6,-1,51437156,7,0,0
51437567,7,-1,51437156,137408,137408,0
51437716,8,-1,51437156,0,0,0
51437815,9,-1,51437156,1,0,0
51437924,11,-1,51437156,1,303,0
51438029,12,-1,51437156,0,0,0
51537155,4,-1,51537151,0,0,0
51537305,5,-1,51537151,137372,137372,0
51537439,6,-1,51537151,1,0,0
51537581,7,-1,51537151,137328,137328,0
51537722,8,-1,51537151,0,0,0
51537822,2,0,51537,0,0,0
51537913,9,-1,51537151,0,1,0
51538012,12,-1,51537151,0,0,0
51637162,4,-1,51637160,0,0,0
51637239,5,-1,51637160,137328,137312,0
51637307,6,-1,51637160,10,0,0
51637383,7,-1,51637160,137284,137284,0
51637464,8,-1,51637160,0,0,0
51637526,9,-1,51637160,1,0,0
51637590,11,-1,51637160,1,304,0
51637650,12,-1,51637160,0,0,0
51737117,4,-1,51737114,0,0,0
51737192,5,-1,51737114,137248,137248,0
51737255,6,-1,51737114,2,0,0
51737323,7,-1,51737114,137204,137204,0
51737402,8,-1,51737114,0,0,0
51737456,2,0,51737,0,0,0
51737505,9,-1,51737114,0,1,0
51737557,12,-1,51737114,0,0,0
51837177,4,-1,51837173,0,0,0
51837330,5,-1,51837173,137204,137188,0
51837485,6,-1,51837173,2,0,0
51837633,7,-1,51837173,137160,137160,0
51837797,8,-1,51837173,0,0,0
51837929,9,-1,51837173,1,0,0
51838108,11,-1,51837173,1,305,0
51838259,12,-1,51837173,0,0,0
51937107,4,-1,51937101,0,0,0
51937226,5,-1,51937101,137124,137124,0
51937297,6,-1,51937101,0,0,0
52037097,4,-1,52037093,0,0,0
52037181,5,-1,52037093,137124,137124,0
52037243,6,-1,52037093,4,0,0
52037315,7,-1,52037093,137080,137080,0
52037402,8,-1,52037093,0,0,0
52037462,9,-1,52037093,1,0,0
52037539,11,-1,52037093,1,306,0
52037598,12,-1,52037093,0,0,0
52137166,4,-1,52137160,0,0,0
52137360,5,-1,52137160,137044,137044,0
52137563,6,-1,52137160,3,0,0
52137729,7,-1,52137160,137000,137000,0
52137914,8,-1,52137160,0,0,0
52138034,9,-1,52137160,1,0,0
52138162,11,-1,52137160,1,307,0
52138290,12,-1,52137160,0,0,0
52237158,4,-1,52237154,0,0,0
52237324,5,-1,52237154,136964,136964,0
52237455,6,-1,52237154,15,0,0
52237580,7,-1,52237154,136916,136916,0
52237717,8,-1,52237154,0,0,0
52237824,2,0,52237,0,0,0
52237918,9,-1,52237154,0,1,0
52238025,12,-1,52237154,0,0,0
52338306,4,-1,52338302,0,0,0
52338434,5,-1,52338302,136916,136896,0
52338553,6,-1,52338302,2,0,0
52338675,7,-1,52338302,136872,136872,0
52338815,8,-1,52338302,0,0,0
52338913,9,-1,52338302,1,0,0
52339020,11,-1,52338302,1,308,0
52342346,12,-1,52338302,0,0,0
52437149,4,-1,52437140,0,0,0
52437325,5,-1,52437140,136836,136836,0
52437458,6,-1,52437140,3,0,0
52437597,7,-1,52437140,136792,136792,0
52437747,8,-1,52437140,0,0,0
52437852,2,0,52437,0,0,0
52437951,9,-1,52437140,0,1,0
52438053,12,-1,52437140,0,0,0
52537111,4,-1,52537107,0,0,0
52537198,5,-1,52537107,136792,136776,0
52537267,6,-1,52537107,4,0,0
52537350,7,-1,52537107,136748,136748,0
52537430,8,-1,52537107,0,0,0
52537489,9,-1,52537107,1,0,0
52537553,11,-1,52537107,1,309,0
52537613,12,-1,52537107,0,0,0
52637162,4,-1,52637158,0,0,0
52637324,5,-1,52637158,136712,136712,0
52637462,6,-1,52637158,9,0,0
52637581,7,-1,52637158,136668,136668,0
52637716,8,-1,52637158,0,0,0
52637815,9,-1,52637158,1,0,0
52637927,11,-1,52637158,1,310,0
52638052,12,-1,52637158,0,0,0
52737152,4,-1,52737147,0,0,0
52737297,5,-1,52737147,136632,136632,0
52737439,6,-1,52737147,0,0,0
52837152,4,-1,52837148,0,0,0
52837306,5,-1,52837148,136632,136632,0
52837447,6,-1,52837148,23,0,0
52837580,7,-1,52837148,136576,136576,0
52837717,8,-1,52837148,0,0,0
52837821,9,-1,52837148,1,0,0
52837929,11,-1,52837148,1,311,0
52838032,12,-1,52837148,0,0,0
52937161,4,-1,52937157,0,0,0
52937308,5,-1,52937157,136540,136540,0
52937427,6,-1,52937157,1,0,0
52937548,7,-1,52937157,136496,136496,0
52937684,8,-1,52937157,0,0,0
52937783,9,-1,52937157,1,0,0
52937890,11,-1,52937157,1,312,0
52937993,12,-1,52937157,0,0,0
53037161,4,-1,53037158,0,0,0
53037285,5,-1,53037158,136460,136460,0
53037412,6,-1,53037158,1,0,0
53037531,7,-1,53037158,136416,136416,0
53037665,8,-1,53037158,0,0,0
53037764,9,-1,53037158,1,0,0
53037871,11,-1,53037158,1,313,0
53037979,12,-1,53037158,0,0,0
53137142,4,-1,53137137,0,0,0
53137303,5,-1,53137137,136380,136380,0
53137390,6,-1,53137137,1,0,0
53137469,7,-1,53137137,136336,136336,0
53137553,8,-1,53137137,0,0,0
53137616,2,0,53137,0,0,0
53137665,9,-1,53137137,0,1,0
53137717,12,-1,53137137,0,0,0
53237151,4,-1,53237147,0,0,0
53237289,5,-1,53237147,136336,136320,0
53237428,6,-1,53237147,1,0,0
53237560,7,-1,53237147,136292,136292,0
53237694,8,-1,53237147,0,0,0
53237794,9,-1,53237147,1,0,0
53237900,11,-1,53237147,1,314,0
53238001,12,-1,53237147,0,0,0
53337158,4,-1,53337154,0,0,0
53337293,5,-1,53337154,136256,136256,0
53337434,6,-1,53337154,31,0,0
53337564,7,-1,53337154,136192,136192,0
53337706,8,-1,53337154,0,0,0
53337805,9,-1,53337154,1,0,0
53337917,11,-1,53337154,1,315,0
53338024,12,-1,53337154,0,0,0
53437158,4,-1,53437155,0,0,0
53437287,5,-1,53437155,136156,136156,0
53437407,6,-1,53437155,14,0,0
53437527,7,-1,53437155,136108,136108,0
53437661,8,-1,53437155,0,0,0
53437760,9,-1,53437155,1,0,0
53437867,11,-1,53437155,1,316,0
53437968,12,-1,53437155,0,0,0
53537169,4,-1,53537166,0,0,0
53537303,5,-1,53537166,136072,136072,0
53537444,6,-1,53537166,1,0,0
53537576,7,-1,53537166,136028,136028,0
53537721,8,-1,53537166,0,0,0
53537822,9,-1,53537166,1,0,0
53537939,11,-1,53537166,1,317,0
53538051,12,-1,53537166,0,0,0
53637130,4,-1,53637126,0,0,0
53637207,5,-1,53637126,135992,135992,0
53637277,6,-1,53637126,0,0,0
53737156,4,-1,53737151,0,0,0
53737298,5,-1,53737151,135992,135992,0
53737438,6,-1,53737151,1,0,0
53737583,7,-1,53737151,135948,135948,0
53737730,8,-1,53737151,0,0,0
53737849,9,-1,53737151,1,0,0
53737977,11,-1,53737151,1,318,0
53738102,12,-1,53737151,0,0,0
53837160,4,-1,53837157,0,0,0
53837300,5,-1,53837157,135912,135912,0
53837437,6,-1,53837157,2,0,0
53837571,7,-1,53837157,135868,135868,0
53837738,8,-1,53837157,0,0,0
53837858,9,-1,53837157,1,0,0
53837994,11,-1,53837157,1,319,0
53838124,12,-1,53837157,0,0,0
53937115,4,-1,53937112,0,0,0
53937249,5,-1,53937112,135832,135832,0
53937431,6,-1,53937112,0,0,0
54037144,4,-1,54037141,0,0,0
54037228,5,-1,54037141,135832,135832,0
54037308,6,-1,54037141,0,0,0
54137165,4,-1,54137159,0,0,0
54137303,5,-1,54137159,135832,135832,0
54137428,6,-1,54137159,9,0,0
54137563,7,-1,54137159,135788,135788,0
54137706,8,-1,54137159,0,0,0
54137808,9,-1,54137159,1,0,0
54137920,11,-1,54137159,1,320,0
54138027,12,-1,54137159,0,0,0
54237162,4,-1,54237158,0,0,0
54237337,5,-1,54237158,135752,135752,0
54237481,6,-1,54237158,2,0,0
54237612,7,-1,54237158,135708,135708,0
54237751,8,-1,54237158,0,0,0
54237851,2,0,54237,0,0,0
54237940,9,-1,54237158,0,1,0
54238064,12,-1,54237158,0,0,0
54337144,4,-1,54337138,0,0,0
54337281,5,-1,54337138,135708,135692,0
54337414,6,-1,54337138,5,0,0
54337555,7,-1,54337138,135664,135664,0
54337701,8,-1,54337138,0,0,0
54337808,9,-1,54337138,1,0,0
54337919,11,-1,54337138,1,321,0
54338026,12,-1,54337138,0,0,0
54437161,4,-1,54437146,0,0,0
54437329,5,-1,54437146,135628,135628,0
54437435,6,-1,54437146,1,0,0
54437529,7,-1,54437146,135584,135584,0
54437640,8,-1,54437146,0,0,0
54437710,9,-1,54437146,1,0,0
54437785,11,-1,54437146,1,322,0
54437864,12,-1,54437146,0,0,0
54537152,4,-1,54537146,0,0,0
54537339,5,-1,54537146,135548,135548,0
54537491,6,-1,54537146,14,0,0
54537648,7,-1,54537146,135500,135500,0
54537805,8,-1,54537146,0,0,0
54537917,9,-1,54537146,1,0,0
54538041,11,-1,54537146,1,323,0
54538152,12,-1,54537146,0,0,0
54638416,4,-1,54638410,0,0,0
54638600,5,-1,54638410,135464,135464,0
54638733,6,-1,54638410,2,0,0
54638865,7,-1,54638410,135420,135420,0
54639012,8,-1,54638410,0,0,0
54639311,9,-1,54638410,1,0,0
54639437,11,-1,54638410,1,324,0
54639545,12,-1,54638410,0,0,0
54738333,4,-1,54738325,0,0,0
54741485,5,-1,54738325,135384,135384,0
54741638,6,-1,54738325,11,0,0
54741790,7,-1,54738325,135340,135340,0
54741972,8,-1,54738325,0,0,0
54742117,2,0,54738,0,0,0
54742221,9,-1,54738325,0,1,0
54742342,12,-1,54738325,0,0,0
54837165,4,-1,54837161,0,0,0
54837302,5,-1,54837161,135340,135324,0
54837449,6,-1,54837161,0,0,0
54937136,4,-1,54937131,0,0,0
54937234,5,-1,54937131,135340,135324,0
54937303,6,-1,54937131,1,0,0
54937378,7,-1,54937131,135296,135296,0
54937460,8,-1,54937131,0,0,0
54937522,9,-1,54937131,1,0,0
54937588,11,-1,54937131,1,325,0
54937655,12,-1,54937131,0,0,0
55037131,4,-1,55037128,0,0,0
55037212,5,-1,55037128,135260,135260,0
55037286,6,-1,55037128,1,0,0
55037362,7,-1,55037128,135216,135216,0
55037452,8,-1,55037128,0,0,0
55037508,2,0,55037,0,0,0
55037558,9,-1,55037128,0,1,0
55037612,12,-1,55037128,0,0,0
55137108,4,-1,55137106,0,0,0
55137181,5,-1,55137106,135216,135200,0
55137252,6,-1,55137106,1,0,0
55137330,7,-1,55137106,135172,135172,0
55137414,8,-1,55137106,0,0,0
55137475,9,-1,55137106,1,0,0
55137544,11,-1,55137106,1,326,0
55137609,12,-1,55137106,0,0,0
55237106,4,-1,55237103,0,0,0
55237181,5,-1,55237103,135136,135136,0
55237246,6,-1,55237103,5,0,0
55237316,7,-1,55237103,135092,135092,0
55237395,8,-1,55237103,0,0,0
55237454,2,0,55237,0,0,0
55237507,9,-1,55237103,0,1,0
55237563,12,-1,55237103,0,0,0
55337160,4,-1,55337155,0,0,0
55337268,5,-1,55337155,135092,135076,0
55337345,6,-1,55337155,3,0,0
55337422,7,-1,55337155,135048,135048,0
55337527,8,-1,55337155,0,0,0
55337584,9,-1,55337155,1,0,0
55337649,11,-1,55337155,1,327,0
55337708,12,-1,55337155,0,0,0
55437162,4,-1,55437157,0,0,0
55437314,5,-1,55437157,135012,135012,0
55437444,6,-1,55437157,0,0,0
55537131,4,-1,55537128,0,0,0
55537212,5,-1,55537128,135012,135012,0
55537283,6,-1,55537128,14,0,0
55537358,7,-1,55537128,134964,134964,0
55537454,8,-1,55537128,0,0,0
55537512,9,-1,55537128,1,0,0
55537575,11,-1,55537128,1,328,0
55537637,12,-1,55537128,0,0,0
55637118,4,-1,55637115,0,0,0
55637197,5,-1,55637115,134928,134928,0
55637260,6,-1,55637115,1,0,0
55637339,7,-1,55637115,134884,134884,0
55637417,8,-1,55637115,0,0,0
55637472,2,0,55637,0,0,0
55637536,9,-1,55637115,0,1,0
55637590,12,-1,55637115,0,0,0
55737100,4,-1,55737097,0,0,0
55737173,5,-1,55737097,134884,134868,0
55737239,6,-1,55737097,31,0,0
55737305,7,-1,55737097,134820,134820,0
55737382,8,-1,55737097,0,0,0
55737438,9,-1,55737097,1,0,0
55737498,11,-1,55737097,1,329,0
55737557,12,-1,55737097,0,0,0
55837133,4,-1,55837130,0,0,0
55837206,5,-1,55837130,134784,134784,0
55837273,6,-1,55837130,1,0,0
55837344,7,-1,55837130,134740,134740,0
55837429,8,-1,55837130,0,0,0
55837485,9,-1,55837130,1,0,0
55837552,11,-1,55837130,1,330,0
55837612,12,-1,55837130,0,0,0
55937165,4,-1,55937161,0,0,0
55937316,5,-1,55937161,134704,134704,0
55937451,6,-1,55937161,9,0,0
55937581,7,-1,55937161,134660,134660,0
55937730,8,-1,55937161,0,0,0
55937829,9,-1,55937161,1,0,0
55937943,11,-1,55937161,1,331,0
55938046,12,-1,55937161,0,0,0
56037129,4,-1,56037126,0,0,0
56037210,5,-1,56037126,134624,134624,0
56037278,6,-1,56037126,17,0,0
56037346,7,-1,56037126,134572,134572,0
56037427,8,-1,56037126,0,0,0
56037487,2,0,56037,0,0,0
56037535,9,-1,56037126,0,1,0
56037590,12,-1,56037126,0,0,0
56138337,4,-1,56138333,0,0,0
56138474,5,-1,56138333,134572,134548,0
56138611,6,-1,56138333,45,0,0
56138753,7,-1,56138333,134492,134492,0
56138894,8,-1,56138333,0,0,0
56138997,9,-1,56138333,1,0,0
56139186,11,-1,56138333,1,332,0
56139310,12,-1,56138333,0,0,0
56237119,4,-1,56237116,0,0,0
56237256,5,-1,56237116,134456,134440,0
56237401,6,-1,56237116,1,0,0
56237537,7,-1,56237116,134412,134412,0
56237684,8,-1,56237116,0,0,0
56237783,2,0,56237,0,0,0
56237872,9,-1,56237116,0,1,0
56237969,12,-1,56237116,0,0,0
56337155,4,-1,56337151,0,0,0
56337288,5,-1,56337151,134412,134396,0
56337411,6,-1,56337151,9,0,0
56337544,7,-1,56337151,134368,134368,0
56337685,8,-1,56337151,0,0,0
56337786,9,-1,56337151,1,0,0
56337896,11,-1,56337151,1,333,0
56338004,12,-1,56337151,0,0,0
56437164,4,-1,56437154,0,0,0
56437309,5,-1,56437154,134332,134332,0
56437434,6,-1,56437154,36,0,0
56437570,7,-1,56437154,134264,134264,0
56437702,8,-1,56437154,0,0,0
56437804,9,-1,56437154,1,0,0
56437913,11,-1,56437154,1,334,0
56438020,12,-1,56437154,0,0,0
56537138,4,-1,56537134,0,0,0
56537229,5,-1,56537134,134228,134224,0
56537302,6,-1,56537134,32,0,0
56537373,7,-1,56537134,134164,134164,0
56537463,8,-1,56537134,0,0,0
56537521,2,0,56537,0,0,0
56537572,9,-1,56537134,0,1,0
56537629,12,-1,56537134,0,0,0
56637168,4,-1,56637164,0,0,0
56637310,5,-1,56637164,134164,134128,0
56637447,6,-1,56637164,9,0,0
56637569,7,-1,56637164,134120,134120,0
56637708,8,-1,56637164,0,0,0
56637810,9,-1,56637164,1,0,0
56637921,11,-1,56637164,1,335,0
56638029,12,-1,56637164,0,0,0
56738325,4,-1,56738301,0,0,0
56738427,5,-1,56738301,134084,134084,0
56738502,6,-1,56738301,25,0,0
56738573,7,-1,56738301,134024,134024,0
56738651,8,-1,56738301,0,0,0
56738706,9,-1,56738301,1,0,0
56738770,11,-1,56738301,1,336,0
56738832,12,-1,56738301,0,0,0
56837133,4,-1,56837130,0,0,0
56837204,5,-1,56837130,133988,133988,0
56837277,6,-1,56837130,3,0,0
56837342,7,-1,56837130,133944,133944,0
56837420,8,-1,56837130,0,0,0
56837475,2,0,56837,0,0,0
56837524,9,-1,56837130,0,1,0
56837580,12,-1,56837130,0,0,0
56937174,4,-1,56937170,0,0,0
56937318,5,-1,56937170,133944,133928,0
56937460,6,-1,56937170,3,0,0
56937585,7,-1,56937170,133900,133900,0
56937733,8,-1,56937170,0,0,0
56937835,9,-1,56937170,1,0,0
56937946,11,-1,56937170,1,337,0
56938053,12,-1,56937170,0,0,0
57037153,4,-1,57037150,0,0,0
57037292,5,-1,57037150,133864,133864,0
57037414,6,-1,57037150,0,0,0
57137142,4,-1,57137139,0,0,0
57137221,5,-1,57137139,133864,133864,0
57137295,6,-1,57137139,0,0,0
57237154,4,-1,57237151,0,0,0
57237223,5,-1,57237151,133864,133864,0
57237298,6,-1,57237151,13,0,0
57237374,7,-1,57237151,133816,133816,0
57237464,8,-1,57237151,0,0,0
57237522,9,-1,57237151,1,0,0
57237585,11,-1,57237151,1,338,0
57237646,12,-1,57237151,0,0,0
57337146,4,-1,57337142,0,0,0
57337228,5,-1,57337142,133780,133780,0
57337295,6,-1,57337142,2,0,0
57337364,7,-1,57337142,133736,133736,0
57337444,8,-1,57337142,0,0,0
57337500,2,0,57337,0,0,0
57337550,9,-1,57337142,0,1,0
57337606,12,-1,57337142,0,0,0
57437099,4,-1,57437096,0,0,0
57437172,5,-1,57437096,133736,133720,0
57437236,6,-1,57437096,0,0,0
57537142,4,-1,57537139,0,0,0
57537211,5,-1,57537139,133736,133720,0
57537279,6,-1,57537139,55,0,0
57537353,7,-1,57537139,133648,133648,0
57537432,8,-1,57537139,0,0,0
57537486,9,-1,57537139,1,0,0
57537549,11,-1,57537139,1,339,0
57537619,12,-1,57537139,0,0,0
57637107,4,-1,57637105,0,0,0
57637183,5,-1,57637105,133612,133588,0
57637257,6,-1,57637105,3,0,0
57637332,7,-1,57637105,133568,133568,0
57637415,8,-1,57637105,0,0,0
57637482,2,0,57637,0,0,0
57637535,9,-1,57637105,0,1,0
57637592,12,-1,57637105,0,0,0
57737141,4,-1,57737136,0,0,0
57737285,5,-1,57737136,133568,133552,0
57737429,6,-1,57737136,173,0,0
57737577,7,-1,57737136,133360,133360,0
57737742,8,-1,57737136,0,0,0
57737860,9,-1,57737136,1,0,0
57737992,11,-1,57737136,1,340,0
57738111,12,-1,57737136,0,0,0
57837126,4,-1,57837123,0,0,0
57837202,5,-1,57837123,133324,133180,0
57837265,6,-1,57837123,1,0,0
57837340,7,-1,57837123,133280,133180,0
57837417,8,-1,57837123,0,0,0
57837472,2,0,57837,0,0,0
57837525,9,-1,57837123,0,1,0
57837578,12,-1,57837123,0,0,0
57937115,4,-1,57937113,0,0,0
57937181,5,-1,57937113,133280,133180,0
57937243,6,-1,57937113,5,0,0
57937309,7,-1,57937113,133236,133180,0
57937387,8,-1,57937113,0,0,0
57937444,9,-1,57937113,1,0,0
57937503,11,-1,57937113,1,341,0
57937565,12,-1,57937113,0,0,0
58037125,4,-1,58037122,0,0,0
58037210,5,-1,58037122,133200,133180,0
58037287,6,-1,58037122,44,0,0
58037364,7,-1,58037122,133124,133124,0
58037449,8,-1,58037122,0,0,0
58037506,9,-1,58037122,1,0,0
58037570,11,-1,58037122,1,342,0
58037631,12,-1,58037122,0,0,0
58137165,4,-1,58137161,0,0,0
58137302,5,-1,58137161,133088,133076,0
58137430,6,-1,58137161,3,0,0
58137554,7,-1,58137161,133044,133044,0
58137693,8,-1,58137161,0,0,0
58137796,9,-1,58137161,1,0,0
58137908,11,-1,58137161,1,343,0
58138015,12,-1,58137161,0,0,0
58237129,4,-1,58237126,0,0,0
58237198,5,-1,58237126,133008,133008,0
58237259,6,-1,58237126,1,0,0
58237334,7,-1,58237126,132964,132964,0
58237412,8,-1,58237126,0,0,0
58237468,2,0,58237,0,0,0
58237526,9,-1,58237126,0,1,0
58237583,12,-1,58237126,0,0,0
58337152,4,-1,58337147,0,0,0
58337303,5,-1,58337147,132964,132948,0
58337444,6,-1,58337147,0,0,0
58437163,4,-1,58437159,0,0,0
58437234,5,-1,58437159,132964,132948,0
58437301,6,-1,58437159,4,0,0
58437369,7,-1,58437159,132920,132920,0
58437448,8,-1,58437159,0,0,0
58437508,9,-1,58437159,1,0,0
58437574,11,-1,58437159,1,344,0
58437634,12,-1,58437159,0,0,0
58537172,4,-1,58537168,0,0,0
58537311,5,-1,58537168,132884,132884,0
58537447,6,-1,58537168,3,0,0
58537586,7,-1,58537168,132840,132840,0
58537736,8,-1,58537168,0,0,0
58537835,9,-1,58537168,1,0,0
58537944,11,-1,58537168,1,345,0
58538049,12,-1,58537168,0,0,0
58637147,4,-1,58637144,0,0,0
58637309,5,-1,58637144,132804,132804,0
58637451,6,-1,58637144,1,0,0
58637592,7,-1,58637144,132760,132760,0
58637726,8,-1,58637144,0,0,0
58637824,2,0,58637,0,0,0
58637914,9,-1,58637144,0,1,0
58638010,12,-1,58637144,0,0,0
58737149,4,-1,58737145,0,0,0
58737295,5,-1,58737145,132760,132744,0
58737426,6,-1,58737145,1,0,0
58737564,7,-1,58737145,132716,132716,0
58737713,8,-1,58737145,0,0,0
58737812,9,-1,58737145,1,0,0
58737925,11,-1,58737145,1,346,0
58738038,12,-1,58737145,0,0,0
58837113,4,-1,58837109,0,0,0
58837190,5,-1,58837109,132680,132680,0
58837253,6,-1,58837109,8,0,0
58837321,7,-1,58837109,132636,132636,0
58837402,8,-1,58837109,0,0,0
58837456,2,0,58837,0,0,0
58837506,9,-1,58837109,0,1,0
58837563,12,-1,58837109,0,0,0
58937117,4,-1,58937113,0,0,0
58937256,5,-1,58937113,132636,132620,0
58937404,6,-1,58937113,18,0,0
58937549,7,-1,58937113,132584,132584,0
58937706,8,-1,58937113,0,0,0
58937821,9,-1,58937113,1,0,0
58937927,11,-1,58937113,1,347,0
58938030,12,-1,58937113,0,0,0
59037127,4,-1,59037124,0,0,0
59037209,5,-1,59037124,132548,132548,0
59037280,6,-1,59037124,5,0,0
59037349,7,-1,59037124,132504,132504,0
59037430,8,-1,59037124,0,0,0
59037489,9,-1,59037124,1,0,0
59037549,11,-1,59037124,1,348,0
59037609,12,-1,59037124,0,0,0
59137092,4,-1,59137090,0,0,0
59137157,5,-1,59137090,132468,132468,0
59137222,6,-1,59137090,11,0,0
59137287,7,-1,59137090,132424,132424,0
59137362,8,-1,59137090,0,0,0
59137420,2,0,59137,0,0,0
59137473,9,-1,59137090,0,1,0
59137529,12,-1,59137090,0,0,0
59237127,4,-1,59237124,0,0,0
59237206,5,-1,59237124,132424,132408,0
59237275,6,-1,59237124,1,0,0
59237341,7,-1,59237124,132380,132380,0
59237417,8,-1,59237124,0,0,0
59237472,9,-1,59237124,1,0,0
59237532,11,-1,59237124,1,349,0
59237592,12,-1,59237124,0,0,0
59337162,4,-1,59337158,0,0,0
59337316,5,-1,59337158,132344,132344,0
59337453,6,-1,59337158,51,0,0
59337589,7,-1,59337158,132260,132260,0
59337753,8,-1,59337158,0,0,0
59337874,9,-1,59337158,1,0,0
59337989,11,-1,59337158,1,350,0
59338095,12,-1,59337158,0,0,0
59437115,4,-1,59437111,0,0,0
59437268,5,-1,59437111,132224,132204,0
59437408,6,-1,59437111,10,0,0
59437568,7,-1,59437111,132180,132180,0
59437738,8,-1,59437111,0,0,0
59437860,2,0,59437,0,0,0
59437972,9,-1,59437111,0,1,0
59438099,12,-1,59437111,0,0,0
59537166,4,-1,59537162,0,0,0
59537321,5,-1,59537162,132180,132164,0
59537443,6,-1,59537162,1,0,0
59537566,7,-1,59537162,132136,132136,0
59537706,8,-1,59537162,0,0,0
59537814,9,-1,59537162,1,0,0
59537926,11,-1,59537162,1,351,0
59538035,12,-1,59537162,0,0,0
59637151,4,-1,59637148,0,0,0
59637243,5,-1,59637148,132100,132100,0
59637311,6,-1,59637148,5,0,0
59637383,7,-1,59637148,132056,132056,0
59637474,8,-1,59637148,0,0,0
59637533,2,0,59637,0,0,0
59637584,9,-1,59637148,0,1,0
59637638,12,-1,59637148,0,0,0
59737153,4,-1,59737149,0,0,0
59737308,5,-1,59737149,132056,132040,0
59737446,6,-1,59737149,3,0,0
59737569,7,-1,59737149,132012,132012,0
59737706,8,-1,59737149,0,0,0
59737806,9,-1,59737149,1,0,0
59737920,11,-1,59737149,1,352,0
59738034,12,-1,59737149,0,0,0
59838324,4,-1,59838302,0,0,0
59841447,5,-1,59838302,131976,131976,0
59841601,6,-1,59838302,5,0,0
59841744,7,-1,59838302,131932,131932,0
59841919,8,-1,59838302,0,0,0
59842050,9,-1,59838302,1,0,0
59842226,11,-1,59838302,1,353,0
59842343,12,-1,59838302,0,0,0
59937173,4,-1,59937170,0,0,0
59937299,5,-1,59937170,131896,131896,0
59937423,6,-1,59937170,23,0,0
59937543,7,-1,59937170,131840,131840,0
59937677,8,-1,59937170,0,0,0
59937776,2,0,59937,0,0,0
59937864,9,-1,59937170,0,1,0
59937961,12,-1,59937170,0,0,0
60037106,4,-1,60037103,0,0,0
60037185,5,-1,60037103,131840,131812,0
60037252,6,-1,60037103,33,0,0
60037324,7,-1,60037103,131772,131772,0
60037405,8,-1,60037103,0,0,0
60037459,9,-1,60037103,1,0,0
60037519,11,-1,60037103,1,354,0
60037582,12,-1,60037103,0,0,0
60137167,4,-1,60137164,0,0,0
60137312,5,-1,60137164,131736,131732,0
60137464,6,-1,60137164,0,0,0
60237175,4,-1,60237171,0,0,0
60237324,5,-1,60237171,131736,131732,0
60237444,6,-1,60237171,0,0,0
60337145,4,-1,60337139,0,0,0
60337265,5,-1,60337139,131736,131732,0
60337366,6,-1,60337139,21,0,0
60337450,7,-1,60337139,131680,131680,0
60337537,8,-1,60337139,0,0,0
60337599,9,-1,60337139,1,0,0
60337675,11,-1,60337139,1,355,0
60337739,12,-1,60337139,0,0,0
60437134,4,-1,60437130,0,0,0
60437222,5,-1,60437130,131644,131644,0
60437290,6,-1,60437130,27,0,0
60437361,7,-1,60437130,131584,131584,0
60437447,8,-1,60437130,0,0,0
60437502,2,0,60437,0,0,0
60437551,9,-1,60437130,0,1,0
60437606,12,-1,60437130,0,0,0
60537141,4,-1,60537138,0,0,0
60537225,5,-1,60537138,131584,131552,0
60537295,6,-1,60537138,42,0,0
60537364,7,-1,60537138,131508,131508,0
60537440,8,-1,60537138,0,0,0
60537494,9,-1,60537138,1,0,0
60537557,11,-1,60537138,1,356,0
60537617,12,-1,60537138,0,0,0
60637159,4,-1,60637154,0,0,0
60637305,5,-1,60637154,131472,131460,0
60637449,6,-1,60637154,2,0,0
60637572,7,-1,60637154,131428,131428,0
60637711,8,-1,60637154,0,0,0
60637813,9,-1,60637154,1,0,0
60637924,11,-1,60637154,1,357,0
60638031,12,-1,60637154,0,0,0
60737120,4,-1,60737116,0,0,0
60737252,5,-1,60737116,131392,131392,0
60737398,6,-1,60737116,3,0,0
60737529,7,-1,60737116,131348,131348,0
60737671,8,-1,60737116,0,0,0
60737771,2,0,60737,0,0,0
60737864,9,-1,60737116,0,1,0
60737966,12,-1,60737116,0,0,0
60837130,4,-1,60837127,0,0,0
60837214,5,-1,60837127,131348,131332,0
60837295,6,-1,60837127,3,0,0
60837366,7,-1,60837127,131304,131304,0
60837466,8,-1,60837127,0,0,0
60837529,9,-1,60837127,1,0,0
60837591,11,-1,60837127,1,358,0
60837654,12,-1,60837127,0,0,0
60838512,15,0,837187,0,0,0
60839181,18,0,837187,0,0,0
60841459,19,0,837187,0,0,0
60841988,24,0,837187,0,0,0
60842179,1,0,837187,2166136261,0,0
60842367,21,0,837187,131268,131268,0
60842548,25,0,837187,131268,131268,0
60842714,14,-1,837187,0,0,0
60842888,13,-1,1037157,1,0,0
60843110,16,0,1037157,61037157,61137157,294049
60843269,17,0,1037157,0,0,0
60843387,20,0,1037157,131248,131248,0
60937154,4,-1,60937150,0,0,0
60937328,5,-1,60937150,131248,131248,0
60937467,6,-1,60937150,9,0,0
60937643,7,-1,60937150,131196,131196,0
60937791,8,-1,60937150,0,0,0
60937890,9,-1,60937150,1,0,0
60938003,11,-1,60937150,1,358,0
60938117,12,-1,60937150,0,0,0
61037156,4,-1,61037153,0,0,0
61037298,5,-1,61037153,131160,131160,0
61038106,6,-1,61037153,0,0,0
61038273,15,0,1037157,0,0,0
61038425,18,0,1037157,0,0,0
61058965,19,0,1037157,0,0,0
61060641,24,0,1037157,0,0,0
61060702,1,0,1037157,3320251836,0,0
61060771,21,0,1037157,131160,131160,0
61060839,25,0,1037157,131160,131160,0
61060905,14,-1,1037157,0,0,0
61060980,13,-1,1137160,1,0,0
61061071,16,0,1137160,61137160,61237160,176093
61061265,17,0,1137160,0,0,0
61061385,20,0,1137160,131196,131160,0
61137107,4,-1,61137103,0,0,0
61137203,5,-1,61137103,131196,131160,0
61137274,6,-1,61137103,17,0,0
61137363,7,-1,61137103,131136,131136,0
61137445,8,-1,61137103,0,0,0
61137508,9,-1,61137103,1,0,0
61137568,11,-1,61137103,1,358,0
61137628,12,-1,61137103,0,0,0
61137730,15,0,1137160,0,0,0
61138095,18,0,1137160,0,0,0
61147537,19,0,1137160,0,0,0
61147735,24,0,1137160,0,0,0
61147845,1,0,1137160,4006421541,0,0
61147967,21,0,1137160,131100,131100,0
61148092,25,0,1137160,131100,131100,0
61148204,14,-1,1137160,0,0,0
61148329,13,-1,1237167,1,0,0
61148446,16,0,1237167,61237167,61337167,188723
61148595,17,0,1237167,0,0,0
61148696,20,0,1237167,131156,131100,0
61237129,4,-1,61237125,0,0,0
61237223,5,-1,61237125,131156,131100,0
61237292,6,-1,61237125,2,0,0
61237453,7,-1,61237125,131100,131100,0
61237549,8,-1,61237125,0,0,0
61237609,9,-1,61237125,1,0,0
61237670,11,-1,61237125,1,358,0
61237731,12,-1,61237125,0,0,0
61237834,15,0,1237167,0,0,0
61237937,18,0,1237167,0,0,0
61241958,19,0,1237167,0,0,0
61242102,24,0,1237167,0,0,0
61242171,1,0,1237167,1059761711,0,0
61242233,21,0,1237167,131064,131064,0
61242307,25,0,1237167,131064,131064,0
61242376,14,-1,1237167,0,0,0
61242445,13,-1,1337243,1,0,0
61242519,16,0,1337243,61337243,61437243,194726
61242615,17,0,1337243,0,0,0
61242673,20,0,1337243,131120,131064,0
61337129,4,-1,61337125,0,0,0
61337219,5,-1,61337125,131120,131064,0
61337296,6,-1,61337125,8,0,0
61337387,7,-1,61337125,131064,131064,0
61337474,8,-1,61337125,0,0,0
61337532,9,-1,61337125,1,0,0
61337594,11,-1,61337125,1,358,0
61337654,12,-1,61337125,0,0,0
61337803,15,0,1337243,0,0,0
61337959,18,0,1337243,0,0,0
61341815,19,0,1337243,0,0,0
61341949,24,0,1337243,0,0,0
61342011,1,0,1337243,135029208,0,0
61342078,21,0,1337243,131028,131028,0
61342143,25,0,1337243,131028,131028,0
61342204,14,-1,1337243,0,0,0
61342268,13,-1,1537154,1,0,0
61342337,16,0,1537154,61537154,61637154,294818
61342421,17,0,1537154,0,0,0
61342475,20,0,1537154,131064,131028,0
61437141,4,-1,61437136,0,0,0
61437229,5,-1,61437136,131064,131028,0
61437299,6,-1,61437136,2,0,0
61437373,7,-1,61437136,131012,131012,0
61437453,8,-1,61437136,0,0,0
61437511,9,-1,61437136,1,0,0
61437572,11,-1,61437136,1,358,0
61437630,12,-1,61437136,0,0,0
61537121,4,-1,61537118,0,0,0
61537195,5,-1,61537118,130976,130976,0
61537261,6,-1,61537118,9,0,0
61537334,7,-1,61537118,130932,130932,0
61537415,8,-1,61537118,0,0,0
61537475,2,0,61537,0,0,0
61537523,9,-1,61537118,0,1,0
61537576,12,-1,61537118,0,0,0
61537734,15,0,1537154,0,0,0
61537908,18,0,1537154,0,0,0
61540393,19,0,1537154,0,0,0
61540509,24,0,1537154,0,0,0
61540569,1,0,1537154,922763879,0,0
61540635,21,0,1537154,130932,130916,0
61540701,25,0,1537154,130932,130916,0
61540760,14,-1,1537154,0,0,0
61540829,13,-1,1737142,1,0,0
61540891,16,0,1737142,61737142,61837142,296252
61540971,17,0,1737142,0,0,0
61541022,20,0,1737142,130948,130916,0
61637309,4,-1,61637303,0,0,0
61637486,5,-1,61637303,130948,130916,0
61637632,6,-1,61637303,13,0,0
61637786,7,-1,61637303,130900,130900,0
61637967,8,-1,61637303,0,0,0
61638151,9,-1,61637303,1,0,0
61638294,11,-1,61637303,1,358,0
61638405,12,-1,61637303,0,0,0
61737128,4,-1,61737123,0,0,0
61737282,5,-1,61737123,130864,130864,0
61737430,6,-1,61737123,41,0,0
61737571,7,-1,61737123,130788,130788,0
61737732,8,-1,61737123,0,0,0
61737838,2,0,61737,0,0,0
61737938,9,-1,61737123,0,1,0
61738036,12,-1,61737123,0,0,0
61738236,15,0,1737142,0,0,0
61738344,18,0,1737142,0,0,0
61741766,19,0,1737142,0,0,0
61741880,24,0,1737142,0,0,0
61741939,1,0,1737142,1059761711,0,0
61742004,21,0,1737142,130788,130740,0
61742080,25,0,1737142,130788,130740,0
61742145,14,-1,1737142,0,0,0
61742204,13,-1,1837159,1,0,0
61742270,16,0,1837159,61837159,61937159,194891
61742351,17,0,1837159,0,0,0
61742404,20,0,1837159,130844,130740,0
61837135,4,-1,61837128,0,0,0
61837219,5,-1,61837128,130844,130740,0
61837310,6,-1,61837128,8,0,0
61837386,7,-1,61837128,130792,130740,0
61837518,8,-1,61837128,0,0,0
61837579,9,-1,61837128,1,0,0
61837645,11,-1,61837128,1,358,0
61837706,12,-1,61837128,0,0,0
61837809,15,0,1837159,0,0,0
61837908,18,0,1837159,0,0,0
61841741,19,0,1837159,0,0,0
61841873,24,0,1837159,0,0,0
61841928,1,0,1837159,3426221669,0,0
61841990,21,0,1837159,130756,130740,0
61842051,25,0,1837159,130756,130740,0
61842113,14,-1,1837159,0,0,0
61842175,13,-1,1937162,1,0,0
61842239,16,0,1937162,61937162,62037162,194924
61842325,17,0,1937162,0,0,0
61842383,20,0,1937162,130792,130740,0
61937126,4,-1,61937116,0,0,0
61937258,5,-1,61937116,130792,130740,0
61937336,6,-1,61937116,58,0,0
61937422,7,-1,61937116,130692,130692,0
61937512,8,-1,61937116,0,0,0
61937577,2,0,61937,0,0,0
61937628,9,-1,61937116,0,1,0
61937684,12,-1,61937116,0,0,0
61937854,15,0,1937162,0,0,0
61938023,18,0,1937162,0,0,0
61940626,19,0,1937162,0,0,0
61940812,24,0,1937162,0,0,0
61940915,1,0,1937162,797707384,0,0
61941032,21,0,1937162,130692,130628,0
61941168,25,0,1937162,130692,130628,0
61941284,14,-1,1937162,0,0,0
61941415,13,-1,2038409,1,0,0
61941544,16,0,2038409,62038409,62138409,196868
61941704,17,0,2038409,0,0,0
61941808,20,0,2038409,130728,130628,0
62037119,4,-1,62037113,0,0,0
62037238,5,-1,62037113,130728,130628,0
62037311,6,-1,62037113,0,0,0
62038685,15,0,2038409,0,0,0
62038867,18,0,2038409,0,0,0
62042123,19,0,2038409,0,0,0
62042239,24,0,2038409,0,0,0
62042305,1,0,2038409,135029208,0,0
62042367,21,0,2038409,130728,130628,0
62042430,25,0,2038409,130728,130628,0
62042493,14,-1,2038409,0,0,0
62042555,13,-1,2237154,1,0,0
62042618,16,0,2237154,62237154,62337154,294538
62042698,17,0,2237154,0,0,0
62042748,20,0,2237154,130744,130628,0
62137160,4,-1,62137155,0,0,0
62137334,5,-1,62137155,130744,130628,0
62137474,6,-1,62137155,1,0,0
62137610,7,-1,62137155,130692,130628,0
62137753,8,-1,62137155,0,0,0
62137853,9,-1,62137155,1,0,0
62137962,11,-1,62137155,1,356,0
62138072,12,-1,62137155,0,0,0
62243500,4,-1,62243495,0,0,0
62243643,5,-1,62243495,130656,130628,0
62243784,6,-1,62243495,6,0,0
62243911,7,-1,62243495,130608,130608,0
62244096,8,-1,62243495,0,0,0
62244203,9,-1,62243495,1,0,0
62244330,11,-1,62243495,1,357,0
62244441,12,-1,62243495,0,0,0
62244603,15,0,2237154,0,0,0
62244755,18,0,2237154,0,0,0
62247278,19,0,2237154,0,0,0
62247395,24,0,2237154,0,0,0
62247462,1,0,2237154,2025494473,0,0
62247528,21,0,2237154,130572,130572,0
62247591,25,0,2237154,130572,130572,0
62247652,14,-1,2237154,0,0,0
62247714,13,-1,2337246,1,0,0
62247786,16,0,2337246,62337246,62437246,189466
62247864,17,0,2337246,0,0,0
62247917,20,0,2337246,130628,130572,0
62337149,4,-1,62337145,0,0,0
62337315,5,-1,62337145,130628,130572,0
62337497,6,-1,62337145,30,0,0
62337639,7,-1,62337145,130556,130556,0
62337783,8,-1,62337145,0,0,0
62337884,2,0,62337,0,0,0
62337975,9,-1,62337145,0,1,0
62338145,12,-1,62337145,0,0,0
62338316,15,0,2337246,0,0,0
62338464,18,0,2337246,0,0,0
62341924,19,0,2337246,0,0,0
62342049,24,0,2337246,0,0,0
62342146,1,0,2337246,168584446,0,0
62342210,21,0,2337246,130556,130520,0
62342273,25,0,2337246,130556,130520,0
62342332,14,-1,2337246,0,0,0
62342496,13,-1,2537101,1,0,0
62342563,16,0,2537101,62537101,62637101,294540
62342642,17,0,2537101,0,0,0
62342694,20,0,2537101,130592,130520,0
62437153,4,-1,62437147,0,0,0
62437332,5,-1,62437147,130592,130520,0
62437458,6,-1,62437147,3,0,0
62437584,7,-1,62437147,130536,130520,0
62437727,8,-1,62437147,0,0,0
62437836,9,-1,62437147,1,0,0
62437953,11,-1,62437147,1,356,0
62438060,12,-1,62437147,0,0,0
62537158,4,-1,62537154,0,0,0
62537321,5,-1,62537154,130500,130500,0
62537450,6,-1,62537154,1,0,0
62537576,7,-1,62537154,130456,130456,0
62537718,8,-1,62537154,0,0,0
62537820,9,-1,62537154,1,0,0
62537931,11,-1,62537154,1,357,0
62538046,12,-1,62537154,0,0,0
62538239,15,0,2537101,0,0,0
62538409,18,0,2537101,0,0,0
62541894,19,0,2537101,0,0,0
62542057,24,0,2537101,0,0,0
62542129,1,0,2537101,135029208,0,0
62542200,21,0,2537101,130420,130420,0
62542265,25,0,2537101,130420,130420,0
62542336,14,-1,2537101,0,0,0
62542406,13,-1,2637150,1,0,0
62542479,16,0,2637150,62637150,62737150,194673
62542576,17,0,2637150,0,0,0
62542636,20,0,2637150,130456,130420,0
62637160,4,-1,62637156,0,0,0
62637330,5,-1,62637156,130456,130420,0
62637453,6,-1,62637156,4,0,0
62637582,7,-1,62637156,130404,130404,0
62637725,8,-1,62637156,0,0,0
62637828,9,-1,62637156,1,0,0
62637940,11,-1,62637156,1,357,0
62638046,12,-1,62637156,0,0,0
62638252,15,0,2637150,0,0,0
62638356,18,0,2637150,0,0,0
62641685,19,0,2637150,0,0,0
62641859,24,0,2637150,0,0,0
62641920,1,0,2637150,2875364961,0,0
62641988,21,0,2637150,130368,130368,0
62642054,25,0,2637150,130368,130368,0
62642149,14,-1,2637150,0,0,0
62642213,13,-1,2837098,1,0,0
62642280,16,0,2837098,62837098,62937098,294819
62642368,17,0,2837098,0,0,0
62642427,20,0,2837098,130404,130368,0
62737163,4,-1,62737158,0,0,0
62737314,5,-1,62737158,130404,130368,0
62737452,6,-1,62737158,134,0,0
62737601,7,-1,62737158,130228,130228,0
62737771,8,-1,62737158,0,0,0
62737900,9,-1,62737158,1,0,0
62738043,11,-1,62737158,1,357,0
62738189,12,-1,62737158,0,0,0
62837157,4,-1,62837154,0,0,0
62837326,5,-1,62837154,130192,130088,0
62837457,6,-1,62837154,1,0,0
62837581,7,-1,62837154,130148,130088,0
62837722,8,-1,62837154,0,0,0
62837826,2,0,62837,0,0,0
62837919,9,-1,62837154,0,1,0
62838021,12,-1,62837154,0,0,0
62838211,15,0,2837098,0,0,0
62838369,18,0,2837098,0,0,0
62841807,19,0,2837098,0,0,0
62841961,24,0,2837098,0,0,0
62842023,1,0,2837098,101473970,0,0
62842092,21,0,2837098,130148,130088,0
62842156,25,0,2837098,130148,130088,0
62842218,14,-1,2837098,0,0,0
62842290,13,-1,2937120,1,0,0
62842359,16,0,2937120,62937120,63037120,194763
62842448,17,0,2937120,0,0,0
62842506,20,0,2937120,130164,130088,0
62937144,4,-1,62937140,0,0,0
62937341,5,-1,62937140,130164,130088,0
62937479,6,-1,62937140,0,0,0
62937636,15,0,2937120,0,0,0
62937794,18,0,2937120,0,0,0
62940223,19,0,2937120,0,0,0
62940342,24,0,2937120,0,0,0
62940406,1,0,2937120,1627998273,0,0
62940476,21,0,2937120,130164,130088,0
62940545,25,0,2937120,130164,130088,0
62940607,14,-1,2937120,0,0,0
62940667,13,-1,3040401,1,0,0
62940731,16,0,3040401,63040401,63140401,199672
62940817,17,0,3040401,0,0,0
62940874,20,0,3040401,130220,130088,0
63037094,4,-1,63037090,0,0,0
63037186,5,-1,63037090,130220,130088,0
63037264,6,-1,63037090,21,0,0
63037347,7,-1,63037090,130148,130088,0
63037437,8,-1,63037090,0,0,0
63037494,9,-1,63037090,1,0,0
63037555,11,-1,63037090,1,356,0
63037615,12,-1,63037090,0,0,0
63040616,15,0,3040401,0,0,0
63040763,18,0,3040401,0,0,0
63043832,19,0,3040401,0,0,0
63043985,24,0,3040401,0,0,0
63044052,1,0,3040401,135029208,0,0
63044119,21,0,3040401,130112,130088,0
63044182,25,0,3040401,130112,130088,0
63044244,14,-1,3040401,0,0,0
63044311,13,-1,3337115,1,0,0
63044385,16,0,3337115,63337115,63437115,392732
63044471,17,0,3337115,0,0,0
63044525,20,0,3337115,130148,130088,0
63137146,4,-1,63137142,0,0,0
63137302,5,-1,63137142,130148,130088,0
63137431,6,-1,63137142,1,0,0
63137572,7,-1,63137142,130096,130088,0
63137708,8,-1,63137142,0,0,0
63137806,9,-1,63137142,1,0,0
63137920,11,-1,63137142,1,356,0
63138033,12,-1,63137142,0,0,0
63237162,4,-1,63237158,0,0,0
63237305,5,-1,63237158,130060,130060,0
63237440,6,-1,63237158,4,0,0
63237567,7,-1,63237158,130016,130016,0
63237715,8,-1,63237158,0,0,0
63237816,9,-1,63237158,1,0,0
63237927,11,-1,63237158,1,357,0
63238041,12,-1,63237158,0,0,0
63342322,4,-1,63342318,0,0,0
63342472,5,-1,63342318,129980,129980,0
63342607,6,-1,63342318,7,0,0
63342737,7,-1,63342318,129936,129936,0
63342900,8,-1,63342318,0,0,0
63342997,9,-1,63342318,1,0,0
63343161,11,-1,63342318,1,358,0
63343260,12,-1,63342318,0,0,0
63343409,15,0,3337115,0,0,0
63343547,18,0,3337115,0,0,0
63347147,19,0,3337115,0,0,0
63347340,24,0,3337115,0,0,0
63347403,1,0,3337115,135029208,0,0
63347468,21,0,3337115,129900,129900,0
63347531,25,0,3337115,129900,129900,0
63347591,14,-1,3337115,0,0,0
63347651,13,-1,3437237,1,0,0
63347716,16,0,3437237,63437237,63537237,189523
63347867,17,0,3437237,0,0,0
63347922,20,0,3437237,129936,129900,0
63438326,4,-1,63438322,0,0,0
63438480,5,-1,63438322,129936,129900,0
63438619,6,-1,63438322,1,0,0
63438759,7,-1,63438322,129884,129884,0
63438902,8,-1,63438322,0,0,0
63439006,2,0,63438,0,0,0
63439274,9,-1,63438322,0,1,0
63439391,12,-1,63438322,0,0,0
63439550,15,0,3437237,0,0,0
63439691,18,0,3437237,0,0,0
63442747,19,0,3437237,0,0,0
63442899,24,0,3437237,0,0,0
63442957,1,0,3437237,3759616242,0,0
63443019,21,0,3437237,129884,129868,0
63443081,25,0,3437237,129884,129868,0
63443138,14,-1,3437237,0,0,0
63443195,13,-1,3640342,1,0,0
63443259,16,0,3640342,63640342,63740342,297084
63443343,17,0,3640342,0,0,0
63443399,20,0,3640342,129896,129868,0
63537076,4,-1,63537072,0,0,0
63537173,5,-1,63537072,129896,129868,0
63537240,6,-1,63537072,2,0,0
63537314,7,-1,63537072,129844,129844,0
63537396,8,-1,63537072,0,0,0
63537451,9,-1,63537072,1,0,0
63537511,11,-1,63537072,1,357,0
63537571,12,-1,63537072,0,0,0
63637106,4,-1,63637103,0,0,0
63637196,5,-1,63637103,129808,129808,0
63637274,6,-1,63637103,3,0,0
63637350,7,-1,63637103,129764,129764,0
63637441,8,-1,63637103,0,0,0
63637496,9,-1,63637103,1,0,0
63637558,11,-1,63637103,1,358,0
63637619,12,-1,63637103,0,0,0
63640510,15,0,3640342,0,0,0
63640619,18,0,3640342,0,0,0
63643023,19,0,3640342,0,0,0
63643187,24,0,3640342,0,0,0
63643301,1,0,3640342,2369819654,0,0
63643425,21,0,3640342,129728,129728,0
63643547,25,0,3640342,129728,129728,0
63643664,14,-1,3640342,0,0,0
63643780,13,-1,3837228,1,0,0
63643899,16,0,3837228,63837228,63937228,293331
63644052,17,0,3837228,0,0,0
63644155,20,0,3837228,129768,129728,0
63737149,4,-1,63737144,0,0,0
63737318,5,-1,63737144,129768,129728,0
63737457,6,-1,63737144,122,0,0
63737585,7,-1,63737144,129600,129600,0
63737724,8,-1,63737144,0,0,0
63737833,9,-1,63737144,1,0,0
63737947,11,-1,63737144,1,358,0
63738100,12,-1,63737144,0,0,0
63837097,4,-1,63837094,0,0,0
63837244,5,-1,63837094,129564,129472,0
63837409,6,-1,63837094,0,0,0
63837589,15,0,3837228,0,0,0
63837757,18,0,3837228,0,0,0
63840172,19,0,3837228,0,0,0
63840288,24,0,3837228,0,0,0
63840351,1,0,3837228,2567117429,0,0
63840416,21,0,3837228,129564,129472,0
63840479,25,0,3837228,129564,129472,0
63840539,14,-1,3837228,0,0,0
63840600,13,-1,4037130,1,0,0
63840669,16,0,4037130,64037130,64137130,296463
63840752,17,0,4037130,0,0,0
63840805,20,0,4037130,129620,129472,0
63937111,4,-1,63937108,0,0,0
63937197,5,-1,63937108,129620,129472,0
63937266,6,-1,63937108,48,0,0
63937346,7,-1,63937108,129532,129472,0
63937430,8,-1,63937108,0,0,0
63937486,9,-1,63937108,1,0,0
63937551,11,-1,63937108,1,358,0
63937613,12,-1,63937108,0,0,0
64037136,4,-1,64037131,0,0,0
64037280,5,-1,64037131,129496,129472,0
64037433,6,-1,64037131,2,0,0
64037574,7,-1,64037131,129448,129448,0
64037713,8,-1,64037131,0,0,0
64037810,9,-1,64037131,1,0,0
64037918,11,-1,64037131,1,359,0
64038027,12,-1,64037131,0,0,0
64038222,15,0,4037130,0,0,0
64038322,18,0,4037130,0,0,0
64041562,19,0,4037130,0,0,0
64041741,24,0,4037130,0,0,0
64041843,1,0,4037130,1931968563,0,0
64041960,21,0,4037130,129412,129412,0
64042099,25,0,4037130,129412,129412,0
64042213,14,-1,4037130,0,0,0
64042333,13,-1,4137156,1,0,0
64042449,16,0,4137156,64137156,64237156,194710
64042594,17,0,4137156,0,0,0
64042693,20,0,4137156,129428,129412,0
64137133,4,-1,64137128,0,0,0
64137287,5,-1,64137128,129428,129412,0
64137456,6,-1,64137128,5,0,0
64137601,7,-1,64137128,129384,129384,0
64137735,8,-1,64137128,0,0,0
64137834,2,0,64137,0,0,0
64137923,9,-1,64137128,0,1,0
64138019,12,-1,64137128,0,0,0
64138192,15,0,4137156,0,0,0
64138339,18,0,4137156,0,0,0
64141172,19,0,4137156,0,0,0
64141314,24,0,4137156,0,0,0
64141388,1,0,4137156,209147793,0,0
64141455,21,0,4137156,129384,129368,0
64141516,25,0,4137156,129384,129368,0
64141574,14,-1,4137156,0,0,0
64141634,13,-1,4337100,1,0,0
64141697,16,0,4337100,64337100,64437100,295404
64141777,17,0,4337100,0,0,0
64141828,20,0,4337100,129440,129368,0
64237111,4,-1,64237104,0,0,0
64237197,5,-1,64237104,129440,129368,0
64237265,6,-1,64237104,2,0,0
64237335,7,-1,64237104,129384,129368,0
64237416,8,-1,64237104,0,0,0
64237474,9,-1,64237104,1,0,0
64237531,11,-1,64237104,1,358,0
64237588,12,-1,64237104,0,0,0
64337072,4,-1,64337070,0,0,0
64337140,5,-1,64337070,129348,129348,0
64337202,6,-1,64337070,3,0,0
64337284,7,-1,64337070,129304,129304,0
64337367,8,-1,64337070,0,0,0
64337422,2,0,64337,0,0,0
64337473,9,-1,64337070,0,1,0
64337529,12,-1,64337070,0,0,0
64337636,15,0,4337100,0,0,0
64337744,18,0,4337100,0,0,0
64340912,19,0,4337100,0,0,0
64341063,24,0,4337100,0,0,0
64341127,1,0,4337100,2141082727,0,0
64341199,21,0,4337100,129304,129288,0
64341268,25,0,4337100,129304,129288,0
64341340,14,-1,4337100,0,0,0
64341412,13,-1,4437165,1,0,0
64341480,16,0,4437165,64437165,64537165,195687
64341565,17,0,4437165,0,0,0
64341622,20,0,4437165,129320,129288,0
64437079,4,-1,64437076,0,0,0
64437166,5,-1,64437076,129320,129288,0
64437232,6,-1,64437076,1,0,0
64437322,7,-1,64437076,129276,129276,0
64437402,8,-1,64437076,0,0,0
64437461,9,-1,64437076,1,0,0
64437520,11,-1,64437076,1,358,0
64437576,12,-1,64437076,0,0,0
64437670,15,0,4437165,0,0,0
64437766,18,0,4437165,0,0,0
64440197,19,0,4437165,0,0,0
64440310,24,0,4437165,0,0,0
64440370,1,0,4437165,3051539353,0,0
64440436,21,0,4437165,129240,129240,0
64440497,25,0,4437165,129240,129240,0
64440556,14,-1,4437165,0,0,0
64440613,13,-1,4540328,1,0,0
64440674,16,0,4540328,64540328,64640328,199655
64440753,17,0,4540328,0,0,0
64440804,20,0,4540328,129296,129240,0
64537103,4,-1,64537099,0,0,0
64537202,5,-1,64537099,129296,129240,0
64537290,6,-1,64537099,1,0,0
64537374,7,-1,64537099,129240,129240,0
64537462,8,-1,64537099,0,0,0
64537522,9,-1,64537099,1,0,0
64537597,11,-1,64537099,1,358,0
64537657,12,-1,64537099,0,0,0
64540487,15,0,4540328,0,0,0
64540598,18,0,4540328,0,0,0
64544417,19,0,4540328,0,0,0
64544553,24,0,4540328,0,0,0
64544616,1,0,4540328,269250160,0,0
64544684,21,0,4540328,129204,129204,0
64544748,25,0,4540328,129204,129204,0
64544812,14,-1,4540328,0,0,0
64544877,13,-1,4737129,1,0,0
64544947,16,0,4737129,64737129,64837129,292184
64545033,17,0,4737129,0,0,0
64545090,20,0,4737129,129240,129204,0
64637099,4,-1,64637092,0,0,0
64637328,5,-1,64637092,129240,129204,0
64637527,6,-1,64637092,3,0,0
64637697,7,-1,64637092,129188,129188,0
64637880,8,-1,64637092,0,0,0
64637999,2,0,64637,0,0,0
64638127,9,-1,64637092,0,1,0
64638199,12,-1,64637092,0,0,0
64737084,4,-1,64737077,0,0,0
64737279,5,-1,64737077,129188,129172,0
64737371,6,-1,64737077,10,0,0
64737475,7,-1,64737077,129144,129144,0
64737585,8,-1,64737077,0,0,0
64737661,9,-1,64737077,1,0,0
64737732,11,-1,64737077,1,358,0
64737802,12,-1,64737077,0,0,0
64737943,15,0,4737129,0,0,0
64738125,18,0,4737129,0,0,0
64742634,19,0,4737129,0,0,0
64742805,24,0,4737129,0,0,0
64742868,1,0,4737129,135029208,0,0
64742937,21,0,4737129,129108,129108,0
64743006,25,0,4737129,129108,129108,0
64743072,14,-1,4737129,0,0,0
64743139,13,-1,4837159,1,0,0
64743213,16,0,4837159,64837159,64937159,193947
64743306,17,0,4837159,0,0,0
64743376,20,0,4837159,129108,129108,0
64837111,4,-1,64837103,0,0,0
64837402,5,-1,64837103,129108,129108,0
64837519,6,-1,64837103,4,0,0
64837642,7,-1,64837103,129056,129056,0
64837776,8,-1,64837103,0,0,0
64837866,9,-1,64837103,1,0,0
64837965,11,-1,64837103,1,358,0
64838063,12,-1,64837103,0,0,0
64838235,15,0,4837159,0,0,0
64838515,18,0,4837159,0,0,0
64842648,19,0,4837159,0,0,0
64842793,24,0,4837159,0,0,0
64842867,1,0,4837159,511944837,0,0
64842939,21,0,4837159,129020,129020,0
64843004,25,0,4837159,129020,129020,0
64843165,14,-1,4837159,0,0,0
64843300,13,-1,4937299,1,0,0
64843445,16,0,4937299,64937299,65037299,193857
64843609,17,0,4937299,0,0,0
64843714,20,0,4937299,129072,129020,0
64937140,4,-1,64937132,0,0,0
64937364,5,-1,64937132,129072,129020,0
64937499,6,-1,64937132,25,0,0
64937637,7,-1,64937132,129012,129012,0
64937795,8,-1,64937132,0,0,0
64937898,9,-1,64937132,1,0,0
64938010,11,-1,64937132,1,358,0
64938117,12,-1,64937132,0,0,0
64938347,15,0,4937299,0,0,0
64938492,18,0,4937299,0,0,0
64942079,19,0,4937299,0,0,0
64942198,24,0,4937299,0,0,0
64942262,1,0,4937299,870648249,0,0
64942331,21,0,4937299,128976,128976,0
64942399,25,0,4937299,128976,128976,0
64942465,14,-1,4937299,0,0,0
64942532,13,-1,5137142,1,0,0
64942602,16,0,5137142,65137142,65237142,294541
64942687,17,0,5137142,0,0,0
64942742,20,0,5137142,129024,128976,0
65037130,4,-1,65037125,0,0,0
65037303,5,-1,65037125,129024,128976,0
65037441,6,-1,65037125,15,0,0
65037577,7,-1,65037125,128968,128968,0
65037723,8,-1,65037125,0,0,0
65037827,2,0,65037,0,0,0
65037921,9,-1,65037125,0,1,0
65038022,12,-1,65037125,0,0,0
65137099,4,-1,65137095,0,0,0
65137275,5,-1,65137095,128968,128948,0
65137417,6,-1,65137095,8,0,0
65137561,7,-1,65137095,128924,128924,0
65137718,8,-1,65137095,0,0,0
65137837,9,-1,65137095,1,0,0
65137957,11,-1,65137095,1,358,0
65138193,12,-1,65137095,0,0,0
65138394,15,0,5137142,0,0,0
65138575,18,0,5137142,0,0,0
65141036,19,0,5137142,0,0,0
65141197,24,0,5137142,0,0,0
65141271,1,0,5137142,2189297013,0,0
65141344,21,0,5137142,128888,128888,0
65141419,25,0,5137142,128888,128888,0
65141488,14,-1,5137142,0,0,0
65141561,13,-1,5337118,1,0,0
65141634,16,0,5337118,65337118,65437118,295486
65141719,17,0,5337118,0,0,0
65141776,20,0,5337118,128924,128888,0
65237137,4,-1,65237132,0,0,0
65237302,5,-1,65237132,128924,128888,0
65237454,6,-1,65237132,6,0,0
65237583,7,-1,65237132,128872,128872,0
65237728,8,-1,65237132,0,0,0
65237831,9,-1,65237132,1,0,0
65237942,11,-1,65237132,1,358,0
65238050,12,-1,65237132,0,0,0
65337103,4,-1,65337100,0,0,0
65337191,5,-1,65337100,128836,128836,0
65337358,6,-1,65337100,7,0,0
65337488,7,-1,65337100,128792,128792,0
65337629,8,-1,65337100,0,0,0
65337731,2,0,65337,0,0,0
65337824,9,-1,65337100,0,1,0
65337925,12,-1,65337100,0,0,0
65338137,15,0,5337118,0,0,0
65338298,18,0,5337118,0,0,0
65340710,19,0,5337118,0,0,0
65340881,24,0,5337118,0,0,0
65340985,1,0,5337118,3759616242,0,0
65341127,21,0,5337118,128792,128776,0
65341251,25,0,5337118,128792,128776,0
65341374,14,-1,5337118,0,0,0
65341491,13,-1,5537116,1,0,0
65341611,16,0,5537116,65537116,65637116,295508
65341763,17,0,5537116,0,0,0
65341866,20,0,5537116,128828,128776,0
65437117,4,-1,65437111,0,0,0
65437255,5,-1,65437111,128828,128776,0
65437385,6,-1,65437111,2,0,0
65437514,7,-1,65437111,128776,128776,0
65437656,8,-1,65437111,0,0,0
65437759,9,-1,65437111,1,0,0
65437870,11,-1,65437111,1,358,0
65437977,12,-1,65437111,0,0,0
65537122,4,-1,65537119,0,0,0
65537285,5,-1,65537119,128740,128740,0
65537451,6,-1,65537119,7,0,0
65537596,7,-1,65537119,128696,128696,0
65537762,8,-1,65537119,0,0,0
65537883,9,-1,65537119,1,0,0
65538004,11,-1,65537119,1,359,0
65538160,12,-1,65537119,0,0,0
65538355,15,0,5537116,0,0,0
65538549,18,0,5537116,0,0,0
65540965,19,0,5537116,0,0,0
65541128,24,0,5537116,0,0,0
65541184,1,0,5537116,3722926403,0,0
65541241,21,0,5537116,128660,128660,0
65541294,25,0,5537116,128660,128660,0
65541345,14,-1,5537116,0,0,0
65541400,13,-1,5737199,1,0,0
65541462,16,0,5737199,65737199,65837199,295739
65541534,17,0,5737199,0,0,0
65541580,20,0,5737199,128696,128660,0
65637076,4,-1,65637073,0,0,0
65637163,5,-1,65637073,128696,128660,0
65637232,6,-1,65637073,2,0,0
65637313,7,-1,65637073,128644,128644,0
65637417,8,-1,65637073,0,0,0
65637470,2,0,65637,0,0,0
65637519,9,-1,65637073,0,1,0
65637575,12,-1,65637073,0,0,0
65737097,4,-1,65737091,0,0,0
65737233,5,-1,65737091,128644,128628,0
65737404,6,-1,65737091,3,0,0
65737540,7,-1,65737091,128600,128600,0
65737675,8,-1,65737091,0,0,0
65737784,9,-1,65737091,1,0,0
65737917,11,-1,65737091,1,359,0
65738101,12,-1,65737091,0,0,0
65738288,15,0,5737199,0,0,0
65738440,18,0,5737199,0,0,0
65741971,19,0,5737199,0,0,0
65742146,24,0,5737199,0,0,0
65742209,1,0,5737199,135029208,0,0
65742273,21,0,5737199,128564,128564,0
65742334,25,0,5737199,128564,128564,0
65742392,14,-1,5737199,0,0,0
65742452,13,-1,5937144,1,0,0
65742515,16,0,5937144,65937144,66037144,294630
65742596,17,0,5937144,0,0,0
65742647,20,0,5937144,128588,128564,0
65837078,4,-1,65837073,0,0,0
65837227,5,-1,65837073,128588,128564,0
65837360,6,-1,65837073,10,0,0
65837487,7,-1,65837073,128536,128536,0
65837650,8,-1,65837073,0,0,0
65837752,2,0,65837,0,0,0
65837845,9,-1,65837073,0,1,0
65837945,12,-1,65837073,0,0,0
65937122,4,-1,65937117,0,0,0
65937273,5,-1,65937117,128536,128520,0
65937418,6,-1,65937117,2,0,0
65937539,7,-1,65937117,128492,128492,0
65937678,8,-1,65937117,0,0,0
65937780,9,-1,65937117,1,0,0
65937891,11,-1,65937117,1,359,0
65937998,12,-1,65937117,0,0,0
65938192,15,0,5937144,0,0,0
65938299,18,0,5937144,0,0,0
65940725,19,0,5937144,0,0,0
65940836,24,0,5937144,0,0,0
65940910,1,0,5937144,544046521,0,0
65940977,21,0,5937144,128456,128456,0
65941044,25,0,5937144,128456,128456,0
65941136,14,-1,5937144,0,0,0
65941202,13,-1,6140323,1,0,0
65941272,16,0,6140323,66140323,66240323,299053
65941361,17,0,6140323,0,0,0
65941420,20,0,6140323,128512,128456,0
66038268,4,-1,66038263,0,0,0
66038414,5,-1,66038263,128512,128456,0
66038535,6,-1,66038263,7,0,0
66038660,7,-1,66038263,128456,128456,0
66038801,8,-1,66038263,0,0,0
66038903,9,-1,66038263,1,0,0
66039014,11,-1,66038263,1,359,0
66042306,12,-1,66038263,0,0,0
66137109,4,-1,66137099,0,0,0
66137247,5,-1,66137099,128420,128420,0
66137387,6,-1,66137099,17,0,0
66137527,7,-1,66137099,128368,128368,0
66137680,8,-1,66137099,0,0,0
66137778,2,0,66137,0,0,0
66137873,9,-1,66137099,0,1,0
66137976,12,-1,66137099,0,0,0
66140498,15,0,6140323,0,0,0
66140604,18,0,6140323,0,0,0
66143635,19,0,6140323,0,0,0
66143791,24,0,6140323,0,0,0
66143858,1,0,6140323,3831667688,0,0
66143928,21,0,6140323,128368,128344,0
66143993,25,0,6140323,128368,128344,0
66144074,14,-1,6140323,0,0,0
66144157,13,-1,6337119,1,0,0
66144228,16,0,6337119,66337119,66437119,292893
66144324,17,0,6337119,0,0,0
66144386,20,0,6337119,128404,128344,0
66237136,4,-1,66237131,0,0,0
66237281,5,-1,66237131,128404,128344,0
66237408,6,-1,66237131,4,0,0
66237541,7,-1,66237131,128352,128344,0
66237682,8,-1,66237131,0,0,0
66237784,9,-1,66237131,1,0,0
66237896,11,-1,66237131,1,359,0
66238002,12,-1,66237131,0,0,0
66337129,4,-1,66337125,0,0,0
66337263,5,-1,66337125,128316,128316,0
66337390,6,-1,66337125,5,0,0
66337510,7,-1,66337125,128272,128272,0
66337648,8,-1,66337125,0,0,0
66337750,2,0,66337,0,0,0
66337842,9,-1,66337125,0,1,0
66337942,12,-1,66337125,0,0,0
66338156,15,0,6337119,0,0,0
66338313,18,0,6337119,0,0,0
66340732,19,0,6337119,0,0,0
66340898,24,0,6337119,0,0,0
66341004,1,0,6337119,135029208,0,0
66341153,21,0,6337119,128272,128256,0
66341278,25,0,6337119,128272,128256,0
66341435,14,-1,6337119,0,0,0
66341562,13,-1,6537116,1,0,0
66341699,16,0,6537116,66537116,66637116,295419
66341859,17,0,6537116,0,0,0
66341961,20,0,6537116,128308,128256,0
66437131,4,-1,66437127,0,0,0
66437308,5,-1,66437127,128308,128256,0
66437445,6,-1,66437127,71,0,0
66437572,7,-1,66437127,128196,128196,0
66437714,8,-1,66437127,0,0,0
66437818,9,-1,66437127,1,0,0
66437931,11,-1,66437127,1,359,0
66438094,12,-1,66437127,0,0,0
66537127,4,-1,66537123,0,0,0
66537266,5,-1,66537123,128160,128120,0
66537418,6,-1,66537123,0,0,0
66537578,15,0,6537116,0,0,0
66537720,18,0,6537116,0,0,0
66540134,19,0,6537116,0,0,0
66540251,24,0,6537116,0,0,0
66540317,1,0,6537116,168584446,0,0
66540381,21,0,6537116,128160,128120,0
66540444,25,0,6537116,128160,128120,0
66540504,14,-1,6537116,0,0,0
66540574,13,-1,6737155,1,0,0
66540650,16,0,6737155,66737155,66837155,296507
66540742,17,0,6737155,0,0,0
66540798,20,0,6737155,128192,128120,0
66637126,4,-1,66637122,0,0,0
66637280,5,-1,66637122,128192,128120,0
66637412,6,-1,66637122,1,0,0
66637552,7,-1,66637122,128148,128120,0
66637690,8,-1,66637122,0,0,0
66637789,9,-1,66637122,1,0,0
66637902,11,-1,66637122,1,359,0
66638014,12,-1,66637122,0,0,0
66737128,4,-1,66737124,0,0,0
66737270,5,-1,66737124,128112,128112,0
66737391,6,-1,66737124,1,0,0
66737513,7,-1,66737124,128068,128068,0
66737653,8,-1,66737124,0,0,0
66737754,9,-1,66737124,1,0,0
66737866,11,-1,66737124,1,360,0
66737972,12,-1,66737124,0,0,0
66738166,15,0,6737155,0,0,0
66738271,18,0,6737155,0,0,0
66741627,19,0,6737155,0,0,0
66741773,24,0,6737155,0,0,0
66741836,1,0,6737155,1118347073,0,0
66741907,21,0,6737155,128032,128032,0
66741973,25,0,6737155,128032,128032,0
66742038,14,-1,6737155,0,0,0
66742105,13,-1,6837357,1,0,0
66742172,16,0,6837357,66837357,66937357,195186
66742260,17,0,6837357,0,0,0
66742317,20,0,6837357,128068,128032,0
66844366,4,-1,66844363,0,0,0
66844473,5,-1,66844363,128068,128032,0
66844555,6,-1,66844363,16,0,0
66844632,7,-1,66844363,128012,128012,0
66844714,8,-1,66844363,0,0,0
66844769,9,-1,66844363,1,0,0
66844834,11,-1,66844363,1,360,0
66844897,12,-1,66844363,0,0,0
66844997,15,0,6837357,0,0,0
66845122,18,0,6837357,0,0,0
66847559,19,0,6837357,0,0,0
66847727,24,0,6837357,0,0,0
66847835,1,0,6837357,3831667688,0,0
66847957,21,0,6837357,127976,127976,0
66848144,25,0,6837357,127976,127976,0
66848275,14,-1,6837357,0,0,0
66848394,13,-1,7037119,1,0,0
66848511,16,0,7037119,67037119,67137119,288610
66848662,17,0,7037119,0,0,0
66848765,20,0,7037119,128012,127976,0
66937262,4,-1,66937257,0,0,0
66937414,5,-1,66937257,128012,127976,0
66937538,6,-1,66937257,10,0,0
66937667,7,-1,66937257,127960,127960,0
66937810,8,-1,66937257,0,0,0
66937913,2,0,66937,0,0,0
66938007,9,-1,66937257,0,1,0
66941302,12,-1,66937257,0,0,0
67037077,4,-1,67037071,0,0,0
67037238,5,-1,67037071,127960,127944,0
67037418,6,-1,67037071,1,0,0
67037554,7,-1,67037071,127916,127916,0
67037722,8,-1,67037071,0,0,0
67037838,9,-1,67037071,1,0,0
67037951,11,-1,67037071,1,360,0
67038086,12,-1,67037071,0,0,0
67038257,15,0,7037119,0,0,0
67038415,18,0,7037119,0,0,0
67041853,19,0,7037119,0,0,0
67042055,24,0,7037119,0,0,0
67042108,1,0,7037119,3280085357,0,0
67042162,21,0,7037119,127880,127880,0
67042215,25,0,7037119,127880,127880,0
67042267,14,-1,7037119,0,0,0
67042320,13,-1,7237283,1,0,0
67042386,16,0,7237283,67237283,67337283,294899
67042456,17,0,7237283,0,0,0
67042501,20,0,7237283,127888,127880,0
67137087,4,-1,67137083,0,0,0
67137182,5,-1,67137083,127888,127880,0
67137267,6,-1,67137083,1,0,0
67137344,7,-1,67137083,127832,127832,0
67137427,8,-1,67137083,0,0,0
67137482,9,-1,67137083,1,0,0
67137544,11,-1,67137083,1,360,0
67137604,12,-1,67137083,0,0,0
67237046,4,-1,67237044,0,0,0
67237123,5,-1,67237044,127796,127796,0
67237199,6,-1,67237044,18,0,0
67237274,7,-1,67237044,127744,127744,0
67237378,8,-1,67237044,0,0,0
67237435,2,0,67237,0,0,0
67237484,9,-1,67237044,0,1,0
67237537,12,-1,67237044,0,0,0
67237635,15,0,7237283,0,0,0
67237738,18,0,7237283,0,0,0
67241630,19,0,7237283,0,0,0
67241733,24,0,7237283,0,0,0
67241797,1,0,7237283,804263289,0,0
67241864,21,0,7237283,127744,127720,0
67241939,25,0,7237283,127744,127720,0
67242006,14,-1,7237283,0,0,0
67242072,13,-1,7437293,1,0,0
67242141,16,0,7437293,67437293,67537293,295154
67242231,17,0,7437293,0,0,0
67242288,20,0,7437293,127812,127720,0
67337077,4,-1,67337074,0,0,0
67337166,5,-1,67337074,127812,127720,0
67337244,6,-1,67337074,12,0,0
67337320,7,-1,67337074,127764,127720,0
67337409,8,-1,67337074,0,0,0
67337464,9,-1,67337074,1,0,0
67337526,11,-1,67337074,1,360,0
67337586,12,-1,67337074,0,0,0
67437085,4,-1,67437073,0,0,0
67437218,5,-1,67437073,127728,127720,0
67437349,6,-1,67437073,13,0,0
67437508,7,-1,67437073,127680,127680,0
67437713,8,-1,67437073,0,0,0
67437824,2,0,67437,0,0,0
67437929,9,-1,67437073,0,1,0
67441294,12,-1,67437073,0,0,0
67441462,15,0,7437293,0,0,0
67441607,18,0,7437293,0,0,0
67443972,19,0,7437293,0,0,0
67444135,24,0,7437293,0,0,0
67444195,1,0,7437293,1279829992,0,0
67444259,21,0,7437293,127680,127660,0
67444326,25,0,7437293,127680,127660,0
67444387,14,-1,7437293,0,0,0
67444453,13,-1,7637225,1,0,0
67444519,16,0,7637225,67637225,67737225,292707
67444602,17,0,7637225,0,0,0
67444655,20,0,7637225,127716,127660,0
67537116,4,-1,67537112,0,0,0
67537281,5,-1,67537112,127716,127660,0
67537418,6,-1,67537112,0,0,0
67637120,4,-1,67637116,0,0,0
67637265,5,-1,67637116,127716,127660,0
67637432,6,-1,67637116,0,0,0
67637603,15,0,7637225,0,0,0
67637773,18,0,7637225,0,0,0
67640204,19,0,7637225,0,0,0
67640336,24,0,7637225,0,0,0
67640413,1,0,7637225,168584446,0,0
67640480,21,0,7637225,127716,127660,0
67640545,25,0,7637225,127716,127660,0
67640608,14,-1,7637225,0,0,0
67640671,13,-1,7837192,1,0,0
67640763,16,0,7837192,67837192,67937192,296431
67640852,17,0,7837192,0,0,0
67640907,20,0,7837192,127604,127496,0
67737078,4,-1,67737075,0,0,0
67737171,5,-1,67737075,127604,127496,0
67737244,6,-1,67737075,12,0,0
67737330,7,-1,67737075,127552,127496,0
67737445,8,-1,67737075,0,0,0
67737505,9,-1,67737075,1,0,0
67737570,11,-1,67737075,1,359,0
67737631,12,-1,67737075,0,0,0
67839304,4,-1,67839300,0,0,0
67839386,5,-1,67839300,127516,127496,0
67839462,6,-1,67839300,22,0,0
67839552,7,-1,67839300,127460,127460,0
67839633,8,-1,67839300,0,0,0
67839697,9,-1,67839300,1,0,0
67839764,11,-1,67839300,1,360,0
67839830,12,-1,67839300,0,0,0
67839934,15,0,7837192,0,0,0
67840059,18,0,7837192,0,0,0
67840497,19,0,7837192,0,0,0
67840675,24,0,7837192,0,0,0
67840783,1,0,7837192,3978756697,0,0
67840907,21,0,7837192,127424,127424,0
67844290,25,0,7837192,127424,127424,0
67844425,14,-1,7837192,0,0,0
67844620,13,-1,7937226,1,0,0
67844752,16,0,7937226,67937226,68037226,192476
67844913,17,0,7937226,0,0,0
67845031,20,0,7937226,127604,127424,0
67937113,4,-1,67937109,0,0,0
67937272,5,-1,67937109,127604,127424,0
67937433,6,-1,67937109,38,0,0
67937567,7,-1,67937109,127524,127404,0
67937713,8,-1,67937109,0,0,0
67937818,2,0,67937,0,0,0
67937911,9,-1,67937109,0,1,0
67938024,12,-1,67937109,0,0,0
67938136,15,0,7937226,0,0,0
67938250,18,0,7937226,0,0,0
67941374,19,0,7937226,0,0,0
67941540,24,0,7937226,0,0,0
67941647,1,0,7937226,3381642810,0,0
67941768,21,0,7937226,127524,127404,0
67941889,25,0,7937226,127524,127404,0
67942009,14,-1,7937226,0,0,0
67942125,13,-1,8137150,1,0,0
67942247,16,0,8137150,68137150,68237150,294905
67942426,17,0,8137150,0,0,0
67942528,20,0,8137150,127560,127404,0
68037063,4,-1,68037060,0,0,0
68037145,5,-1,68037060,127560,127404,0
68037213,6,-1,68037060,1,0,0
68037300,7,-1,68037060,127508,127404,0
68037386,8,-1,68037060,0,0,0
68037444,9,-1,68037060,1,0,0
68037508,11,-1,68037060,1,359,0
68037569,12,-1,68037060,0,0,0
68137107,4,-1,68137102,0,0,0
68137244,5,-1,68137102,127472,127404,0
68137381,6,-1,68137102,0,0,0
68137554,15,0,8137150,0,0,0
68137656,18,0,8137150,0,0,0
68141486,19,0,8137150,0,0,0
68141677,24,0,8137150,0,0,0
68141785,1,0,8137150,2482400609,0,0
68141905,21,0,8137150,127472,127404,0
68142050,25,0,8137150,127472,127404,0
68142170,14,-1,8137150,0,0,0
68142287,13,-1,8637154,1,0,0
68142411,16,0,8637154,68637154,68737154,594746
68142563,17,0,8637154,0,0,0
68142666,20,0,8637154,127508,127404,0
68237049,4,-1,68237046,0,0,0
68237140,5,-1,68237046,127508,127404,0
68237214,6,-1,68237046,1,0,0
68237292,7,-1,68237046,127456,127404,0
68237384,8,-1,68237046,0,0,0
68237439,9,-1,68237046,1,0,0
68237502,11,-1,68237046,1,359,0
68237562,12,-1,68237046,0,0,0
68337101,4,-1,68337094,0,0,0
68337242,5,-1,68337094,127420,127404,0
68337375,6,-1,68337094,62,0,0
68337510,7,-1,68337094,127324,127324,0
68337658,8,-1,68337094,0,0,0
68337763,9,-1,68337094,1,0,0
68337880,11,-1,68337094,1,360,0
68337995,12,-1,68337094,0,0,0
68437120,4,-1,68437117,0,0,0
68437254,5,-1,68437117,127288,127256,0
68437389,6,-1,68437117,4,0,0
68437532,7,-1,68437117,127244,127244,0
68437681,8,-1,68437117,0,0,0
68437785,9,-1,68437117,1,0,0
68437905,11,-1,68437117,1,361,0
68438012,12,-1,68437117,0,0,0
68537123,4,-1,68537119,0,0,0
68537263,5,-1,68537119,127208,127208,0
68537401,6,-1,68537119,10,0,0
68537530,7,-1,68537119,127164,127164,0
68537672,8,-1,68537119,0,0,0
68537774,9,-1,68537119,1,0,0
68537888,11,-1,68537119,1,362,0
68537996,12,-1,68537119,0,0,0
68641374,4,-1,68641365,0,0,0
68641517,5,-1,68641365,127128,127128,0
68641641,6,-1,68641365,1,0,0
68641770,7,-1,68641365,127084,127084,0
68641913,8,-1,68641365,0,0,0
68642060,9,-1,68641365,1,0,0
68642181,11,-1,68641365,1,363,0
68642300,12,-1,68641365,0,0,0
68642465,15,0,8637154,0,0,0
68642622,18,0,8637154,0,0,0
68645099,19,0,8637154,0,0,0
68645238,24,0,8637154,0,0,0
68645368,1,0,8637154,3759616242,0,0
68645491,21,0,8637154,127048,127048,0
68645611,25,0,8637154,127048,127048,0
68645729,14,-1,8637154,0,0,0
68645843,13,-1,8737222,1,0,0
68645962,16,0,8737222,68737222,68837222,191262
68646136,17,0,8737222,0,0,0
68646247,20,0,8737222,127068,127048,0
68737121,4,-1,68737117,0,0,0
68737294,5,-1,68737117,127068,127048,0
68737432,6,-1,68737117,16,0,0
68737580,7,-1,68737117,127020,127020,0
68737732,8,-1,68737117,0,0,0
68737851,2,0,68737,0,0,0
68737942,9,-1,68737117,0,1,0
68738041,12,-1,68737117,0,0,0
68738234,15,0,8737222,0,0,0
68738349,18,0,8737222,0,0,0
68741745,19,0,8737222,0,0,0
68741906,24,0,8737222,0,0,0
68741968,1,0,8737222,3957350087,0,0
68742080,21,0,8737222,127020,127000,0
68742143,25,0,8737222,127020,127000,0
68742200,14,-1,8737222,0,0,0
68742263,13,-1,8937121,1,0,0
68742332,16,0,8937121,68937121,69037121,294791
68742413,17,0,8937121,0,0,0
68742467,20,0,8937121,127076,127000,0
68837095,4,-1,68837091,0,0,0
68837251,5,-1,68837091,127076,127000,0
68837395,6,-1,68837091,12,0,0
68837527,7,-1,68837091,127020,127000,0
68837677,8,-1,68837091,0,0,0
68837779,9,-1,68837091,1,0,0
68837894,11,-1,68837091,1,362,0
68838005,12,-1,68837091,0,0,0
68937099,4,-1,68937095,0,0,0
68937184,5,-1,68937095,126984,126984,0
68937288,6,-1,68937095,0,0,0
68937396,15,0,8937121,0,0,0
68937500,18,0,8937121,0,0,0
68941356,19,0,8937121,0,0,0
68941491,24,0,8937121,0,0,0
68941555,1,0,8937121,3454373319,0,0
68941624,21,0,8937121,126984,126984,0
68941687,25,0,8937121,126984,126984,0
68941750,14,-1,8937121,0,0,0
68941816,13,-1,9037270,1,0,0
68941885,16,0,9037270,69037270,69137270,195386
68941970,17,0,9037270,0,0,0
68942027,20,0,9037270,127020,126984,0
69037096,4,-1,69037093,0,0,0
69037189,5,-1,69037093,127020,126984,0
69037269,6,-1,69037093,1,0,0
69037347,7,-1,69037093,126968,126968,0
69037449,8,-1,69037093,0,0,0
69037509,9,-1,69037093,1,0,0
69037574,11,-1,69037093,1,362,0
69037634,12,-1,69037093,0,0,0
69037734,15,0,9037270,0,0,0
69037836,18,0,9037270,0,0,0
69041643,19,0,9037270,0,0,0
69041774,24,0,9037270,0,0,0
69041834,1,0,9037270,135029208,0,0
69041899,21,0,9037270,126932,126932,0
69041965,25,0,9037270,126932,126932,0
69042046,14,-1,9037270,0,0,0
69042126,13,-1,9237125,1,0,0
69042196,16,0,9237125,69237125,69337125,294931
69042287,17,0,9237125,0,0,0
69042344,20,0,9237125,126968,126932,0
69137046,4,-1,69137042,0,0,0
69137197,5,-1,69137042,126968,126932,0
69137350,6,-1,69137042,0,0,0
69237098,4,-1,69237094,0,0,0
69237281,5,-1,69237094,126968,126932,0
69237409,6,-1,69237094,6,0,0
69237537,7,-1,69237094,126916,126916,0
69237679,8,-1,69237094,0,0,0
69237783,9,-1,69237094,1,0,0
69237899,11,-1,69237094,1,362,0
69238009,12,-1,69237094,0,0,0
69238197,15,0,9237125,0,0,0
69238349,18,0,9237125,0,0,0
69240767,19,0,9237125,0,0,0
69240881,24,0,9237125,0,0,0
69240941,1,0,9237125,3759616242,0,0
69241006,21,0,9237125,126880,126880,0
69241135,25,0,9237125,126880,126880,0
69241255,14,-1,9237125,0,0,0
69241369,13,-1,9337334,1,0,0
69241487,16,0,9337334,69337334,69437334,195849
69241635,17,0,9337334,0,0,0
69241736,20,0,9337334,126912,126880,0
69337107,4,-1,69337103,0,0,0
69337270,5,-1,69337103,126912,126880,0
69337402,6,-1,69337103,0,0,0
69337574,15,0,9337334,0,0,0
69337672,18,0,9337334,0,0,0
69341515,19,0,9337334,0,0,0
69341652,24,0,9337334,0,0,0
69341712,1,0,9337334,3475216822,0,0
69341782,21,0,9337334,126912,126880,0
69341848,25,0,9337334,126912,126880,0
69341910,14,-1,9337334,0,0,0
69341972,13,-1,9537128,1,0,0
69342083,16,0,9537128,69537128,69637128,295049
69342271,17,0,9537128,0,0,0
69342387,20,0,9537128,126952,126880,0
69437037,4,-1,69437033,0,0,0
69437129,5,-1,69437033,126952,126880,0
69437209,6,-1,69437033,16,0,0
69437290,7,-1,69437033,126896,126880,0
69437383,8,-1,69437033,0,0,0
69437442,9,-1,69437033,1,0,0
69437507,11,-1,69437033,1,361,0
69437567,12,-1,69437033,0,0,0
69537085,4,-1,69537081,0,0,0
69537223,5,-1,69537081,126860,126844,0
69537397,6,-1,69537081,43,0,0
69537529,7,-1,69537081,126784,126768,0
69537670,8,-1,69537081,0,0,0
69537775,9,-1,69537081,1,0,0
69537896,11,-1,69537081,1,362,0
69538014,12,-1,69537081,0,0,0
69538119,15,0,9537128,0,0,0
69538225,18,0,9537128,0,0,0
69542046,19,0,9537128,0,0,0
69542130,24,0,9537128,0,0,0
69542191,1,0,9537128,135029208,0,0
69542259,21,0,9537128,126748,126720,0
69542325,25,0,9537128,126748,126720,0
69542384,14,-1,9537128,0,0,0
69542445,13,-1,9737155,1,0,0
69542509,16,0,9737155,69737155,69837155,294648
69542591,17,0,9737155,0,0,0
69542644,20,0,9737155,126784,126720,0
69637090,4,-1,69637082,0,0,0
69637292,5,-1,69637082,126784,126720,0
69637388,6,-1,69637082,9,0,0
69637485,7,-1,69637082,126732,126720,0
69637581,8,-1,69637082,0,0,0
69637639,9,-1,69637082,1,0,0
69637707,11,-1,69637082,1,362,0
69637769,12,-1,69637082,0,0,0
69737101,4,-1,69737095,0,0,0
69737267,5,-1,69737095,126696,126696,0
69737408,6,-1,69737095,11,0,0
69737559,7,-1,69737095,126652,126652,0
69737705,8,-1,69737095,0,0,0
69737806,9,-1,69737095,1,0,0
69737918,11,-1,69737095,1,363,0
69738022,12,-1,69737095,0,0,0
69738246,15,0,9737155,0,0,0
69738386,18,0,9737155,0,0,0
69742328,19,0,9737155,0,0,0
69742472,24,0,9737155,0,0,0
69742533,1,0,9737155,287261893,0,0
69742600,21,0,9737155,126616,126616,0
69742663,25,0,9737155,126616,126616,0
69742723,14,-1,9737155,0,0,0
69742788,13,-1,9837244,1,0,0
69742857,16,0,9837244,69837244,69937244,194389
69742936,17,0,9837244,0,0,0
69742989,20,0,9837244,126600,126548,0
69837105,4,-1,69837100,0,0,0
69837269,5,-1,69837100,126600,126548,0
69837409,6,-1,69837100,3,0,0
69837547,7,-1,69837100,126548,126548,0
69837691,8,-1,69837100,0,0,0
69837797,9,-1,69837100,1,0,0
69837920,11,-1,69837100,1,363,0
69838022,12,-1,69837100,0,0,0
69838227,15,0,9837244,0,0,0
69838333,18,0,9837244,0,0,0
69838910,19,0,9837244,0,0,0
69839074,24,0,9837244,0,0,0
69839139,1,0,9837244,2783473959,0,0
69839205,21,0,9837244,126512,126512,0
69839271,25,0,9837244,126512,126512,0
69839330,14,-1,9837244,0,0,0
69839391,13,-1,10037128,1,0,0
69839457,16,0,10037128,70037128,70137128,297673
69839541,17,0,10037128,0,0,0
69839595,20,0,10037128,126600,126512,0
69937074,4,-1,69937070,0,0,0
69937165,5,-1,69937070,126600,126512,0
69937234,6,-1,69937070,12,0,0
69937311,7,-1,69937070,126552,126512,0
69937402,8,-1,69937070,0,0,0
69937456,2,0,69937,0,0,0
69937505,9,-1,69937070,0,1,0
69937561,12,-1,69937070,0,0,0
70037086,4,-1,70037082,0,0,0
70037156,5,-1,70037082,126552,126512,0
70037224,6,-1,70037082,0,0,0
70037385,15,0,10037128,0,0,0
70037562,18,0,10037128,0,0,0
70041130,19,0,10037128,0,0,0
70041327,24,0,10037128,0,0,0
70041392,1,0,10037128,135029208,0,0
70041457,21,0,10037128,126552,126512,0
70041522,25,0,10037128,126552,126512,0
70041586,14,-1,10037128,0,0,0
70041652,13,-1,10139550,1,0,0
70041721,16,0,10139550,70139550,70239550,197831
70041805,17,0,10139550,0,0,0
70041861,20,0,10139550,126564,126512,0
70137032,4,-1,70137028,0,0,0
70137114,5,-1,70137028,126564,126512,0
70137181,6,-1,70137028,0,0,0
70139780,15,0,10139550,0,0,0
70139941,18,0,10139550,0,0,0
70143721,19,0,10139550,0,0,0
70143870,24,0,10139550,0,0,0
70143932,1,0,10139550,924597445,0,0
70144000,21,0,10139550,126564,126512,0
70144060,25,0,10139550,126564,126512,0
70144121,14,-1,10139550,0,0,0
70144177,13,-1,10337154,1,0,0
70144249,16,0,10337154,70337154,70437154,292907
70144334,17,0,10337154,0,0,0
70144395,20,0,10337154,126604,126512,0
70237090,4,-1,70237085,0,0,0
70237244,5,-1,70237085,126604,126512,0
70237383,6,-1,70237085,73,0,0
70237528,7,-1,70237085,126484,126468,0
70237670,8,-1,70237085,0,0,0
70237774,9,-1,70237085,1,0,0
70237890,11,-1,70237085,1,361,0
70238003,12,-1,70237085,0,0,0
70337095,4,-1,70337090,0,0,0
70337270,5,-1,70337090,126444,126384,0
70337413,6,-1,70337090,1,0,0
70337547,7,-1,70337090,126400,126384,0
70337695,8,-1,70337090,0,0,0
70337798,9,-1,70337090,1,0,0
70337912,11,-1,70337090,1,362,0
70338048,12,-1,70337090,0,0,0
70338218,15,0,10337154,0,0,0
70338378,18,0,10337154,0,0,0
70341251,19,0,10337154,0,0,0
70341394,24,0,10337154,0,0,0
70341460,1,0,10337154,506443507,0,0
70341529,21,0,10337154,126364,126364,0
70341594,25,0,10337154,126364,126364,0
70341657,14,-1,10337154,0,0,0
70341721,13,-1,10537154,1,0,0
70341788,16,0,10537154,70537154,70637154,295367
70341873,17,0,10537154,0,0,0
70341928,20,0,10537154,126420,126364,0
70437097,4,-1,70437092,0,0,0
70437243,5,-1,70437092,126420,126364,0
70437376,6,-1,70437092,17,0,0
70437508,7,-1,70437092,126360,126340,0
70437654,8,-1,70437092,0,0,0
70437757,9,-1,70437092,1,0,0
70437872,11,-1,70437092,1,362,0
70437978,12,-1,70437092,0,0,0
70537094,4,-1,70537089,0,0,0
70537230,5,-1,70537089,126324,126304,0
70537392,6,-1,70537089,11,0,0
70537520,7,-1,70537089,126276,126276,0
70537663,8,-1,70537089,0,0,0
70537765,2,0,70537,0,0,0
70537858,9,-1,70537089,0,1,0
70537959,12,-1,70537089,0,0,0
70538175,15,0,10537154,0,0,0
70538343,18,0,10537154,0,0,0
70540711,19,0,10537154,0,0,0
70540884,24,0,10537154,0,0,0
70541005,1,0,10537154,135029208,0,0
70541150,21,0,10537154,126276,126260,0
70541282,25,0,10537154,126276,126260,0
70541403,14,-1,10537154,0,0,0
70541522,13,-1,10737123,1,0,0
70541646,16,0,10737123,70737123,70837123,295479
70541802,17,0,10737123,0,0,0
70541907,20,0,10737123,126312,126260,0
70637101,4,-1,70637096,0,0,0
70637248,5,-1,70637096,126312,126260,0
70637382,6,-1,70637096,11,0,0
70637515,7,-1,70637096,126260,126260,0
70637660,8,-1,70637096,0,0,0
70637762,9,-1,70637096,1,0,0
70637877,11,-1,70637096,1,362,0
70637992,12,-1,70637096,0,0,0
70737090,4,-1,70737085,0,0,0
70737234,5,-1,70737085,126224,126224,0
70737379,6,-1,70737085,0,0,0
70737545,15,0,10737123,0,0,0
70737706,18,0,10737123,0,0,0
70740865,19,0,10737123,0,0,0
70741022,24,0,10737123,0,0,0
70741087,1,0,10737123,135029208,0,0
70741151,21,0,10737123,126224,126224,0
70741214,25,0,10737123,126224,126224,0
70741275,14,-1,10737123,0,0,0
70741340,13,-1,10937115,1,0,0
70741412,16,0,10937115,70937115,71037115,295705
70741497,17,0,10937115,0,0,0
70741552,20,0,10937115,126224,126172,0
70837110,4,-1,70837105,0,0,0
70837285,5,-1,70837105,126224,126172,0
70837428,6,-1,70837105,3,0,0
70837569,7,-1,70837105,126172,126172,0
70837748,8,-1,70837105,0,0,0
70837861,9,-1,70837105,1,0,0
70837972,11,-1,70837105,1,362,0
70838081,12,-1,70837105,0,0,0
70937067,4,-1,70937062,0,0,0
70937159,5,-1,70937062,126136,126136,0
70937240,6,-1,70937062,1,0,0
70937319,7,-1,70937062,126092,126092,0
70937405,8,-1,70937062,0,0,0
70937462,2,0,70937,0,0,0
70937512,9,-1,70937062,0,1,0
70937569,12,-1,70937062,0,0,0
70937720,15,0,10937115,0,0,0
70937872,18,0,10937115,0,0,0
70940255,19,0,10937115,0,0,0
70940379,24,0,10937115,0,0,0
70940444,1,0,10937115,3426913759,0,0
70940515,21,0,10937115,126092,126076,0
70940583,25,0,10937115,126092,126076,0
70940649,14,-1,10937115,0,0,0
70940714,13,-1,11037331,1,0,0
70940783,16,0,11037331,71037331,71137331,196549
70940871,17,0,11037331,0,0,0
70940928,20,0,11037331,126164,126076,0
71037105,4,-1,71037101,0,0,0
71037263,5,-1,71037101,126164,126076,0
71037397,6,-1,71037101,1,0,0
71037555,7,-1,71037101,126116,126076,0
71037702,8,-1,71037101,0,0,0
71037805,9,-1,71037101,1,0,0
71037921,11,-1,71037101,1,362,0
71038056,12,-1,71037101,0,0,0
71038227,15,0,11037331,0,0,0
71038382,18,0,11037331,0,0,0
71041780,19,0,11037331,0,0,0
71041907,24,0,11037331,0,0,0
71041972,1,0,11037331,2413698809,0,0
71042043,21,0,11037331,126080,126076,0
71042109,25,0,11037331,126080,126076,0
71042172,14,-1,11037331,0,0,0
71042239,13,-1,11237234,1,0,0
71042310,16,0,11237234,71237234,71337234,294926
71042407,17,0,11237234,0,0,0
71042464,20,0,11237234,126116,126076,0
71137069,4,-1,71137064,0,0,0
71137170,5,-1,71137064,126116,126076,0
71137251,6,-1,71137064,0,0,0
71237097,4,-1,71237093,0,0,0
71237229,5,-1,71237093,126116,126076,0
71237357,6,-1,71237093,5,0,0
71237491,7,-1,71237093,126056,126056,0
71237641,8,-1,71237093,0,0,0
71237745,9,-1,71237093,1,0,0
71237860,11,-1,71237093,1,362,0
71237967,12,-1,71237093,0,0,0
71238165,15,0,11237234,0,0,0
71238287,18,0,11237234,0,0,0
71241685,19,0,11237234,0,0,0
71241860,24,0,11237234,0,0,0
71241936,1,0,11237234,75140307,0,0
71242005,21,0,11237234,126020,126020,0
71242120,25,0,11237234,126020,126020,0
71242188,14,-1,11237234,0,0,0
71242258,13,-1,11437138,1,0,0
71242331,16,0,11437138,71437138,71537138,294809
71242418,17,0,11437138,0,0,0
71242476,20,0,11437138,126056,126020,0
71337072,4,-1,71337068,0,0,0
71337157,5,-1,71337068,126056,126020,0
71337234,6,-1,71337068,0,0,0
71437090,4,-1,71437086,0,0,0
71437255,5,-1,71437086,126056,126020,0
71437396,6,-1,71437086,1,0,0
71437542,7,-1,71437086,126004,126004,0
71437705,8,-1,71437086,0,0,0
71437809,9,-1,71437086,1,0,0
71437919,11,-1,71437086,1,362,0
71438049,12,-1,71437086,0,0,0
71438241,15,0,11437138,0,0,0
71438407,18,0,11437138,0,0,0
71441291,19,0,11437138,0,0,0
71441655,24,0,11437138,0,0,0
71441764,1,0,11437138,135029208,0,0
71441880,21,0,11437138,125968,125968,0
71442062,25,0,11437138,125968,125968,0
71442186,14,-1,11437138,0,0,0
71442319,13,-1,11637234,1,0,0
71442441,16,0,11637234,71637234,71737234,294796
71442592,17,0,11637234,0,0,0
71442695,20,0,11637234,126004,125968,0
71537052,4,-1,71537048,0,0,0
71537208,5,-1,71537048,126004,125968,0
71537341,6,-1,71537048,4,0,0
71537483,7,-1,71537048,125952,125952,0
71537649,8,-1,71537048,0,0,0
71537762,2,0,71537,0,0,0
71537850,9,-1,71537048,0,1,0
71537947,12,-1,71537048,0,0,0
71639092,4,-1,71639089,0,0,0
71639225,5,-1,71639089,125952,125936,0
71639355,6,-1,71639089,1,0,0
71639491,7,-1,71639089,125908,125908,0
71639634,8,-1,71639089,0,0,0
71639745,9,-1,71639089,1,0,0
71639860,11,-1,71639089,1,362,0
71639967,12,-1,71639089,0,0,0
71640200,15,0,11637234,0,0,0
71640324,18,0,11637234,0,0,0
71642683,19,0,11637234,0,0,0
71642846,24,0,11637234,0,0,0
71642959,1,0,11637234,3296914057,0,0
71643110,21,0,11637234,125872,125872,0
71643238,25,0,11637234,125872,125872,0
71643366,14,-1,11637234,0,0,0
71643483,13,-1,11837282,1,0,0
71643604,16,0,11837282,71837282,71937282,293681
71643759,17,0,11837282,0,0,0
71643864,20,0,11837282,125908,125872,0
71737100,4,-1,71737097,0,0,0
71737184,5,-1,71737097,125908,125872,0
71737256,6,-1,71737097,5,0,0
71737330,7,-1,71737097,125856,125856,0
71737413,8,-1,71737097,0,0,0
71737472,2,0,71737,0,0,0
71737523,9,-1,71737097,0,1,0
71737585,12,-1,71737097,0,0,0
71837064,4,-1,71837060,0,0,0
71837197,5,-1,71837060,125856,125840,0
71837337,6,-1,71837060,41,0,0
71837472,7,-1,71837060,125780,125780,0
71837616,8,-1,71837060,0,0,0
71837719,9,-1,71837060,1,0,0
71837833,11,-1,71837060,1,362,0
71837939,12,-1,71837060,0,0,0
71838138,15,0,11837282,0,0,0
71838248,18,0,11837282,0,0,0
71842143,19,0,11837282,0,0,0
71842253,24,0,11837282,0,0,0
71842317,1,0,11837282,135029208,0,0
71842394,21,0,11837282,125744,125732,0
71842462,25,0,11837282,125744,125732,0
71842525,14,-1,11837282,0,0,0
71842592,13,-1,12037123,1,0,0
71842666,16,0,12037123,72037123,72137123,294458
71842755,17,0,12037123,0,0,0
71842811,20,0,12037123,125756,125704,0
71937097,4,-1,71937092,0,0,0
71937263,5,-1,71937092,125756,125704,0
71937404,6,-1,71937092,0,0,0
72037054,4,-1,72037048,0,0,0
72037238,5,-1,72037048,125756,125704,0
72037376,6,-1,72037048,2,0,0
72037515,7,-1,72037048,125704,125704,0
72037678,8,-1,72037048,0,0,0
72037782,9,-1,72037048,1,0,0
72037899,11,-1,72037048,1,362,0
72038006,12,-1,72037048,0,0,0
72038246,15,0,12037123,0,0,0
72038448,18,0,12037123,0,0,0
72041498,19,0,12037123,0,0,0
72041635,24,0,12037123,0,0,0
72041734,1,0,12037123,1778074027,0,0
72041807,21,0,12037123,125668,125668,0
72041880,25,0,12037123,125668,125668,0
72041943,14,-1,12037123,0,0,0
72042040,13,-1,12137148,1,0,0
72042113,16,0,12137148,72137148,72237148,195037
72042203,17,0,12137148,0,0,0
72042260,20,0,12137148,125728,125668,0
72137057,4,-1,72137052,0,0,0
72137155,5,-1,72137052,125728,125668,0
72137225,6,-1,72137052,0,0,0
72137381,15,0,12137148,0,0,0
72137546,18,0,12137148,0,0,0
72140682,19,0,12137148,0,0,0
72140826,24,0,12137148,0,0,0
72140885,1,0,12137148,135029208,0,0
72140948,21,0,12137148,125728,125668,0
72141012,25,0,12137148,125728,125668,0
72141074,14,-1,12137148,0,0,0
72141131,13,-1,12637089,1,0,0
72141194,16,0,12637089,72637089,72737089,595896
72141280,17,0,12637089,0,0,0
72141335,20,0,12637089,125764,125668,0
72237068,4,-1,72237064,0,0,0
72237160,5,-1,72237064,125764,125668,0
72237239,6,-1,72237064,0,0,0
72337086,4,-1,72337082,0,0,0
72337163,5,-1,72337082,125764,125668,0
72337234,6,-1,72337082,1,0,0
72337316,7,-1,72337082,125708,125668,0
72337418,8,-1,72337082,0,0,0
72337490,9,-1,72337082,1,0,0
72337567,11,-1,72337082,1,361,0
72337629,12,-1,72337082,0,0,0
72438233,4,-1,72438228,0,0,0
72438365,5,-1,72438228,125668,125668,0
72438508,6,-1,72438228,132,0,0
72438648,7,-1,72438228,125492,125492,0
72438793,8,-1,72438228,0,0,0
72438896,9,-1,72438228,1,0,0
72439039,11,-1,72438228,1,362,0
72439108,12,-1,72438228,0,0,0
72537080,4,-1,72537077,0,0,0
72537226,5,-1,72537077,125456,125344,0
72537362,6,-1,72537077,3,0,0
72537491,7,-1,72537077,125412,125344,0
72537635,8,-1,72537077,0,0,0
72537737,2,0,72537,0,0,0
72537830,9,-1,72537077,0,1,0
72537930,12,-1,72537077,0,0,0
72637089,4,-1,72637083,0,0,0
72637221,5,-1,72637083,125412,125344,0
72637353,6,-1,72637083,0,0,0
72637531,15,0,12637089,0,0,0
72637647,18,0,12637089,0,0,0
72641514,19,0,12637089,0,0,0
72641649,24,0,12637089,0,0,0
72641712,1,0,12637089,135029208,0,0
72641782,21,0,12637089,125412,125344,0
72641849,25,0,12637089,125412,125344,0
72641917,14,-1,12637089,0,0,0
72641986,13,-1,12737144,1,0,0
72642060,16,0,12737144,72737144,72837144,195086
72642145,17,0,12737144,0,0,0
72642204,20,0,12737144,125448,125344,0
72737048,4,-1,72737044,0,0,0
72737145,5,-1,72737044,125448,125344,0
72737220,6,-1,72737044,28,0,0
72737309,7,-1,72737044,125380,125344,0
72737399,8,-1,72737044,0,0,0
72737455,9,-1,72737044,1,0,0
72737522,11,-1,72737044,1,362,0
72737582,12,-1,72737044,0,0,0
72737731,15,0,12737144,0,0,0
72737894,18,0,12737144,0,0,0
72741695,19,0,12737144,0,0,0
72741843,24,0,12737144,0,0,0
72741909,1,0,12737144,3280085357,0,0
72741979,21,0,12737144,125344,125344,0
72742063,25,0,12737144,125344,125344,0
72742128,14,-1,12737144,0,0,0
72742195,13,-1,12937118,1,0,0
72742270,16,0,12937118,72937118,73037118,294850
72742364,17,0,12937118,0,0,0
72742426,20,0,12937118,125380,125344,0
72837028,4,-1,72837024,0,0,0
72837117,5,-1,72837024,125380,125344,0
72837191,6,-1,72837024,10,0,0
72837274,7,-1,72837024,125328,125328,0
72837362,8,-1,72837024,0,0,0
72837426,2,0,72837,0,0,0
72837481,9,-1,72837024,0,1,0
72837545,12,-1,72837024,0,0,0
72937031,4,-1,72937027,0,0,0
72937107,5,-1,72937027,125328,125312,0
72937175,6,-1,72937027,14,0,0
72937257,7,-1,72937027,125280,125280,0
72937348,8,-1,72937027,0,0,0
72937403,9,-1,72937027,1,0,0
72937466,11,-1,72937027,1,362,0
72937526,12,-1,72937027,0,0,0
72937673,15,0,12937118,0,0,0
72937827,18,0,12937118,0,0,0
72940200,19,0,12937118,0,0,0
72940320,24,0,12937118,0,0,0
72940392,1,0,12937118,3280085357,0,0
72940461,21,0,12937118,125244,125244,0
72940530,25,0,12937118,125244,125244,0
72940595,14,-1,12937118,0,0,0
72940659,13,-1,13137148,1,0,0
72940728,16,0,13137148,73137148,73237148,296422
72940817,17,0,13137148,0,0,0
72940872,20,0,13137148,125280,125244,0
73037061,4,-1,73037057,0,0,0
73037147,5,-1,73037057,125280,125244,0
73037220,6,-1,73037057,1,0,0
73037299,7,-1,73037057,125228,125228,0
73037391,8,-1,73037057,0,0,0
73037447,9,-1,73037057,1,0,0
73037511,11,-1,73037057,1,362,0
73037571,12,-1,73037057,0,0,0
73137061,4,-1,73137058,0,0,0
73137141,5,-1,73137058,125192,125192,0
73137220,6,-1,73137058,1,0,0
73137343,7,-1,73137058,125148,125148,0
73137433,8,-1,73137058,0,0,0
73137493,9,-1,73137058,1,0,0
73137559,11,-1,73137058,1,363,0
73137620,12,-1,73137058,0,0,0
73137720,15,0,13137148,0,0,0
73137828,18,0,13137148,0,0,0
73141749,19,0,13137148,0,0,0
73141885,24,0,13137148,0,0,0
73141946,1,0,13137148,168584446,0,0
73142048,21,0,13137148,125112,125112,0
73142103,25,0,13137148,125112,125112,0
73142155,14,-1,13137148,0,0,0
73142213,13,-1,13239343,1,0,0
73142273,16,0,13239343,73239343,73339343,197072
73142350,17,0,13239343,0,0,0
73142396,20,0,13239343,125148,125112,0
73237057,4,-1,73237053,0,0,0
73237157,5,-1,73237053,125148,125112,0
73237240,6,-1,73237053,51,0,0
73237323,7,-1,73237053,125056,125056,0
73237409,8,-1,73237053,0,0,0
73237468,2,0,73237,0,0,0
73237519,9,-1,73237053,0,1,0
73237574,12,-1,73237053,0,0,0
73239535,15,0,13239343,0,0,0
73239645,18,0,13239343,0,0,0
73243444,19,0,13239343,0,0,0
73243595,24,0,13239343,0,0,0
73243658,1,0,13239343,135029208,0,0
73243725,21,0,13239343,125056,125000,0
73243791,25,0,13239343,125056,125000,0
73243855,14,-1,13239343,0,0,0
73243919,13,-1,13437223,1,0,0
73243990,16,0,13437223,73437223,73537223,293234
73244079,17,0,13437223,0,0,0
73244137,20,0,13437223,125072,125000,0
73337089,4,-1,73337086,0,0,0
73337186,5,-1,73337086,125072,125000,0
73337264,6,-1,73337086,1,0,0
73337353,7,-1,73337086,125028,125000,0
73337437,8,-1,73337086,0,0,0
73337493,9,-1,73337086,1,0,0
73337559,11,-1,73337086,1,362,0
73337619,12,-1,73337086,0,0,0
