1535169,4,-1,1535163,0,0,0
1535304,5,-1,1535163,170708,170708,0
1535401,6,-1,1535163,21,0,0
1535494,7,-1,1535163,170652,170652,0
1535592,8,-1,1535163,0,0,0
1535665,2,0,1535,0,0,0
1535836,9,-1,1535163,0,1,0
1535918,12,-1,1535163,0,0,0
1635164,4,-1,1635160,0,0,0
1635283,5,-1,1635160,170652,170624,0
1635382,6,-1,1635160,1,0,0
1635486,7,-1,1635160,170608,170608,0
1635590,8,-1,1635160,0,0,0
1635662,9,-1,1635160,1,0,0
1635738,11,-1,1635160,1,6,0
1635815,12,-1,1635160,0,0,0
1735166,4,-1,1735162,0,0,0
1735279,5,-1,1735162,170572,170572,0
1735373,6,-1,1735162,12,0,0
1735463,7,-1,1735162,170528,170528,0
1735560,8,-1,1735162,0,0,0
1735641,9,-1,1735162,1,0,0
1735723,11,-1,1735162,1,7,0
1735797,12,-1,1735162,0,0,0
1835165,4,-1,1835162,0,0,0
1835263,5,-1,1835162,170492,170492,0
1835353,6,-1,1835162,5,0,0
1835447,7,-1,1835162,170448,170448,0
1835547,8,-1,1835162,0,0,0
1835634,9,-1,1835162,1,0,0
1835726,11,-1,1835162,1,8,0
1835808,12,-1,1835162,0,0,0
1935159,4,-1,1935157,0,0,0
1935249,5,-1,1935157,170412,170412,0
1935348,6,-1,1935157,1,0,0
1935441,7,-1,1935157,170368,170368,0
1935546,8,-1,1935157,0,0,0
1935621,2,0,1935,0,0,0
1935685,9,-1,1935157,0,1,0
1935757,12,-1,1935157,0,0,0
2035160,4,-1,2035157,0,0,0
2035257,5,-1,2035157,170368,170352,0
2035359,6,-1,2035157,27,0,0
2035447,7,-1,2035157,170308,170308,0
2035548,8,-1,2035157,0,0,0
2035624,9,-1,2035157,1,0,0
2035701,11,-1,2035157,1,9,0
2035778,12,-1,2035157,0,0,0
2135159,4,-1,2135157,0,0,0
2135251,5,-1,2135157,170272,170272,0
2135354,6,-1,2135157,9,0,0
2135445,7,-1,2135157,170228,170228,0
2135545,8,-1,2135157,0,0,0
2135621,9,-1,2135157,1,0,0
2135709,11,-1,2135157,1,10,0
2135788,12,-1,2135157,0,0,0
2235159,4,-1,2235157,0,0,0
2235259,5,-1,2235157,170192,170192,0
2235355,6,-1,2235157,1,0,0
2235447,7,-1,2235157,170148,170148,0
2235541,8,-1,2235157,0,0,0
2235613,9,-1,2235157,1,0,0
2235690,11,-1,2235157,1,11,0
2235766,12,-1,2235157,0,0,0
2335159,4,-1,2335157,0,0,0
2335258,5,-1,2335157,170112,170112,0
2335352,6,-1,2335157,1,0,0
2335439,7,-1,2335157,170068,170068,0
2335542,8,-1,2335157,0,0,0
2335615,9,-1,2335157,1,0,0
2335693,11,-1,2335157,1,12,0
2335774,12,-1,2335157,0,0,0
2435168,4,-1,2435163,0,0,0
2435302,5,-1,2435163,170032,170032,0
2435393,6,-1,2435163,0,0,0
2535168,4,-1,2535163,0,0,0
2535295,5,-1,2535163,170032,170032,0
2535394,6,-1,2535163,8,0,0
2535500,7,-1,2535163,169988,169988,0
2535612,8,-1,2535163,0,0,0
2535687,9,-1,2535163,1,0,0
2535766,11,-1,2535163,1,13,0
2535846,12,-1,2535163,0,0,0
2635163,4,-1,2635159,0,0,0
2635272,5,-1,2635159,169952,169952,0
2635372,6,-1,2635159,1,0,0
2635470,7,-1,2635159,169908,169908,0
2635582,8,-1,2635159,0,0,0
2635655,2,0,2635,0,0,0
2635718,9,-1,2635159,0,1,0
2635788,12,-1,2635159,0,0,0
2735160,4,-1,2735157,0,0,0
2735254,5,-1,2735157,169908,169892,0
2735351,6,-1,2735157,23,0,0
2735445,7,-1,2735157,169852,169852,0
2735541,8,-1,2735157,0,0,0
2735614,9,-1,2735157,1,0,0
2735692,11,-1,2735157,1,14,0
2735768,12,-1,2735157,0,0,0
2835159,4,-1,2835157,0,0,0
2835253,5,-1,2835157,169816,169816,0
2835347,6,-1,2835157,17,0,0
2835442,7,-1,2835157,169764,169764,0
2835556,8,-1,2835157,0,0,0
2835638,9,-1,2835157,1,0,0
2835725,11,-1,2835157,1,15,0
2835804,12,-1,2835157,0,0,0
2935159,4,-1,2935157,0,0,0
2935252,5,-1,2935157,169728,169728,0
2935351,6,-1,2935157,1,0,0
2935446,7,-1,2935157,169684,169684,0
2935559,8,-1,2935157,0,0,0
2935638,9,-1,2935157,1,0,0
2935716,11,-1,2935157,1,16,0
2935791,12,-1,2935157,0,0,0
3035163,4,-1,3035159,0,0,0
3035266,5,-1,3035159,169648,169648,0
3035363,6,-1,3035159,1,0,0
3035459,7,-1,3035159,169604,169604,0
3035563,8,-1,3035159,0,0,0
3035637,9,-1,3035159,1,0,0
3035718,11,-1,3035159,1,17,0
3035795,12,-1,3035159,0,0,0
3135160,4,-1,3135157,0,0,0
3135252,5,-1,3135157,169568,169568,0
3135353,6,-1,3135157,18,0,0
3135444,7,-1,3135157,169516,169516,0
3135539,8,-1,3135157,0,0,0
3135612,2,0,3135,0,0,0
3135676,9,-1,3135157,0,1,0
3135748,12,-1,3135157,0,0,0
3235159,4,-1,3235157,0,0,0
3235247,5,-1,3235157,169516,169492,0
3235347,6,-1,3235157,0,0,0
3335159,4,-1,3335157,0,0,0
3335260,5,-1,3335157,169516,169492,0
3335356,6,-1,3335157,3,0,0
3335448,7,-1,3335157,169472,169472,0
3335546,8,-1,3335157,0,0,0
3335618,9,-1,3335157,1,0,0
3335694,11,-1,3335157,1,18,0
3335768,12,-1,3335157,0,0,0
3435159,4,-1,3435157,0,0,0
3435245,5,-1,3435157,169436,169436,0
3435341,6,-1,3435157,36,0,0
3435432,7,-1,3435157,169368,169368,0
3435536,8,-1,3435157,0,0,0
3435608,9,-1,3435157,1,0,0
3435685,11,-1,3435157,1,19,0
3435758,12,-1,3435157,0,0,0
3535175,4,-1,3535170,0,0,0
3535309,5,-1,3535170,169332,169328,0
3535407,6,-1,3535170,5,0,0
3535499,7,-1,3535170,169288,169288,0
3535598,8,-1,3535170,0,0,0
3535672,9,-1,3535170,1,0,0
3535750,11,-1,3535170,1,20,0
3535827,12,-1,3535170,0,0,0
3635164,4,-1,3635160,0,0,0
3635286,5,-1,3635160,169252,169252,0
3635382,6,-1,3635160,20,0,0
3635488,7,-1,3635160,169200,169200,0
3635594,8,-1,3635160,0,0,0
3635667,2,0,3635,0,0,0
3635730,9,-1,3635160,0,1,0
3635804,12,-1,3635160,0,0,0
3735160,4,-1,3735157,0,0,0
3735258,5,-1,3735157,169200,169176,0
3735359,6,-1,3735157,3,0,0
3735447,7,-1,3735157,169156,169156,0
3735552,8,-1,3735157,0,0,0
3735627,9,-1,3735157,1,0,0
3735707,11,-1,3735157,1,21,0
3735788,12,-1,3735157,0,0,0
3835160,4,-1,3835157,0,0,0
3835254,5,-1,3835157,169120,169120,0
3835350,6,-1,3835157,2,0,0
3835442,7,-1,3835157,169076,169076,0
3835548,8,-1,3835157,0,0,0
3835625,9,-1,3835157,1,0,0
3835707,11,-1,3835157,1,22,0
3835792,12,-1,3835157,0,0,0
3935159,4,-1,3935157,0,0,0
3935254,5,-1,3935157,169040,169040,0
3935350,6,-1,3935157,0,0,0
4035160,4,-1,4035157,0,0,0
4035258,5,-1,4035157,169040,169040,0
4035354,6,-1,4035157,27,0,0
4035446,7,-1,4035157,168980,168980,0
4035548,8,-1,4035157,0,0,0
4035623,9,-1,4035157,1,0,0
4035703,11,-1,4035157,1,23,0
4035786,12,-1,4035157,0,0,0
4135159,4,-1,4135157,0,0,0
4135251,5,-1,4135157,168944,168944,0
4135348,6,-1,4135157,2,0,0
4135434,7,-1,4135157,168900,168900,0
4135533,8,-1,4135157,0,0,0
4135609,9,-1,4135157,1,0,0
4135689,11,-1,4135157,1,24,0
4135770,12,-1,4135157,0,0,0
4235160,4,-1,4235157,0,0,0
4235249,5,-1,4235157,168864,168864,0
4235344,6,-1,4235157,11,0,0
4235432,7,-1,4235157,168820,168820,0
4235531,8,-1,4235157,0,0,0
4235607,9,-1,4235157,1,0,0
4235683,11,-1,4235157,1,25,0
4235759,12,-1,4235157,0,0,0
4335159,4,-1,4335157,0,0,0
4335244,5,-1,4335157,168784,168784,0
4335344,6,-1,4335157,31,0,0
4335436,7,-1,4335157,168720,168720,0
4335576,8,-1,4335157,0,0,0
4335658,9,-1,4335157,1,0,0
4335735,11,-1,4335157,1,26,0
4335811,12,-1,4335157,0,0,0
4435161,4,-1,4435158,0,0,0
4435258,5,-1,4435158,168684,168684,0
4435344,6,-1,4435158,1,0,0
4435427,7,-1,4435158,168640,168640,0
4435522,8,-1,4435158,0,0,0
4435596,9,-1,4435158,1,0,0
4435672,11,-1,4435158,1,27,0
4435748,12,-1,4435158,0,0,0
4535161,4,-1,4535158,0,0,0
4535271,5,-1,4535158,168604,168604,0
4535362,6,-1,4535158,1,0,0
4535457,7,-1,4535158,168560,168560,0
4535559,8,-1,4535158,0,0,0
4535632,9,-1,4535158,1,0,0
4535710,11,-1,4535158,1,28,0
4535786,12,-1,4535158,0,0,0
4635165,4,-1,4635162,0,0,0
4635276,5,-1,4635162,168524,168524,0
4635375,6,-1,4635162,1,0,0
4635471,7,-1,4635162,168480,168480,0
4635570,8,-1,4635162,0,0,0
4635644,9,-1,4635162,1,0,0
4635724,11,-1,4635162,1,29,0
4635805,12,-1,4635162,0,0,0
4735165,4,-1,4735162,0,0,0
4735285,5,-1,4735162,168444,168444,0
4735389,6,-1,4735162,48,0,0
4735484,7,-1,4735162,168364,168364,0
4735591,8,-1,4735162,0,0,0
4735663,9,-1,4735162,1,0,0
4735744,11,-1,4735162,1,30,0
4735824,12,-1,4735162,0,0,0
4835161,4,-1,4835158,0,0,0
4835257,5,-1,4835158,168328,168312,0
4835351,6,-1,4835158,25,0,0
4835445,7,-1,4835158,168268,168268,0
4835544,8,-1,4835158,0,0,0
4835615,2,0,4835,0,0,0
4835678,9,-1,4835158,0,1,0
4835748,12,-1,4835158,0,0,0
4935160,4,-1,4935157,0,0,0
4935254,5,-1,4935157,168268,168236,0
4935343,6,-1,4935157,2,0,0
4935429,7,-1,4935157,168224,168224,0
4935524,8,-1,4935157,0,0,0
4935595,9,-1,4935157,1,0,0
4935671,11,-1,4935157,1,31,0
4935748,12,-1,4935157,0,0,0
5035160,4,-1,5035157,0,0,0
5035253,5,-1,5035157,168188,168188,0
5035345,6,-1,5035157,1,0,0
5035443,7,-1,5035157,168144,168144,0
5035551,8,-1,5035157,0,0,0
5035631,9,-1,5035157,1,0,0
5035720,11,-1,5035157,1,32,0
5035801,12,-1,5035157,0,0,0
5135159,4,-1,5135157,0,0,0
5135250,5,-1,5135157,168108,168108,0
5135355,6,-1,5135157,3,0,0
5135452,7,-1,5135157,168064,168064,0
5135558,8,-1,5135157,0,0,0
5135635,9,-1,5135157,1,0,0
5135721,11,-1,5135157,1,33,0
5135810,12,-1,5135157,0,0,0
5235161,4,-1,5235158,0,0,0
5235266,5,-1,5235158,168028,168028,0
5235368,6,-1,5235158,0,0,0
5335160,4,-1,5335158,0,0,0
5335258,5,-1,5335158,168028,168028,0
5335353,6,-1,5335158,19,0,0
5335451,7,-1,5335158,167976,167976,0
5335563,8,-1,5335158,0,0,0
5335639,9,-1,5335158,1,0,0
5335716,11,-1,5335158,1,34,0
5335794,12,-1,5335158,0,0,0
5435159,4,-1,5435157,0,0,0
5435253,5,-1,5435157,167940,167940,0
5435343,6,-1,5435157,2,0,0
5435432,7,-1,5435157,167896,167896,0
5435539,8,-1,5435157,0,0,0
5435612,2,0,5435,0,0,0
5435675,9,-1,5435157,0,1,0
5435746,12,-1,5435157,0,0,0
5535170,4,-1,5535166,0,0,0
5535335,5,-1,5535166,167896,167880,0
5535439,6,-1,5535166,1,0,0
5535533,7,-1,5535166,167852,167852,0
5535632,8,-1,5535166,0,0,0
5535711,9,-1,5535166,1,0,0
5535791,11,-1,5535166,1,35,0
5535868,12,-1,5535166,0,0,0
5635170,4,-1,5635165,0,0,0
5635322,5,-1,5635165,167816,167816,0
5635418,6,-1,5635165,0,0,0
5735167,4,-1,5735162,0,0,0
5735327,5,-1,5735162,167816,167816,0
5735416,6,-1,5735162,22,0,0
5735510,7,-1,5735162,167760,167760,0
5735616,8,-1,5735162,0,0,0
5735692,9,-1,5735162,1,0,0
5735772,11,-1,5735162,1,36,0
5735848,12,-1,5735162,0,0,0
5835166,4,-1,5835162,0,0,0
5835293,5,-1,5835162,167724,167724,0
5835395,6,-1,5835162,10,0,0
5835489,7,-1,5835162,167680,167680,0
5835588,8,-1,5835162,0,0,0
5835665,9,-1,5835162,1,0,0
5835747,11,-1,5835162,1,37,0
5835829,12,-1,5835162,0,0,0
5935167,4,-1,5935163,0,0,0
5935297,5,-1,5935163,167644,167644,0
5935394,6,-1,5935163,3,0,0
5935488,7,-1,5935163,167600,167600,0
5935595,8,-1,5935163,0,0,0
5935673,9,-1,5935163,1,0,0
5935760,11,-1,5935163,1,38,0
5935841,12,-1,5935163,0,0,0
6035165,4,-1,6035161,0,0,0
6035285,5,-1,6035161,167564,167564,0
6035381,6,-1,6035161,5,0,0
6035477,7,-1,6035161,167520,167520,0
6035579,8,-1,6035161,0,0,0
6035654,2,0,6035,0,0,0
6035720,9,-1,6035161,0,1,0
6035794,12,-1,6035161,0,0,0
6135165,4,-1,6135161,0,0,0
6135287,5,-1,6135161,167520,167504,0
6135382,6,-1,6135161,1,0,0
6135474,7,-1,6135161,167476,167476,0
6135580,8,-1,6135161,0,0,0
6135656,9,-1,6135161,1,0,0
6135734,11,-1,6135161,1,39,0
6135812,12,-1,6135161,0,0,0
6235160,4,-1,6235158,0,0,0
6235263,5,-1,6235158,167440,167440,0
6235360,6,-1,6235158,7,0,0
6235454,7,-1,6235158,167396,167396,0
6235550,8,-1,6235158,0,0,0
6235621,2,0,6235,0,0,0
6235684,9,-1,6235158,0,1,0
6235756,12,-1,6235158,0,0,0
6335160,4,-1,6335157,0,0,0
6335264,5,-1,6335157,167396,167380,0
6335369,6,-1,6335157,1,0,0
6335457,7,-1,6335157,167352,167352,0
6335559,8,-1,6335157,0,0,0
6335631,9,-1,6335157,1,0,0
6335709,11,-1,6335157,1,40,0
6335783,12,-1,6335157,0,0,0
6435160,4,-1,6435157,0,0,0
6435276,5,-1,6435157,167316,167316,0
6435370,6,-1,6435157,48,0,0
6435456,7,-1,6435157,167236,167236,0
6435555,8,-1,6435157,0,0,0
6435630,9,-1,6435157,1,0,0
6435707,11,-1,6435157,1,41,0
6435784,12,-1,6435157,0,0,0
6535160,4,-1,6535158,0,0,0
6535256,5,-1,6535158,167200,167184,0
6535355,6,-1,6535158,14,0,0
6535453,7,-1,6535158,167152,167152,0
6535553,8,-1,6535158,0,0,0
6535628,9,-1,6535158,1,0,0
6535707,11,-1,6535158,1,42,0
6535783,12,-1,6535158,0,0,0
6635160,4,-1,6635158,0,0,0
6635263,5,-1,6635158,167116,167116,0
6635359,6,-1,6635158,1,0,0
6635446,7,-1,6635158,167072,167072,0
6635549,8,-1,6635158,0,0,0
6635620,9,-1,6635158,1,0,0
6635696,11,-1,6635158,1,43,0
6635770,12,-1,6635158,0,0,0
6735162,4,-1,6735158,0,0,0
6735266,5,-1,6735158,167036,167036,0
6735360,6,-1,6735158,3,0,0
6735450,7,-1,6735158,166992,166992,0
6735554,8,-1,6735158,0,0,0
6735634,9,-1,6735158,1,0,0
6735729,11,-1,6735158,1,44,0
6735817,12,-1,6735158,0,0,0
6835161,4,-1,6835158,0,0,0
6835269,5,-1,6835158,166956,166956,0
6835370,6,-1,6835158,4,0,0
6835460,7,-1,6835158,166912,166912,0
6835567,8,-1,6835158,0,0,0
6835641,9,-1,6835158,1,0,0
6835719,11,-1,6835158,1,45,0
6835794,12,-1,6835158,0,0,0
6935159,4,-1,6935157,0,0,0
6935253,5,-1,6935157,166876,166876,0
6935347,6,-1,6935157,3,0,0
6935436,7,-1,6935157,166832,166832,0
6935538,8,-1,6935157,0,0,0
6935609,2,0,6935,0,0,0
6935675,9,-1,6935157,0,1,0
6935748,12,-1,6935157,0,0,0
7035168,4,-1,7035163,0,0,0
7035287,5,-1,7035163,166832,166816,0
7035390,6,-1,7035163,41,0,0
7035490,7,-1,7035163,166756,166756,0
7035594,8,-1,7035163,0,0,0
7035670,9,-1,7035163,1,0,0
7035752,11,-1,7035163,1,46,0
7035834,12,-1,7035163,0,0,0
7135160,4,-1,7135158,0,0,0
7135258,5,-1,7135158,166720,166708,0
7135356,6,-1,7135158,20,0,0
7135451,7,-1,7135158,166668,166668,0
7135556,8,-1,7135158,0,0,0
7135628,2,0,7135,0,0,0
7135691,9,-1,7135158,0,1,0
7135764,12,-1,7135158,0,0,0
7235164,4,-1,7235161,0,0,0
7235254,5,-1,7235161,166668,166644,0
7235345,6,-1,7235161,7,0,0
7235433,7,-1,7235161,166624,166624,0
7235531,8,-1,7235161,0,0,0
7235606,9,-1,7235161,1,0,0
7235687,11,-1,7235161,1,47,0
7235769,12,-1,7235161,0,0,0
7335160,4,-1,7335157,0,0,0
7335253,5,-1,7335157,166588,166588,0
7335352,6,-1,7335157,28,0,0
7335444,7,-1,7335157,166528,166528,0
7335540,8,-1,7335157,0,0,0
7335615,2,0,7335,0,0,0
7335681,9,-1,7335157,0,1,0
7335754,12,-1,7335157,0,0,0
7435164,4,-1,7435158,0,0,0
7435258,5,-1,7435158,166528,166496,0
7435358,6,-1,7435158,1,0,0
7435445,7,-1,7435158,166484,166484,0
7435542,8,-1,7435158,0,0,0
7435614,9,-1,7435158,1,0,0
7435691,11,-1,7435158,1,48,0
7435765,12,-1,7435158,0,0,0
7535160,4,-1,7535157,0,0,0
7535261,5,-1,7535157,166448,166448,0
7535350,6,-1,7535157,4,0,0
7535434,7,-1,7535157,166404,166404,0
7535530,8,-1,7535157,0,0,0
7535602,2,0,7535,0,0,0
7535667,9,-1,7535157,0,1,0
7535739,12,-1,7535157,0,0,0
7635165,4,-1,7635163,0,0,0
7635268,5,-1,7635163,166404,166388,0
7635368,6,-1,7635163,145,0,0
7635462,7,-1,7635163,166220,166220,0
7635569,8,-1,7635163,0,0,0
7635642,9,-1,7635163,1,0,0
7635724,11,-1,7635163,1,49,0
7635808,12,-1,7635163,0,0,0
7735160,4,-1,7735157,0,0,0
7735253,5,-1,7735157,166184,166064,0
7735352,6,-1,7735157,3,0,0
7735452,7,-1,7735157,166140,166064,0
7735554,8,-1,7735157,0,0,0
7735633,2,0,7735,0,0,0
7735697,9,-1,7735157,0,1,0
7735769,12,-1,7735157,0,0,0
7835162,4,-1,7835160,0,0,0
7835266,5,-1,7835160,166140,166064,0
7835354,6,-1,7835160,7,0,0
7835441,7,-1,7835160,166096,166064,0
7835542,8,-1,7835160,0,0,0
7835614,9,-1,7835160,1,0,0
7835700,11,-1,7835160,1,50,0
7835781,12,-1,7835160,0,0,0
7935162,4,-1,7935159,0,0,0
7935262,5,-1,7935159,166060,166060,0
7935359,6,-1,7935159,9,0,0
7935452,7,-1,7935159,166016,166016,0
7935555,8,-1,7935159,0,0,0
7935642,2,0,7935,0,0,0
7935705,9,-1,7935159,0,1,0
7935780,12,-1,7935159,0,0,0
8035161,4,-1,8035158,0,0,0
8035264,5,-1,8035158,166016,166000,0
8035358,6,-1,8035158,1,0,0
8035449,7,-1,8035158,165972,165972,0
8035552,8,-1,8035158,0,0,0
8035626,9,-1,8035158,1,0,0
8035706,11,-1,8035158,1,51,0
8035780,12,-1,8035158,0,0,0
8135167,4,-1,8135163,0,0,0
8135302,5,-1,8135163,165936,165936,0
8135402,6,-1,8135163,3,0,0
8135501,7,-1,8135163,165892,165892,0
8135640,8,-1,8135163,0,0,0
8135737,9,-1,8135163,1,0,0
8135841,11,-1,8135163,1,52,0
8135926,12,-1,8135163,0,0,0
8235160,4,-1,8235158,0,0,0
8235258,5,-1,8235158,165856,165856,0
8235352,6,-1,8235158,18,0,0
8235450,7,-1,8235158,165804,165804,0
8235558,8,-1,8235158,0,0,0
8235634,2,0,8235,0,0,0
8235707,9,-1,8235158,0,1,0
8235780,12,-1,8235158,0,0,0
8335161,4,-1,8335158,0,0,0
8335262,5,-1,8335158,165804,165780,0
8335360,6,-1,8335158,0,0,0
8435160,4,-1,8435157,0,0,0
8435251,5,-1,8435157,165804,165780,0
8435344,6,-1,8435157,0,0,0
8535161,4,-1,8535158,0,0,0
8535262,5,-1,8535158,165804,165780,0
8535351,6,-1,8535158,0,0,0
8635160,4,-1,8635157,0,0,0
8635261,5,-1,8635157,165804,165780,0
8635361,6,-1,8635157,27,0,0
8635461,7,-1,8635157,165744,165744,0
8635572,8,-1,8635157,0,0,0
8635652,9,-1,8635157,1,0,0
8635734,11,-1,8635157,1,53,0
8635823,12,-1,8635157,0,0,0
8735159,4,-1,8735157,0,0,0
8735247,5,-1,8735157,165708,165708,0
8735344,6,-1,8735157,7,0,0
8735434,7,-1,8735157,165664,165664,0
8735540,8,-1,8735157,0,0,0
8735613,9,-1,8735157,1,0,0
8735691,11,-1,8735157,1,54,0
8735764,12,-1,8735157,0,0,0
8835161,4,-1,8835158,0,0,0
8835258,5,-1,8835158,165628,165628,0
8835357,6,-1,8835158,3,0,0
8835449,7,-1,8835158,165584,165584,0
8835564,8,-1,8835158,0,0,0
8835647,9,-1,8835158,1,0,0
8835726,11,-1,8835158,1,55,0
8835803,12,-1,8835158,0,0,0
8935159,4,-1,8935157,0,0,0
8935252,5,-1,8935157,165548,165548,0
8935353,6,-1,8935157,1,0,0
8935440,7,-1,8935157,165504,165504,0
8935544,8,-1,8935157,0,0,0
8935628,2,0,8935,0,0,0
8935692,9,-1,8935157,0,1,0
8935766,12,-1,8935157,0,0,0
9035159,4,-1,9035157,0,0,0
9035251,5,-1,9035157,165504,165488,0
9035353,6,-1,9035157,3,0,0
9035442,7,-1,9035157,165460,165460,0
9035553,8,-1,9035157,0,0,0
9035626,9,-1,9035157,1,0,0
9035703,11,-1,9035157,1,56,0
9035778,12,-1,9035157,0,0,0
9135160,4,-1,9135157,0,0,0
9135258,5,-1,9135157,165424,165424,0
9135354,6,-1,9135157,73,0,0
9135454,7,-1,9135157,165316,165316,0
9135553,8,-1,9135157,0,0,0
9135624,9,-1,9135157,1,0,0
9135701,11,-1,9135157,1,57,0
9135782,12,-1,9135157,0,0,0
9235167,4,-1,9235163,0,0,0
9235296,5,-1,9235163,165280,165236,0
9235413,6,-1,9235163,13,0,0
9235516,7,-1,9235163,165232,165232,0
9235619,8,-1,9235163,0,0,0
9235695,9,-1,9235163,1,0,0
9235779,11,-1,9235163,1,58,0
9235869,12,-1,9235163,0,0,0
9335166,4,-1,9335163,0,0,0
9335269,5,-1,9335163,165196,165196,0
9335370,6,-1,9335163,1,0,0
9335464,7,-1,9335163,165152,165152,0
9335569,8,-1,9335163,0,0,0
9335641,9,-1,9335163,1,0,0
9335718,11,-1,9335163,1,59,0
9335792,12,-1,9335163,0,0,0
9435164,4,-1,9435161,0,0,0
9435253,5,-1,9435161,165116,165116,0
9435350,6,-1,9435161,2,0,0
9435443,7,-1,9435161,165072,165072,0
9435551,8,-1,9435161,0,0,0
9435632,2,0,9435,0,0,0
9435702,9,-1,9435161,0,1,0
9435773,12,-1,9435161,0,0,0
9535160,4,-1,9535158,0,0,0
9535267,5,-1,9535158,165072,165056,0
9535366,6,-1,9535158,4,0,0
9535454,7,-1,9535158,165028,165028,0
9535566,8,-1,9535158,0,0,0
9535638,9,-1,9535158,1,0,0
9535717,11,-1,9535158,1,60,0
9535795,12,-1,9535158,0,0,0
9635161,4,-1,9635158,0,0,0
9635270,5,-1,9635158,164992,164992,0
9635368,6,-1,9635158,1,0,0
9635459,7,-1,9635158,164948,164948,0
9635568,8,-1,9635158,0,0,0
9635641,9,-1,9635158,1,0,0
9635719,11,-1,9635158,1,61,0
9635796,12,-1,9635158,0,0,0
9735159,4,-1,9735157,0,0,0
9735252,5,-1,9735157,164912,164912,0
9735349,6,-1,9735157,63,0,0
9735449,7,-1,9735157,164816,164816,0
9735554,8,-1,9735157,0,0,0
9735634,2,0,9735,0,0,0
9735698,9,-1,9735157,0,1,0
9735769,12,-1,9735157,0,0,0
9835160,4,-1,9835158,0,0,0
9835253,5,-1,9835158,164816,164748,0
9835350,6,-1,9835158,1,0,0
9835448,7,-1,9835158,164772,164748,0
9835547,8,-1,9835158,0,0,0
9835625,9,-1,9835158,1,0,0
9835706,11,-1,9835158,1,62,0
9835786,12,-1,9835158,0,0,0
9935159,4,-1,9935157,0,0,0
9935251,5,-1,9935157,164736,164736,0
9935353,6,-1,9935157,4,0,0
9935441,7,-1,9935157,164692,164692,0
9935558,8,-1,9935157,0,0,0
9935635,2,0,9935,0,0,0
9935705,9,-1,9935157,0,1,0
9935776,12,-1,9935157,0,0,0
10035160,4,-1,10035157,0,0,0
10035258,5,-1,10035157,164692,164676,0
10035354,6,-1,10035157,36,0,0
10035454,7,-1,10035157,164624,164624,0
10035564,8,-1,10035157,0,0,0
10035637,9,-1,10035157,1,0,0
10035715,11,-1,10035157,1,63,0
10035798,12,-1,10035157,0,0,0
10135160,4,-1,10135157,0,0,0
10135261,5,-1,10135157,164588,164584,0
10135362,6,-1,10135157,26,0,0
10135462,7,-1,10135157,164528,164528,0
10135573,8,-1,10135157,0,0,0
10135647,9,-1,10135157,1,0,0
10135725,11,-1,10135157,1,64,0
10135807,12,-1,10135157,0,0,0
10235159,4,-1,10235157,0,0,0
10235264,5,-1,10235157,164492,164492,0
10235361,6,-1,10235157,17,0,0
10235463,7,-1,10235157,164440,164440,0
10235563,8,-1,10235157,0,0,0
10235636,9,-1,10235157,1,0,0
10235714,11,-1,10235157,1,65,0
10235794,12,-1,10235157,0,0,0
10335167,4,-1,10335163,0,0,0
10335294,5,-1,10335163,164404,164404,0
10335408,6,-1,10335163,1,0,0
10335508,7,-1,10335163,164360,164360,0
10335622,8,-1,10335163,0,0,0
10335697,9,-1,10335163,1,0,0
10335783,11,-1,10335163,1,66,0
10335864,12,-1,10335163,0,0,0
10435164,4,-1,10435161,0,0,0
10435308,5,-1,10435161,164324,164324,0
10435401,6,-1,10435161,0,0,0
10535161,4,-1,10535158,0,0,0
10535260,5,-1,10535158,164324,164324,0
10535359,6,-1,10535158,1,0,0
10535452,7,-1,10535158,164280,164280,0
10535565,8,-1,10535158,0,0,0
10535643,9,-1,10535158,1,0,0
10535724,11,-1,10535158,1,67,0
10535805,12,-1,10535158,0,0,0
10635160,4,-1,10635158,0,0,0
10635264,5,-1,10635158,164244,164244,0
10635359,6,-1,10635158,0,0,0
10735160,4,-1,10735157,0,0,0
10735265,5,-1,10735157,164244,164244,0
10735362,6,-1,10735157,46,0,0
10735459,7,-1,10735157,164164,164164,0
10735566,8,-1,10735157,0,0,0
10735642,9,-1,10735157,1,0,0
10735724,11,-1,10735157,1,68,0
10735809,12,-1,10735157,0,0,0
10835160,4,-1,10835157,0,0,0
10835260,5,-1,10835157,164128,164112,0
10835377,6,-1,10835157,5,0,0
10835463,7,-1,10835157,164084,164084,0
10835569,8,-1,10835157,0,0,0
10835643,9,-1,10835157,1,0,0
10835723,11,-1,10835157,1,69,0
10835802,12,-1,10835157,0,0,0
10935163,4,-1,10935160,0,0,0
10935264,5,-1,10935160,164048,164048,0
10935361,6,-1,10935160,7,0,0
10935446,7,-1,10935160,164004,164004,0
10935542,8,-1,10935160,0,0,0
10935615,9,-1,10935160,1,0,0
10935693,11,-1,10935160,1,70,0
10935771,12,-1,10935160,0,0,0
11035163,4,-1,11035159,0,0,0
11035278,5,-1,11035159,163968,163968,0
11035378,6,-1,11035159,11,0,0
11035475,7,-1,11035159,163924,163924,0
11035584,8,-1,11035159,0,0,0
11035659,2,0,11035,0,0,0
11035727,9,-1,11035159,0,1,0
11035800,12,-1,11035159,0,0,0
11135161,4,-1,11135158,0,0,0
11135261,5,-1,11135158,163924,163908,0
11135356,6,-1,11135158,2,0,0
11135445,7,-1,11135158,163880,163880,0
11135545,8,-1,11135158,0,0,0
11135622,9,-1,11135158,1,0,0
11135700,11,-1,11135158,1,71,0
11135778,12,-1,11135158,0,0,0
11235160,4,-1,11235158,0,0,0
11235262,5,-1,11235158,163844,163844,0
11235358,6,-1,11235158,1,0,0
11235447,7,-1,11235158,163800,163800,0
11235551,8,-1,11235158,0,0,0
11235627,9,-1,11235158,1,0,0
11235710,11,-1,11235158,1,72,0
11235788,12,-1,11235158,0,0,0
11335162,4,-1,11335159,0,0,0
11335272,5,-1,11335159,163764,163764,0
11335366,6,-1,11335159,1,0,0
11335458,7,-1,11335159,163720,163720,0
11335560,8,-1,11335159,0,0,0
11335640,9,-1,11335159,1,0,0
11335722,11,-1,11335159,1,73,0
11335800,12,-1,11335159,0,0,0
11435160,4,-1,11435157,0,0,0
11435255,5,-1,11435157,163684,163684,0
11435351,6,-1,11435157,2,0,0
11435438,7,-1,11435157,163640,163640,0
11435545,8,-1,11435157,0,0,0
11435618,2,0,11435,0,0,0
11435685,9,-1,11435157,0,1,0
11435756,12,-1,11435157,0,0,0
11535169,4,-1,11535164,0,0,0
11535305,5,-1,11535164,163640,163624,0
11535400,6,-1,11535164,0,0,0
11635169,4,-1,11635164,0,0,0
11635288,5,-1,11635164,163640,163624,0
11635379,6,-1,11635164,1,0,0
11635475,7,-1,11635164,163596,163596,0
11635583,8,-1,11635164,0,0,0
11635657,9,-1,11635164,1,0,0
11635738,11,-1,11635164,1,74,0
11635817,12,-1,11635164,0,0,0
11735178,4,-1,11735175,0,0,0
11735288,5,-1,11735175,163560,163560,0
11735379,6,-1,11735175,1,0,0
11735466,7,-1,11735175,163516,163516,0
11735565,8,-1,11735175,0,0,0
11735638,9,-1,11735175,1,0,0
11735717,11,-1,11735175,1,75,0
11735797,12,-1,11735175,0,0,0
11835160,4,-1,11835158,0,0,0
11835259,5,-1,11835158,163480,163480,0
11835335,6,-1,11835158,36,0,0
11835404,7,-1,11835158,163412,163412,0
11835474,8,-1,11835158,0,0,0
11835522,2,0,11835,0,0,0
11835564,9,-1,11835158,0,1,0
11835611,12,-1,11835158,0,0,0
11935160,4,-1,11935157,0,0,0
11935254,5,-1,11935157,163412,163372,0
11935354,6,-1,11935157,4,0,0
11935450,7,-1,11935157,163368,163368,0
11935556,8,-1,11935157,0,0,0
11935629,9,-1,11935157,1,0,0
11935707,11,-1,11935157,1,76,0
11935787,12,-1,11935157,0,0,0
12035160,4,-1,12035157,0,0,0
12035257,5,-1,12035157,163332,163332,0
12035365,6,-1,12035157,1,0,0
12035462,7,-1,12035157,163288,163288,0
12035560,8,-1,12035157,0,0,0
12035634,9,-1,12035157,1,0,0
12035713,11,-1,12035157,1,77,0
12035792,12,-1,12035157,0,0,0
12135160,4,-1,12135157,0,0,0
12135256,5,-1,12135157,163252,163252,0
12135352,6,-1,12135157,1,0,0
12135443,7,-1,12135157,163208,163208,0
12135547,8,-1,12135157,0,0,0
12135620,9,-1,12135157,1,0,0
12135698,11,-1,12135157,1,78,0
12135777,12,-1,12135157,0,0,0
12235160,4,-1,12235157,0,0,0
12235257,5,-1,12235157,163172,163172,0
12235352,6,-1,12235157,0,0,0
12335160,4,-1,12335158,0,0,0
12335261,5,-1,12335158,163172,163172,0
12335358,6,-1,12335158,0,0,0
12435159,4,-1,12435157,0,0,0
12435255,5,-1,12435157,163172,163172,0
12435351,6,-1,12435157,0,0,0
12535172,4,-1,12535166,0,0,0
12535323,5,-1,12535166,163172,163172,0
12535427,6,-1,12535166,0,0,0
12635179,4,-1,12635173,0,0,0
12635363,5,-1,12635173,163172,163172,0
12635478,6,-1,12635173,4,0,0
12635583,7,-1,12635173,163128,163128,0
12635716,8,-1,12635173,0,0,0
12635805,9,-1,12635173,1,0,0
12635895,11,-1,12635173,1,79,0
12635985,12,-1,12635173,0,0,0
12735166,4,-1,12735161,0,0,0
12735303,5,-1,12735161,163092,163092,0
12735404,6,-1,12735161,4,0,0
12735497,7,-1,12735161,163048,163048,0
12735607,8,-1,12735161,0,0,0
12735691,2,0,12735,0,0,0
12735760,9,-1,12735161,0,1,0
12735833,12,-1,12735161,0,0,0
12835161,4,-1,12835158,0,0,0
12835268,5,-1,12835158,163048,163032,0
12835373,6,-1,12835158,17,0,0
12835469,7,-1,12835158,162996,162996,0
12835573,8,-1,12835158,0,0,0
12835650,9,-1,12835158,1,0,0
12835737,11,-1,12835158,1,80,0
12835829,12,-1,12835158,0,0,0
12935162,4,-1,12935159,0,0,0
12935263,5,-1,12935159,162960,162960,0
12935363,6,-1,12935159,1,0,0
12935461,7,-1,12935159,162916,162916,0
12935561,8,-1,12935159,0,0,0
12935634,9,-1,12935159,1,0,0
12935716,11,-1,12935159,1,81,0
12935796,12,-1,12935159,0,0,0
13035160,4,-1,13035157,0,0,0
13035265,5,-1,13035157,162880,162880,0
13035357,6,-1,13035157,20,0,0
13035448,7,-1,13035157,162828,162828,0
13035546,8,-1,13035157,0,0,0
13035620,2,0,13035,0,0,0
13035688,9,-1,13035157,0,1,0
13035759,12,-1,13035157,0,0,0
13135160,4,-1,13135157,0,0,0
13135258,5,-1,13135157,162828,162804,0
13135361,6,-1,13135157,1,0,0
13135453,7,-1,13135157,162784,162784,0
13135558,8,-1,13135157,0,0,0
13135631,9,-1,13135157,1,0,0
13135710,11,-1,13135157,1,82,0
13135790,12,-1,13135157,0,0,0
13235159,4,-1,13235157,0,0,0
13235258,5,-1,13235157,162748,162748,0
13235358,6,-1,13235157,31,0,0
13235458,7,-1,13235157,162684,162684,0
13235568,8,-1,13235157,0,0,0
13235641,9,-1,13235157,1,0,0
13235720,11,-1,13235157,1,83,0
13235801,12,-1,13235157,0,0,0
13335159,4,-1,13335157,0,0,0
13335256,5,-1,13335157,162648,162648,0
13335353,6,-1,13335157,0,0,0
13435159,4,-1,13435157,0,0,0
13435249,5,-1,13435157,162648,162648,0
13435349,6,-1,13435157,67,0,0
13435446,7,-1,13435157,162548,162548,0
13435553,8,-1,13435157,0,0,0
13435630,9,-1,13435157,1,0,0
13435708,11,-1,13435157,1,84,0
13435771,12,-1,13435157,0,0,0
13535159,4,-1,13535157,0,0,0
13535253,5,-1,13535157,162512,162476,0
13535348,6,-1,13535157,5,0,0
13535433,7,-1,13535157,162468,162468,0
13535530,8,-1,13535157,0,0,0
13535603,9,-1,13535157,1,0,0
13535681,11,-1,13535157,1,85,0
13535762,12,-1,13535157,0,0,0
13635160,4,-1,13635157,0,0,0
13635265,5,-1,13635157,162432,162432,0
13635360,6,-1,13635157,10,0,0
13635458,7,-1,13635157,162388,162388,0
13635568,8,-1,13635157,0,0,0
13635648,9,-1,13635157,1,0,0
13635727,11,-1,13635157,1,86,0
13635809,12,-1,13635157,0,0,0
13735159,4,-1,13735157,0,0,0
13735264,5,-1,13735157,162352,162352,0
13735364,6,-1,13735157,1,0,0
13735466,7,-1,13735157,162308,162308,0
13735574,8,-1,13735157,0,0,0
13735648,9,-1,13735157,1,0,0
13735726,11,-1,13735157,1,87,0
13735807,12,-1,13735157,0,0,0
13835167,4,-1,13835162,0,0,0
13835300,5,-1,13835162,162272,162272,0
13835405,6,-1,13835162,2,0,0
13835505,7,-1,13835162,162228,162228,0
13835626,8,-1,13835162,0,0,0
13835704,9,-1,13835162,1,0,0
13835786,11,-1,13835162,1,88,0
13835866,12,-1,13835162,0,0,0
13935160,4,-1,13935158,0,0,0
13935258,5,-1,13935158,162192,162192,0
13935355,6,-1,13935158,0,0,0
14035159,4,-1,14035157,0,0,0
14035264,5,-1,14035157,162192,162192,0
14035358,6,-1,14035157,3,0,0
14035451,7,-1,14035157,162148,162148,0
14035552,8,-1,14035157,0,0,0
14035626,9,-1,14035157,1,0,0
14035709,11,-1,14035157,1,89,0
14035788,12,-1,14035157,0,0,0
14135163,4,-1,14135159,0,0,0
14135276,5,-1,14135159,162112,162112,0
14135375,6,-1,14135159,6,0,0
14135480,7,-1,14135159,162068,162068,0
14135610,8,-1,14135159,0,0,0
14135699,9,-1,14135159,1,0,0
14135781,11,-1,14135159,1,90,0
14135862,12,-1,14135159,0,0,0
14235159,4,-1,14235157,0,0,0
14235257,5,-1,14235157,162032,162032,0
14235356,6,-1,14235157,0,0,0
14335159,4,-1,14335157,0,0,0
14335256,5,-1,14335157,162032,162032,0
14335352,6,-1,14335157,1,0,0
14335451,7,-1,14335157,161988,161988,0
14335570,8,-1,14335157,0,0,0
14335654,9,-1,14335157,1,0,0
14335740,11,-1,14335157,1,91,0
14335821,12,-1,14335157,0,0,0
14435160,4,-1,14435157,0,0,0
14435257,5,-1,14435157,161952,161952,0
14435356,6,-1,14435157,1,0,0
14435461,7,-1,14435157,161908,161908,0
14435563,8,-1,14435157,0,0,0
14435637,9,-1,14435157,1,0,0
14435715,11,-1,14435157,1,92,0
14435796,12,-1,14435157,0,0,0
14535159,4,-1,14535157,0,0,0
14535250,5,-1,14535157,161872,161872,0
14535340,6,-1,14535157,1,0,0
14535439,7,-1,14535157,161828,161828,0
14535543,8,-1,14535157,0,0,0
14535629,9,-1,14535157,1,0,0
14535715,11,-1,14535157,1,93,0
14535795,12,-1,14535157,0,0,0
14635162,4,-1,14635158,0,0,0
14635265,5,-1,14635158,161792,161792,0
14635374,6,-1,14635158,11,0,0
14635470,7,-1,14635158,161748,161748,0
14635572,8,-1,14635158,0,0,0
14635646,9,-1,14635158,1,0,0
14635725,11,-1,14635158,1,94,0
14635808,12,-1,14635158,0,0,0
14735161,4,-1,14735158,0,0,0
14735273,5,-1,14735158,161712,161712,0
14735380,6,-1,14735158,1,0,0
14735467,7,-1,14735158,161668,161668,0
14735576,8,-1,14735158,0,0,0
14735653,9,-1,14735158,1,0,0
14735733,11,-1,14735158,1,95,0
14735813,12,-1,14735158,0,0,0
14835160,4,-1,14835157,0,0,0
14835266,5,-1,14835157,161632,161632,0
14835366,6,-1,14835157,1,0,0
14835457,7,-1,14835157,161588,161588,0
14835557,8,-1,14835157,0,0,0
14835637,2,0,14835,0,0,0
14835708,9,-1,14835157,0,1,0
14835789,12,-1,14835157,0,0,0
14935168,4,-1,14935162,0,0,0
14935295,5,-1,14935162,161588,161572,0
14935400,6,-1,14935162,7,0,0
14935501,7,-1,14935162,161544,161544,0
14935613,8,-1,14935162,0,0,0
14935688,9,-1,14935162,1,0,0
14935773,11,-1,14935162,1,96,0
14935853,12,-1,14935162,0,0,0
15035160,4,-1,15035157,0,0,0
15035276,5,-1,15035157,161508,161508,0
15035371,6,-1,15035157,3,0,0
15035463,7,-1,15035157,161464,161464,0
15035568,8,-1,15035157,0,0,0
15035645,2,0,15035,0,0,0
15035713,9,-1,15035157,0,1,0
15035784,12,-1,15035157,0,0,0
15135169,4,-1,15135166,0,0,0
15135272,5,-1,15135166,161464,161448,0
15135372,6,-1,15135166,13,0,0
15135471,7,-1,15135166,161416,161416,0
15135577,8,-1,15135166,0,0,0
15135652,9,-1,15135166,1,0,0
15135733,11,-1,15135166,1,97,0
15135815,12,-1,15135166,0,0,0
15235160,4,-1,15235157,0,0,0
15235265,5,-1,15235157,161380,161380,0
15235359,6,-1,15235157,3,0,0
15235453,7,-1,15235157,161336,161336,0
15235559,8,-1,15235157,0,0,0
15235634,2,0,15235,0,0,0
15235706,9,-1,15235157,0,1,0
15235780,12,-1,15235157,0,0,0
15335160,4,-1,15335157,0,0,0
15335261,5,-1,15335157,161336,161320,0
15335363,6,-1,15335157,0,0,0
15435160,4,-1,15435158,0,0,0
15435261,5,-1,15435158,161336,161320,0
15435359,6,-1,15435158,8,0,0
15435460,7,-1,15435158,161292,161292,0
15435562,8,-1,15435158,0,0,0
15435637,9,-1,15435158,1,0,0
15435722,11,-1,15435158,1,98,0
15435803,12,-1,15435158,0,0,0
15535160,4,-1,15535157,0,0,0
15535260,5,-1,15535157,161256,161256,0
15535353,6,-1,15535157,1,0,0
15535439,7,-1,15535157,161212,161212,0
15535540,8,-1,15535157,0,0,0
15535615,2,0,15535,0,0,0
15535685,9,-1,15535157,0,1,0
15535757,12,-1,15535157,0,0,0
15635161,4,-1,15635158,0,0,0
15635258,5,-1,15635158,161212,161196,0
15635355,6,-1,15635158,1,0,0
15635442,7,-1,15635158,161168,161168,0
15635540,8,-1,15635158,0,0,0
15635614,9,-1,15635158,1,0,0
15635693,11,-1,15635158,1,99,0
15635774,12,-1,15635158,0,0,0
15735171,4,-1,15735167,0,0,0
15735312,5,-1,15735167,161132,161132,0
15735413,6,-1,15735167,20,0,0
15735513,7,-1,15735167,161080,161080,0
15735626,8,-1,15735167,0,0,0
15735707,9,-1,15735167,1,0,0
15735787,11,-1,15735167,1,100,0
15735872,12,-1,15735167,0,0,0
15835171,4,-1,15835165,0,0,0
15835339,5,-1,15835165,161044,161044,0
15835432,6,-1,15835165,35,0,0
15835530,7,-1,15835165,160976,160976,0
15835635,8,-1,15835165,0,0,0
15835711,2,0,15835,0,0,0
15835785,9,-1,15835165,0,1,0
15835857,12,-1,15835165,0,0,0
15935168,4,-1,15935162,0,0,0
15935312,5,-1,15935162,160976,160936,0
15935419,6,-1,15935162,0,0,0
16035168,4,-1,16035163,0,0,0
16035316,5,-1,16035163,160976,160936,0
16035420,6,-1,16035163,83,0,0
16035530,7,-1,16035163,160860,160860,0
16035638,8,-1,16035163,0,0,0
16035720,9,-1,16035163,1,0,0
16035811,11,-1,16035163,1,101,0
16035895,12,-1,16035163,0,0,0
16135160,4,-1,16135157,0,0,0
16135262,5,-1,16135157,160824,160772,0
16135356,6,-1,16135157,3,0,0
16135450,7,-1,16135157,160780,160772,0
16135556,8,-1,16135157,0,0,0
16135637,2,0,16135,0,0,0
16135706,9,-1,16135157,0,1,0
16135778,12,-1,16135157,0,0,0
16235160,4,-1,16235157,0,0,0
16235261,5,-1,16235157,160780,160764,0
16235366,6,-1,16235157,45,0,0
16235454,7,-1,16235157,160700,160700,0
16235552,8,-1,16235157,0,0,0
16235625,9,-1,16235157,1,0,0
16235704,11,-1,16235157,1,102,0
16235789,12,-1,16235157,0,0,0
16335160,4,-1,16335157,0,0,0
16335262,5,-1,16335157,160664,160648,0
16335354,6,-1,16335157,2,0,0
16335440,7,-1,16335157,160620,160620,0
16335538,8,-1,16335157,0,0,0
16335612,9,-1,16335157,1,0,0
16335701,11,-1,16335157,1,103,0
16335788,12,-1,16335157,0,0,0
16435159,4,-1,16435157,0,0,0
16435263,5,-1,16435157,160584,160584,0
16435364,6,-1,16435157,1,0,0
16435457,7,-1,16435157,160540,160540,0
16435563,8,-1,16435157,0,0,0
16435637,9,-1,16435157,1,0,0
16435715,11,-1,16435157,1,104,0
16435794,12,-1,16435157,0,0,0
16535160,4,-1,16535157,0,0,0
16535267,5,-1,16535157,160504,160504,0
16535366,6,-1,16535157,35,0,0
16535461,7,-1,16535157,160436,160436,0
16535564,8,-1,16535157,0,0,0
16535638,9,-1,16535157,1,0,0
16535717,11,-1,16535157,1,105,0
16535797,12,-1,16535157,0,0,0
16635161,4,-1,16635158,0,0,0
16635262,5,-1,16635158,160400,160396,0
16635352,6,-1,16635158,0,0,0
16735160,4,-1,16735157,0,0,0
16735272,5,-1,16735157,160400,160396,0
16735368,6,-1,16735157,3,0,0
16735462,7,-1,16735157,160356,160356,0
16735566,8,-1,16735157,0,0,0
16735647,9,-1,16735157,1,0,0
16735726,11,-1,16735157,1,106,0
16735805,12,-1,16735157,0,0,0
16835159,4,-1,16835157,0,0,0
16835253,5,-1,16835157,160320,160320,0
16835343,6,-1,16835157,1,0,0
16835427,7,-1,16835157,160276,160276,0
16835524,8,-1,16835157,0,0,0
16835597,9,-1,16835157,1,0,0
16835675,11,-1,16835157,1,107,0
16835754,12,-1,16835157,0,0,0
16935160,4,-1,16935157,0,0,0
16935258,5,-1,16935157,160240,160240,0
16935350,6,-1,16935157,11,0,0
16935435,7,-1,16935157,160196,160196,0
16935539,8,-1,16935157,0,0,0
16935618,9,-1,16935157,1,0,0
16935703,11,-1,16935157,1,108,0
16935784,12,-1,16935157,0,0,0
17035159,4,-1,17035157,0,0,0
17035262,5,-1,17035157,160160,160160,0
17035360,6,-1,17035157,10,0,0
17035449,7,-1,17035157,160116,160116,0
17035545,8,-1,17035157,0,0,0
17035618,9,-1,17035157,1,0,0
17035696,11,-1,17035157,1,109,0
17035775,12,-1,17035157,0,0,0
17135166,4,-1,17135162,0,0,0
17135295,5,-1,17135162,160080,160080,0
17135389,6,-1,17135162,1,0,0
17135483,7,-1,17135162,160036,160036,0
17135594,8,-1,17135162,0,0,0
17135671,9,-1,17135162,1,0,0
17135735,11,-1,17135162,1,110,0
17135787,12,-1,17135162,0,0,0
17235167,4,-1,17235163,0,0,0
17235291,5,-1,17235163,160000,160000,0
17235384,6,-1,17235163,12,0,0
17235495,7,-1,17235163,159956,159956,0
17235614,8,-1,17235163,0,0,0
17235711,9,-1,17235163,1,0,0
17235799,11,-1,17235163,1,111,0
17235881,12,-1,17235163,0,0,0
17335159,4,-1,17335157,0,0,0
17335251,5,-1,17335157,159920,159920,0
17335352,6,-1,17335157,5,0,0
17335448,7,-1,17335157,159876,159876,0
17335553,8,-1,17335157,0,0,0
17335637,2,0,17335,0,0,0
17335708,9,-1,17335157,0,1,0
17335783,12,-1,17335157,0,0,0
17435159,4,-1,17435157,0,0,0
17435256,5,-1,17435157,159876,159860,0
17435349,6,-1,17435157,10,0,0
17435441,7,-1,17435157,159832,159832,0
17435538,8,-1,17435157,0,0,0
17435611,9,-1,17435157,1,0,0
17435691,11,-1,17435157,1,112,0
17435772,12,-1,17435157,0,0,0
17535159,4,-1,17535157,0,0,0
17535258,5,-1,17535157,159796,159796,0
17535352,6,-1,17535157,0,0,0
17635161,4,-1,17635158,0,0,0
17635266,5,-1,17635158,159796,159796,0
17635361,6,-1,17635158,0,0,0
17735160,4,-1,17735157,0,0,0
17735253,5,-1,17735157,159796,159796,0
17735345,6,-1,17735157,0,0,0
17835161,4,-1,17835158,0,0,0
17835268,5,-1,17835158,159796,159796,0
17835358,6,-1,17835158,0,0,0
17935159,4,-1,17935157,0,0,0
17935255,5,-1,17935157,159796,159796,0
17935354,6,-1,17935157,19,0,0
17935446,7,-1,17935157,159744,159744,0
17935553,8,-1,17935157,0,0,0
17935632,9,-1,17935157,1,0,0
17935712,11,-1,17935157,1,113,0
17935792,12,-1,17935157,0,0,0
18035160,4,-1,18035157,0,0,0
18035264,5,-1,18035157,159708,159708,0
18035371,6,-1,18035157,115,0,0
18035469,7,-1,18035157,159560,159560,0
18035579,8,-1,18035157,0,0,0
18035662,9,-1,18035157,1,0,0
18035745,11,-1,18035157,1,114,0
18035827,12,-1,18035157,0,0,0
18135163,4,-1,18135159,0,0,0
18135281,5,-1,18135159,159524,159440,0
18135394,6,-1,18135159,1,0,0
18135487,7,-1,18135159,159480,159440,0
18135586,8,-1,18135159,0,0,0
18135661,9,-1,18135159,1,0,0
18135741,11,-1,18135159,1,115,0
18135822,12,-1,18135159,0,0,0
18235172,4,-1,18235168,0,0,0
18235305,5,-1,18235168,159444,159440,0
18235400,6,-1,18235168,0,0,0
18335166,4,-1,18335161,0,0,0
18335305,5,-1,18335161,159444,159440,0
18335405,6,-1,18335161,4,0,0
18335510,7,-1,18335161,159400,159400,0
18335630,8,-1,18335161,0,0,0
18335710,9,-1,18335161,1,0,0
18335798,11,-1,18335161,1,116,0
18335880,12,-1,18335161,0,0,0
18435160,4,-1,18435157,0,0,0
18435257,5,-1,18435157,159364,159364,0
18435355,6,-1,18435157,31,0,0
18435465,7,-1,18435157,159300,159300,0
18435582,8,-1,18435157,0,0,0
18435669,2,0,18435,0,0,0
18435738,9,-1,18435157,0,1,0
18435818,12,-1,18435157,0,0,0
18535161,4,-1,18535158,0,0,0
18535272,5,-1,18535158,159300,159264,0
18535372,6,-1,18535158,62,0,0
18535472,7,-1,18535158,159204,159204,0
18535589,8,-1,18535158,0,0,0
18535664,9,-1,18535158,1,0,0
18535747,11,-1,18535158,1,117,0
18535829,12,-1,18535158,0,0,0
18635163,4,-1,18635159,0,0,0
18635280,5,-1,18635159,159168,159136,0
18635390,6,-1,18635159,1,0,0
18635490,7,-1,18635159,159124,159124,0
18635593,8,-1,18635159,0,0,0
18635672,9,-1,18635159,1,0,0
18635753,11,-1,18635159,1,118,0
18635835,12,-1,18635159,0,0,0
18735160,4,-1,18735158,0,0,0
18735269,5,-1,18735158,159088,159088,0
18735359,6,-1,18735158,0,0,0
18835159,4,-1,18835157,0,0,0
18835256,5,-1,18835157,159088,159088,0
18835346,6,-1,18835157,35,0,0
18835435,7,-1,18835157,159020,159020,0
18835533,8,-1,18835157,0,0,0
18835606,9,-1,18835157,1,0,0
18835688,11,-1,18835157,1,119,0
18835769,12,-1,18835157,0,0,0
18935159,4,-1,18935157,0,0,0
18935251,5,-1,18935157,158984,158980,0
18935350,6,-1,18935157,37,0,0
18935448,7,-1,18935157,158912,158912,0
18935547,8,-1,18935157,0,0,0
18935622,9,-1,18935157,1,0,0
18935702,11,-1,18935157,1,120,0
18935782,12,-1,18935157,0,0,0
19035160,4,-1,19035157,0,0,0
19035263,5,-1,19035157,158876,158868,0
19035368,6,-1,19035157,49,0,0
19035468,7,-1,19035157,158792,158792,0
19035586,8,-1,19035157,0,0,0
19035661,9,-1,19035157,1,0,0
19035744,11,-1,19035157,1,121,0
19035826,12,-1,19035157,0,0,0
19135159,4,-1,19135157,0,0,0
19135257,5,-1,19135157,158756,158736,0
19135349,6,-1,19135157,1,0,0
19135434,7,-1,19135157,158712,158712,0
19135532,8,-1,19135157,0,0,0
19135606,9,-1,19135157,1,0,0
19135694,11,-1,19135157,1,122,0
19135777,12,-1,19135157,0,0,0
19235159,4,-1,19235157,0,0,0
19235260,5,-1,19235157,158676,158676,0
19235351,6,-1,19235157,1,0,0
19235446,7,-1,19235157,158632,158632,0
19235545,8,-1,19235157,0,0,0
19235620,9,-1,19235157,1,0,0
19235698,11,-1,19235157,1,123,0
19235777,12,-1,19235157,0,0,0
19335159,4,-1,19335157,0,0,0
19335249,5,-1,19335157,158596,158596,0
19335337,6,-1,19335157,1,0,0
19335427,7,-1,19335157,158552,158552,0
19335524,8,-1,19335157,0,0,0
19335597,9,-1,19335157,1,0,0
19335675,11,-1,19335157,1,124,0
19335757,12,-1,19335157,0,0,0
19435166,4,-1,19435162,0,0,0
19435297,5,-1,19435162,158516,158516,0
19435395,6,-1,19435162,2,0,0
19435494,7,-1,19435162,158472,158472,0
19435597,8,-1,19435162,0,0,0
19435679,9,-1,19435162,1,0,0
19435760,11,-1,19435162,1,125,0
19435841,12,-1,19435162,0,0,0
19535160,4,-1,19535157,0,0,0
19535262,5,-1,19535157,158436,158436,0
19535357,6,-1,19535157,6,0,0
19535443,7,-1,19535157,158392,158392,0
19535540,8,-1,19535157,0,0,0
19535614,2,0,19535,0,0,0
19535683,9,-1,19535157,0,1,0
19535755,12,-1,19535157,0,0,0
19635160,4,-1,19635157,0,0,0
19635258,5,-1,19635157,158392,158376,0
19635349,6,-1,19635157,20,0,0
19635438,7,-1,19635157,158340,158340,0
19635535,8,-1,19635157,0,0,0
19635609,9,-1,19635157,1,0,0
19635687,11,-1,19635157,1,126,0
19635767,12,-1,19635157,0,0,0
19735160,4,-1,19735157,0,0,0
19735262,5,-1,19735157,158304,158304,0
19735354,6,-1,19735157,16,0,0
19735448,7,-1,19735157,158256,158256,0
19735557,8,-1,19735157,0,0,0
19735647,9,-1,19735157,1,0,0
19735745,11,-1,19735157,1,127,0
19735834,12,-1,19735157,0,0,0
19835161,4,-1,19835158,0,0,0
19835284,5,-1,19835158,158220,158220,0
19835374,6,-1,19835158,4,0,0
19835461,7,-1,19835158,158176,158176,0
19835559,8,-1,19835158,0,0,0
19835632,9,-1,19835158,1,0,0
19835710,11,-1,19835158,1,128,0
19835791,12,-1,19835158,0,0,0
19935161,4,-1,19935158,0,0,0
19935273,5,-1,19935158,158140,158140,0
19935361,6,-1,19935158,3,0,0
19935448,7,-1,19935158,158096,158096,0
19935547,8,-1,19935158,0,0,0
19935621,9,-1,19935158,1,0,0
19935700,11,-1,19935158,1,129,0
19935781,12,-1,19935158,0,0,0
20035160,4,-1,20035157,0,0,0
20035265,5,-1,20035157,158060,158060,0
20035358,6,-1,20035157,3,0,0
20035445,7,-1,20035157,158016,158016,0
20035543,8,-1,20035157,0,0,0
20035616,2,0,20035,0,0,0
20035684,9,-1,20035157,0,1,0
20035756,12,-1,20035157,0,0,0
20135161,4,-1,20135157,0,0,0
20135261,5,-1,20135157,158016,158000,0
20135352,6,-1,20135157,26,0,0
20135441,7,-1,20135157,157956,157956,0
20135538,8,-1,20135157,0,0,0
20135611,9,-1,20135157,1,0,0
20135690,11,-1,20135157,1,130,0
20135769,12,-1,20135157,0,0,0
20235160,4,-1,20235157,0,0,0
20235257,5,-1,20235157,157920,157920,0
20235348,6,-1,20235157,2,0,0
20235437,7,-1,20235157,157876,157876,0
20235534,8,-1,20235157,0,0,0
20235607,9,-1,20235157,1,0,0
20235692,11,-1,20235157,1,131,0
20235773,12,-1,20235157,0,0,0
20335162,4,-1,20335159,0,0,0
20335268,5,-1,20335159,157840,157840,0
20335371,6,-1,20335159,21,0,0
20335463,7,-1,20335159,157784,157784,0
20335561,8,-1,20335159,0,0,0
20335635,9,-1,20335159,1,0,0
20335713,11,-1,20335159,1,132,0
20335795,12,-1,20335159,0,0,0
20435159,4,-1,20435157,0,0,0
20435256,5,-1,20435157,157748,157748,0
20435358,6,-1,20435157,1,0,0
20435471,7,-1,20435157,157704,157704,0
20435584,8,-1,20435157,0,0,0
20435659,2,0,20435,0,0,0
20435727,9,-1,20435157,0,1,0
20435801,12,-1,20435157,0,0,0
20535165,4,-1,20535161,0,0,0
20535295,5,-1,20535161,157704,157688,0
20535392,6,-1,20535161,48,0,0
20535488,7,-1,20535161,157624,157624,0
20535588,8,-1,20535161,0,0,0
20535662,9,-1,20535161,1,0,0
20535745,11,-1,20535161,1,133,0
20535829,12,-1,20535161,0,0,0
20635162,4,-1,20635159,0,0,0
20635270,5,-1,20635159,157588,157572,0
20635375,6,-1,20635159,9,0,0
20635466,7,-1,20635159,157544,157544,0
20635575,8,-1,20635159,0,0,0
20635655,2,0,20635,0,0,0
20635727,9,-1,20635159,0,1,0
20635801,12,-1,20635159,0,0,0
20735159,4,-1,20735157,0,0,0
20735254,5,-1,20735157,157544,157528,0
20735359,6,-1,20735157,1,0,0
20735450,7,-1,20735157,157500,157500,0
20735547,8,-1,20735157,0,0,0
20735620,9,-1,20735157,1,0,0
20735698,11,-1,20735157,1,134,0
20735777,12,-1,20735157,0,0,0
20835160,4,-1,20835157,0,0,0
20835261,5,-1,20835157,157464,157464,0
20835368,6,-1,20835157,1,0,0
20835456,7,-1,20835157,157420,157420,0
20835571,8,-1,20835157,0,0,0
20835656,9,-1,20835157,1,0,0
20835754,11,-1,20835157,1,135,0
20835835,12,-1,20835157,0,0,0
20935159,4,-1,20935157,0,0,0
20935253,5,-1,20935157,157384,157384,0
20935352,6,-1,20935157,2,0,0
20935443,7,-1,20935157,157340,157340,0
20935544,8,-1,20935157,0,0,0
20935618,9,-1,20935157,1,0,0
20935696,11,-1,20935157,1,136,0
20935775,12,-1,20935157,0,0,0
21035159,4,-1,21035157,0,0,0
21035256,5,-1,21035157,157304,157304,0
21035347,6,-1,21035157,1,0,0
21035432,7,-1,21035157,157260,157260,0
21035536,8,-1,21035157,0,0,0
21035609,9,-1,21035157,1,0,0
21035693,11,-1,21035157,1,137,0
21035773,12,-1,21035157,0,0,0
21135159,4,-1,21135157,0,0,0
21135257,5,-1,21135157,157224,157224,0
21135355,6,-1,21135157,38,0,0
21135448,7,-1,21135157,157152,157152,0
21135546,8,-1,21135157,0,0,0
21135619,9,-1,21135157,1,0,0
21135704,11,-1,21135157,1,138,0
21135783,12,-1,21135157,0,0,0
21235159,4,-1,21235157,0,0,0
21235257,5,-1,21235157,157116,157108,0
21235350,6,-1,21235157,1,0,0
21235456,7,-1,21235157,157072,157072,0
21235565,8,-1,21235157,0,0,0
21235653,9,-1,21235157,1,0,0
21235731,11,-1,21235157,1,139,0
21235810,12,-1,21235157,0,0,0
21335160,4,-1,21335157,0,0,0
21335258,5,-1,21335157,157036,157036,0
21335362,6,-1,21335157,1,0,0
21335459,7,-1,21335157,156992,156992,0
21335568,8,-1,21335157,0,0,0
21335654,9,-1,21335157,1,0,0
21335734,11,-1,21335157,1,140,0
21335815,12,-1,21335157,0,0,0
21435159,4,-1,21435157,0,0,0
21435250,5,-1,21435157,156956,156956,0
21435353,6,-1,21435157,10,0,0
21435449,7,-1,21435157,156912,156912,0
21435554,8,-1,21435157,0,0,0
21435631,9,-1,21435157,1,0,0
21435709,11,-1,21435157,1,141,0
21435790,12,-1,21435157,0,0,0
21535159,4,-1,21535157,0,0,0
21535265,5,-1,21535157,156876,156876,0
21535359,6,-1,21535157,2,0,0
21535452,7,-1,21535157,156832,156832,0
21535563,8,-1,21535157,0,0,0
21535644,9,-1,21535157,1,0,0
21535732,11,-1,21535157,1,142,0
21535827,12,-1,21535157,0,0,0
21635161,4,-1,21635158,0,0,0
21635267,5,-1,21635158,156796,156796,0
21635373,6,-1,21635158,1,0,0
21635473,7,-1,21635158,156752,156752,0
21635585,8,-1,21635158,0,0,0
21635665,9,-1,21635158,1,0,0
21635744,11,-1,21635158,1,143,0
21635827,12,-1,21635158,0,0,0
21735167,4,-1,21735162,0,0,0
21735305,5,-1,21735162,156716,156716,0
21735408,6,-1,21735162,13,0,0
21735513,7,-1,21735162,156668,156668,0
21735624,8,-1,21735162,0,0,0
21735700,9,-1,21735162,1,0,0
21735786,11,-1,21735162,1,144,0
21735872,12,-1,21735162,0,0,0
21835161,4,-1,21835159,0,0,0
21835273,5,-1,21835159,156632,156632,0
21835369,6,-1,21835159,17,0,0
21835474,7,-1,21835159,156580,156580,0
21835583,8,-1,21835159,0,0,0
21835657,2,0,21835,0,0,0
21835730,9,-1,21835159,0,1,0
21835804,12,-1,21835159,0,0,0
21935160,4,-1,21935157,0,0,0
21935256,5,-1,21935157,156580,156556,0
21935363,6,-1,21935157,19,0,0
21935463,7,-1,21935157,156528,156528,0
21935569,8,-1,21935157,0,0,0
21935643,9,-1,21935157,1,0,0
21935722,11,-1,21935157,1,145,0
21935802,12,-1,21935157,0,0,0
22035160,4,-1,22035157,0,0,0
22035263,5,-1,22035157,156492,156492,0
22035368,6,-1,22035157,2,0,0
22035462,7,-1,22035157,156448,156448,0
22035562,8,-1,22035157,0,0,0
22035635,9,-1,22035157,1,0,0
22035714,11,-1,22035157,1,146,0
22035797,12,-1,22035157,0,0,0
22135159,4,-1,22135157,0,0,0
22135257,5,-1,22135157,156412,156412,0
22135357,6,-1,22135157,15,0,0
22135454,7,-1,22135157,156364,156364,0
22135564,8,-1,22135157,0,0,0
22135638,9,-1,22135157,1,0,0
22135716,11,-1,22135157,1,147,0
22135800,12,-1,22135157,0,0,0
22235160,4,-1,22235157,0,0,0
22235256,5,-1,22235157,156328,156328,0
22235359,6,-1,22235157,0,0,0
22335159,4,-1,22335157,0,0,0
22335256,5,-1,22335157,156328,156328,0
22335365,6,-1,22335157,2,0,0
22335470,7,-1,22335157,156284,156284,0
22335582,8,-1,22335157,0,0,0
22335656,9,-1,22335157,1,0,0
22335738,11,-1,22335157,1,148,0
22335820,12,-1,22335157,0,0,0
22435159,4,-1,22435157,0,0,0
22435250,5,-1,22435157,156248,156248,0
22435344,6,-1,22435157,7,0,0
22435443,7,-1,22435157,156204,156204,0
22435549,8,-1,22435157,0,0,0
22435630,9,-1,22435157,1,0,0
22435709,11,-1,22435157,1,149,0
22435793,12,-1,22435157,0,0,0
22535170,4,-1,22535167,0,0,0
22535270,5,-1,22535167,156168,156168,0
22535370,6,-1,22535167,3,0,0
22535471,7,-1,22535167,156124,156124,0
22535572,8,-1,22535167,0,0,0
22535656,9,-1,22535167,1,0,0
22535735,11,-1,22535167,1,150,0
22535816,12,-1,22535167,0,0,0
22635168,4,-1,22635162,0,0,0
22635302,5,-1,22635162,156088,156088,0
22635399,6,-1,22635162,0,0,0
22735161,4,-1,22735158,0,0,0
22735264,5,-1,22735158,156088,156088,0
22735357,6,-1,22735158,4,0,0
22735458,7,-1,22735158,156044,156044,0
22735582,8,-1,22735158,0,0,0
22735667,9,-1,22735158,1,0,0
22735748,11,-1,22735158,1,151,0
22735830,12,-1,22735158,0,0,0
22835167,4,-1,22835163,0,0,0
22835301,5,-1,22835163,156008,156008,0
22835400,6,-1,22835163,1,0,0
22835498,7,-1,22835163,155964,155964,0
22835609,8,-1,22835163,0,0,0
22835686,9,-1,22835163,1,0,0
22835774,11,-1,22835163,1,152,0
22835855,12,-1,22835163,0,0,0
22935160,4,-1,22935157,0,0,0
22935267,5,-1,22935157,155928,155928,0
22935364,6,-1,22935157,1,0,0
22935453,7,-1,22935157,155884,155884,0
22935553,8,-1,22935157,0,0,0
22935628,2,0,22935,0,0,0
22935697,9,-1,22935157,0,1,0
22935769,12,-1,22935157,0,0,0
23035161,4,-1,23035158,0,0,0
23035289,5,-1,23035158,155884,155868,0
23035403,6,-1,23035158,3,0,0
23035494,7,-1,23035158,155840,155840,0
23035595,8,-1,23035158,0,0,0
23035676,9,-1,23035158,1,0,0
23035768,11,-1,23035158,1,153,0
23035849,12,-1,23035158,0,0,0
23135162,4,-1,23135159,0,0,0
23135279,5,-1,23135159,155804,155804,0
23135378,6,-1,23135159,8,0,0
23135477,7,-1,23135159,155760,155760,0
23135578,8,-1,23135159,0,0,0
23135653,9,-1,23135159,1,0,0
23135734,11,-1,23135159,1,154,0
23135815,12,-1,23135159,0,0,0
23235160,4,-1,23235157,0,0,0
23235260,5,-1,23235157,155724,155724,0
23235366,6,-1,23235157,16,0,0
23235462,7,-1,23235157,155676,155676,0
23235575,8,-1,23235157,0,0,0
23235650,2,0,23235,0,0,0
23235721,9,-1,23235157,0,1,0
23235795,12,-1,23235157,0,0,0
23335159,4,-1,23335157,0,0,0
23335252,5,-1,23335157,155676,155656,0
23335354,6,-1,23335157,29,0,0
23335446,7,-1,23335157,155612,155612,0
23335552,8,-1,23335157,0,0,0
23335634,9,-1,23335157,1,0,0
23335712,11,-1,23335157,1,155,0
23335791,12,-1,23335157,0,0,0
23435159,4,-1,23435157,0,0,0
23435251,5,-1,23435157,155576,155576,0
23435348,6,-1,23435157,8,0,0
23435444,7,-1,23435157,155532,155532,0
23435545,8,-1,23435157,0,0,0
23435631,9,-1,23435157,1,0,0
23435712,11,-1,23435157,1,156,0
23435791,12,-1,23435157,0,0,0
23535161,4,-1,23535158,0,0,0
23535260,5,-1,23535158,155496,155496,0
23535362,6,-1,23535158,6,0,0
23535457,7,-1,23535158,155452,155452,0
23535555,8,-1,23535158,0,0,0
23535629,9,-1,23535158,1,0,0
23535707,11,-1,23535158,1,157,0
23535786,12,-1,23535158,0,0,0
23635159,4,-1,23635157,0,0,0
23635255,5,-1,23635157,155416,155416,0
23635352,6,-1,23635157,1,0,0
23635453,7,-1,23635157,155372,155372,0
23635564,8,-1,23635157,0,0,0
23635645,2,0,23635,0,0,0
23635713,9,-1,23635157,0,1,0
23635787,12,-1,23635157,0,0,0
23735161,4,-1,23735158,0,0,0
23735263,5,-1,23735158,155372,155356,0
23735367,6,-1,23735158,10,0,0
23735468,7,-1,23735158,155328,155328,0
23735576,8,-1,23735158,0,0,0
23735655,9,-1,23735158,1,0,0
23735734,11,-1,23735158,1,158,0
23735815,12,-1,23735158,0,0,0
23835160,4,-1,23835157,0,0,0
23835260,5,-1,23835157,155292,155292,0
23835352,6,-1,23835157,4,0,0
23835445,7,-1,23835157,155248,155248,0
23835553,8,-1,23835157,0,0,0
23835636,2,0,23835,0,0,0
23835704,9,-1,23835157,0,1,0
23835776,12,-1,23835157,0,0,0
23935159,4,-1,23935157,0,0,0
23935251,5,-1,23935157,155248,155232,0
23935351,6,-1,23935157,2,0,0
23935451,7,-1,23935157,155204,155204,0
23935564,8,-1,23935157,0,0,0
23935638,9,-1,23935157,1,0,0
23935723,11,-1,23935157,1,159,0
23935805,12,-1,23935157,0,0,0
24035159,4,-1,24035157,0,0,0
24035256,5,-1,24035157,155168,155168,0
24035357,6,-1,24035157,3,0,0
24035444,7,-1,24035157,155124,155124,0
24035543,8,-1,24035157,0,0,0
24035617,9,-1,24035157,1,0,0
24035698,11,-1,24035157,1,160,0
24035780,12,-1,24035157,0,0,0
24135160,4,-1,24135157,0,0,0
24135260,5,-1,24135157,155088,155088,0
24135358,6,-1,24135157,0,0,0
24235161,4,-1,24235158,0,0,0
24235258,5,-1,24235158,155088,155088,0
24235360,6,-1,24235158,0,0,0
24335160,4,-1,24335157,0,0,0
24335263,5,-1,24335157,155088,155088,0
24335360,6,-1,24335157,83,0,0
24335456,7,-1,24335157,154972,154972,0
24335561,8,-1,24335157,0,0,0
24335634,9,-1,24335157,1,0,0
24335712,11,-1,24335157,1,161,0
24335793,12,-1,24335157,0,0,0
24435159,4,-1,24435157,0,0,0
24435262,5,-1,24435157,154936,154884,0
24435352,6,-1,24435157,4,0,0
24435452,7,-1,24435157,154892,154884,0
24435569,8,-1,24435157,0,0,0
24435650,9,-1,24435157,1,0,0
24435736,11,-1,24435157,1,162,0
24435817,12,-1,24435157,0,0,0
24535159,4,-1,24535157,0,0,0
24535257,5,-1,24535157,154856,154856,0
24535358,6,-1,24535157,0,0,0
24635159,4,-1,24635157,0,0,0
24635257,5,-1,24635157,154856,154856,0
24635348,6,-1,24635157,19,0,0
24635443,7,-1,24635157,154804,154804,0
24635543,8,-1,24635157,0,0,0
24635619,9,-1,24635157,1,0,0
24635698,11,-1,24635157,1,163,0
24635778,12,-1,24635157,0,0,0
24735161,4,-1,24735158,0,0,0
24735273,5,-1,24735158,154768,154768,0
24735373,6,-1,24735158,1,0,0
24735463,7,-1,24735158,154724,154724,0
24735562,8,-1,24735158,0,0,0
24735636,9,-1,24735158,1,0,0
24735715,11,-1,24735158,1,164,0
24735794,12,-1,24735158,0,0,0
24835163,4,-1,24835159,0,0,0
24835282,5,-1,24835159,154688,154688,0
24835373,6,-1,24835159,8,0,0
24835461,7,-1,24835159,154644,154644,0
24835562,8,-1,24835159,0,0,0
24835635,9,-1,24835159,1,0,0
24835717,11,-1,24835159,1,165,0
24835797,12,-1,24835159,0,0,0
24935159,4,-1,24935157,0,0,0
24935257,5,-1,24935157,154608,154608,0
24935354,6,-1,24935157,1,0,0
24935457,7,-1,24935157,154564,154564,0
24935577,8,-1,24935157,0,0,0
24935650,2,0,24935,0,0,0
24935717,9,-1,24935157,0,1,0
24935791,12,-1,24935157,0,0,0
25035182,4,-1,25035177,0,0,0
25035350,5,-1,25035177,154564,154548,0
25035443,6,-1,25035177,9,0,0
25035542,7,-1,25035177,154520,154520,0
25035647,8,-1,25035177,0,0,0
25035724,9,-1,25035177,1,0,0
25035823,11,-1,25035177,1,166,0
25035914,12,-1,25035177,0,0,0
25135171,4,-1,25135167,0,0,0
25135344,5,-1,25135167,154484,154484,0
25135440,6,-1,25135167,0,0,0
25235168,4,-1,25235163,0,0,0
25235314,5,-1,25235163,154484,154484,0
25235410,6,-1,25235163,1,0,0
25235504,7,-1,25235163,154440,154440,0
25235606,8,-1,25235163,0,0,0
25235687,9,-1,25235163,1,0,0
25235768,11,-1,25235163,1,167,0
25235850,12,-1,25235163,0,0,0
25335167,4,-1,25335163,0,0,0
25335306,5,-1,25335163,154404,154404,0
25335397,6,-1,25335163,18,0,0
25335493,7,-1,25335163,154352,154352,0
25335594,8,-1,25335163,0,0,0
25335669,9,-1,25335163,1,0,0
25335757,11,-1,25335163,1,168,0
25335837,12,-1,25335163,0,0,0
25435161,4,-1,25435158,0,0,0
25435268,5,-1,25435158,154316,154316,0
25435363,6,-1,25435158,0,0,0
25535160,4,-1,25535157,0,0,0
25535266,5,-1,25535157,154316,154316,0
25535360,6,-1,25535157,0,0,0
25635160,4,-1,25635157,0,0,0
25635257,5,-1,25635157,154316,154316,0
25635348,6,-1,25635157,3,0,0
25635438,7,-1,25635157,154272,154272,0
25635541,8,-1,25635157,0,0,0
25635619,9,-1,25635157,1,0,0
25635699,11,-1,25635157,1,169,0
25635780,12,-1,25635157,0,0,0
25735160,4,-1,25735157,0,0,0
25735260,5,-1,25735157,154236,154236,0
25735351,6,-1,25735157,1,0,0
25735437,7,-1,25735157,154192,154192,0
25735537,8,-1,25735157,0,0,0
25735612,9,-1,25735157,1,0,0
25735693,11,-1,25735157,1,170,0
25735774,12,-1,25735157,0,0,0
25835159,4,-1,25835157,0,0,0
25835248,5,-1,25835157,154156,154156,0
25835336,6,-1,25835157,1,0,0
25835420,7,-1,25835157,154112,154112,0
25835523,8,-1,25835157,0,0,0
25835596,9,-1,25835157,1,0,0
25835674,11,-1,25835157,1,171,0
25835753,12,-1,25835157,0,0,0
25935166,4,-1,25935162,0,0,0
25935301,5,-1,25935162,154076,154076,0
25935395,6,-1,25935162,3,0,0
25935490,7,-1,25935162,154032,154032,0
25935592,8,-1,25935162,0,0,0
25935668,9,-1,25935162,1,0,0
25935748,11,-1,25935162,1,172,0
25935830,12,-1,25935162,0,0,0
26035166,4,-1,26035162,0,0,0
26035301,5,-1,26035162,153996,153996,0
26035408,6,-1,26035162,85,0,0
26035509,7,-1,26035162,153876,153876,0
26035620,8,-1,26035162,0,0,0
26035695,9,-1,26035162,1,0,0
26035775,11,-1,26035162,1,173,0
26035863,12,-1,26035162,0,0,0
26135160,4,-1,26135158,0,0,0
26135263,5,-1,26135158,153840,153784,0
26135364,6,-1,26135158,0,0,0
26235160,4,-1,26235157,0,0,0
26235265,5,-1,26235157,153840,153784,0
26235359,6,-1,26235157,9,0,0
26235460,7,-1,26235157,153796,153784,0
26235575,8,-1,26235157,0,0,0
26235650,9,-1,26235157,1,0,0
26235731,11,-1,26235157,1,174,0
26235814,12,-1,26235157,0,0,0
26335161,4,-1,26335158,0,0,0
26335277,5,-1,26335158,153760,153760,0
26335379,6,-1,26335158,1,0,0
26335473,7,-1,26335158,153716,153716,0
26335583,8,-1,26335158,0,0,0
26335664,9,-1,26335158,1,0,0
26335743,11,-1,26335158,1,175,0
26335823,12,-1,26335158,0,0,0
26435160,4,-1,26435158,0,0,0
26435261,5,-1,26435158,153680,153680,0
26435357,6,-1,26435158,3,0,0
26435448,7,-1,26435158,153636,153636,0
26435547,8,-1,26435158,0,0,0
26435621,9,-1,26435158,1,0,0
26435704,11,-1,26435158,1,176,0
26435785,12,-1,26435158,0,0,0
26535160,4,-1,26535157,0,0,0
26535255,5,-1,26535157,153600,153600,0
26535353,6,-1,26535157,1,0,0
26535446,7,-1,26535157,153556,153556,0
26535544,8,-1,26535157,0,0,0
26535619,2,0,26535,0,0,0
26535688,9,-1,26535157,0,1,0
26535765,12,-1,26535157,0,0,0
26635160,4,-1,26635157,0,0,0
26635256,5,-1,26635157,153556,153540,0
26635343,6,-1,26635157,11,0,0
26635431,7,-1,26635157,153512,153512,0
26635528,8,-1,26635157,0,0,0
26635601,9,-1,26635157,1,0,0
26635680,11,-1,26635157,1,177,0
26635759,12,-1,26635157,0,0,0
26735160,4,-1,26735157,0,0,0
26735259,5,-1,26735157,153476,153476,0
26735360,6,-1,26735157,33,0,0
26735452,7,-1,26735157,153408,153408,0
26735560,8,-1,26735157,0,0,0
26735634,9,-1,26735157,1,0,0
26735713,11,-1,26735157,1,178,0
26735791,12,-1,26735157,0,0,0
26835160,4,-1,26835157,0,0,0
26835268,5,-1,26835157,153372,153368,0
26835364,6,-1,26835157,51,0,0
26835461,7,-1,26835157,153288,153288,0
26835573,8,-1,26835157,0,0,0
26835653,9,-1,26835157,1,0,0
26835734,11,-1,26835157,1,179,0
26835815,12,-1,26835157,0,0,0
26935159,4,-1,26935157,0,0,0
26935250,5,-1,26935157,153252,153232,0
26935338,6,-1,26935157,0,0,0
27035159,4,-1,27035157,0,0,0
27035256,5,-1,27035157,153252,153232,0
27035354,6,-1,27035157,35,0,0
27035456,7,-1,27035157,153184,153184,0
27035555,8,-1,27035157,0,0,0
27035633,9,-1,27035157,1,0,0
27035710,11,-1,27035157,1,180,0
27035792,12,-1,27035157,0,0,0
27135159,4,-1,27135157,0,0,0
27135259,5,-1,27135157,153148,153144,0
27135353,6,-1,27135157,52,0,0
27135452,7,-1,27135157,153064,153064,0
27135550,8,-1,27135157,0,0,0
27135623,9,-1,27135157,1,0,0
27135702,11,-1,27135157,1,181,0
27135780,12,-1,27135157,0,0,0
27235161,4,-1,27235158,0,0,0
27235257,5,-1,27235158,153028,153008,0
27235347,6,-1,27235158,3,0,0
27235437,7,-1,27235158,152984,152984,0
27235534,8,-1,27235158,0,0,0
27235608,9,-1,27235158,1,0,0
27235686,11,-1,27235158,1,182,0
27235765,12,-1,27235158,0,0,0
27335160,4,-1,27335157,0,0,0
27335261,5,-1,27335157,152948,152948,0
27335353,6,-1,27335157,6,0,0
27335440,7,-1,27335157,152904,152904,0
27335540,8,-1,27335157,0,0,0
27335616,2,0,27335,0,0,0
27335684,9,-1,27335157,0,1,0
27335757,12,-1,27335157,0,0,0
27435160,4,-1,27435157,0,0,0
27435272,5,-1,27435157,152904,152888,0
27435366,6,-1,27435157,48,0,0
27435458,7,-1,27435157,152824,152824,0
27435558,8,-1,27435157,0,0,0
27435632,9,-1,27435157,1,0,0
27435712,11,-1,27435157,1,183,0
27435792,12,-1,27435157,0,0,0
27535159,4,-1,27535157,0,0,0
27535258,5,-1,27535157,152788,152772,0
27535357,6,-1,27535157,1,0,0
27535453,7,-1,27535157,152744,152744,0
27535551,8,-1,27535157,0,0,0
27535626,9,-1,27535157,1,0,0
27535708,11,-1,27535157,1,184,0
27535790,12,-1,27535157,0,0,0
27635160,4,-1,27635157,0,0,0
27635259,5,-1,27635157,152708,152708,0
27635349,6,-1,27635157,1,0,0
27635438,7,-1,27635157,152664,152664,0
27635535,8,-1,27635157,0,0,0
27635609,9,-1,27635157,1,0,0
27635687,11,-1,27635157,1,185,0
27635767,12,-1,27635157,0,0,0
27735160,4,-1,27735157,0,0,0
27735255,5,-1,27735157,152628,152628,0
27735343,6,-1,27735157,41,0,0
27735432,7,-1,27735157,152552,152552,0
27735530,8,-1,27735157,0,0,0
27735603,9,-1,27735157,1,0,0
27735680,11,-1,27735157,1,186,0
27735759,12,-1,27735157,0,0,0
27835160,4,-1,27835157,0,0,0
27835271,5,-1,27835157,152516,152504,0
27835363,6,-1,27835157,8,0,0
27835457,7,-1,27835157,152472,152472,0
27835559,8,-1,27835157,0,0,0
27835633,9,-1,27835157,1,0,0
27835712,11,-1,27835157,1,187,0
27835798,12,-1,27835157,0,0,0
27935159,4,-1,27935157,0,0,0
27935264,5,-1,27935157,152436,152436,0
27935351,6,-1,27935157,1,0,0
27935436,7,-1,27935157,152392,152392,0
27935534,8,-1,27935157,0,0,0
27935609,9,-1,27935157,1,0,0
27935692,11,-1,27935157,1,188,0
27935773,12,-1,27935157,0,0,0
28035162,4,-1,28035159,0,0,0
28035273,5,-1,28035159,152356,152356,0
28035372,6,-1,28035159,6,0,0
28035465,7,-1,28035159,152312,152312,0
28035578,8,-1,28035159,0,0,0
28035654,9,-1,28035159,1,0,0
28035738,11,-1,28035159,1,189,0
28035820,12,-1,28035159,0,0,0
28135160,4,-1,28135158,0,0,0
28135269,5,-1,28135158,152276,152276,0
28135373,6,-1,28135158,1,0,0
28135466,7,-1,28135158,152232,152232,0
28135571,8,-1,28135158,0,0,0
28135646,2,0,28135,0,0,0
28135714,9,-1,28135158,0,1,0
28135785,12,-1,28135158,0,0,0
28235160,4,-1,28235157,0,0,0
28235270,5,-1,28235157,152232,152216,0
28235368,6,-1,28235157,1,0,0
28235459,7,-1,28235157,152188,152188,0
28235560,8,-1,28235157,0,0,0
28235633,9,-1,28235157,1,0,0
28235712,11,-1,28235157,1,190,0
28235791,12,-1,28235157,0,0,0
28335159,4,-1,28335157,0,0,0
28335253,5,-1,28335157,152152,152152,0
28335342,6,-1,28335157,1,0,0
28335429,7,-1,28335157,152108,152108,0
28335529,8,-1,28335157,0,0,0
28335603,9,-1,28335157,1,0,0
28335682,11,-1,28335157,1,191,0
28335770,12,-1,28335157,0,0,0
28435159,4,-1,28435157,0,0,0
28435263,5,-1,28435157,152072,152072,0
28435351,6,-1,28435157,1,0,0
28435435,7,-1,28435157,152028,152028,0
28435532,8,-1,28435157,0,0,0
28435604,9,-1,28435157,1,0,0
28435682,11,-1,28435157,1,192,0
28435760,12,-1,28435157,0,0,0
28535159,4,-1,28535157,0,0,0
28535253,5,-1,28535157,151992,151992,0
28535355,6,-1,28535157,4,0,0
28535448,7,-1,28535157,151948,151948,0
28535554,8,-1,28535157,0,0,0
28535631,9,-1,28535157,1,0,0
28535709,11,-1,28535157,1,193,0
28535789,12,-1,28535157,0,0,0
28635160,4,-1,28635157,0,0,0
28635261,5,-1,28635157,151912,151912,0
28635357,6,-1,28635157,9,0,0
28635449,7,-1,28635157,151868,151868,0
28635560,8,-1,28635157,0,0,0
28635641,9,-1,28635157,1,0,0
28635728,11,-1,28635157,1,194,0
28635815,12,-1,28635157,0,0,0
28735160,4,-1,28735158,0,0,0
28735262,5,-1,28735158,151832,151832,0
28735355,6,-1,28735158,8,0,0
28735443,7,-1,28735158,151788,151788,0
28735545,8,-1,28735158,0,0,0
28735620,9,-1,28735158,1,0,0
28735700,11,-1,28735158,1,195,0
28735781,12,-1,28735158,0,0,0
28835160,4,-1,28835158,0,0,0
28835274,5,-1,28835158,151752,151752,0
28835366,6,-1,28835158,23,0,0
28835461,7,-1,28835158,151696,151696,0
28835560,8,-1,28835158,0,0,0
28835635,9,-1,28835158,1,0,0
28835714,11,-1,28835158,1,196,0
28835795,12,-1,28835158,0,0,0
28935159,4,-1,28935157,0,0,0
28935260,5,-1,28935157,151660,151660,0
28935375,6,-1,28935157,0,0,0
29035159,4,-1,29035157,0,0,0
29035252,5,-1,29035157,151660,151660,0
29035354,6,-1,29035157,1,0,0
29035443,7,-1,29035157,151616,151616,0
29035545,8,-1,29035157,0,0,0
29035627,9,-1,29035157,1,0,0
29035711,11,-1,29035157,1,197,0
29035791,12,-1,29035157,0,0,0
29135161,4,-1,29135158,0,0,0
29135264,5,-1,29135158,151580,151580,0
29135361,6,-1,29135158,3,0,0
29135456,7,-1,29135158,151536,151536,0
29135566,8,-1,29135158,0,0,0
29135642,9,-1,29135158,1,0,0
29135725,11,-1,29135158,1,198,0
29135810,12,-1,29135158,0,0,0
29235161,4,-1,29235158,0,0,0
29235269,5,-1,29235158,151500,151500,0
29235371,6,-1,29235158,1,0,0
29235462,7,-1,29235158,151456,151456,0
29235574,8,-1,29235158,0,0,0
29235660,9,-1,29235158,1,0,0
29235753,11,-1,29235158,1,199,0
29235833,12,-1,29235158,0,0,0
29335159,4,-1,29335157,0,0,0
29335255,5,-1,29335157,151420,151420,0
29335360,6,-1,29335157,13,0,0
29335450,7,-1,29335157,151372,151372,0
29335555,8,-1,29335157,0,0,0
29335637,2,0,29335,0,0,0
29335704,9,-1,29335157,0,1,0
29335775,12,-1,29335157,0,0,0
29435160,4,-1,29435157,0,0,0
29435256,5,-1,29435157,151372,151352,0
29435351,6,-1,29435157,11,0,0
29435451,7,-1,29435157,151328,151328,0
29435552,8,-1,29435157,0,0,0
29435625,9,-1,29435157,1,0,0
29435704,11,-1,29435157,1,200,0
29435783,12,-1,29435157,0,0,0
29535159,4,-1,29535157,0,0,0
29535255,5,-1,29535157,151292,151292,0
29535353,6,-1,29535157,9,0,0
29535450,7,-1,29535157,151248,151248,0
29535558,8,-1,29535157,0,0,0
29535635,9,-1,29535157,1,0,0
29535713,11,-1,29535157,1,201,0
29535792,12,-1,29535157,0,0,0
29635159,4,-1,29635157,0,0,0
29635256,5,-1,29635157,151212,151212,0
29635356,6,-1,29635157,3,0,0
29635450,7,-1,29635157,151168,151168,0
29635563,8,-1,29635157,0,0,0
29635643,9,-1,29635157,1,0,0
29635728,11,-1,29635157,1,202,0
29635809,12,-1,29635157,0,0,0
29735160,4,-1,29735158,0,0,0
29735277,5,-1,29735158,151132,151132,0
29735372,6,-1,29735158,5,0,0
29735464,7,-1,29735158,151088,151088,0
29735569,8,-1,29735158,0,0,0
29735646,9,-1,29735158,1,0,0
29735725,11,-1,29735158,1,203,0
29735805,12,-1,29735158,0,0,0
29835160,4,-1,29835157,0,0,0
29835264,5,-1,29835157,151052,151052,0
29835358,6,-1,29835157,11,0,0
29835457,7,-1,29835157,151008,151008,0
29835559,8,-1,29835157,0,0,0
29835641,2,0,29835,0,0,0
29835710,9,-1,29835157,0,1,0
29835783,12,-1,29835157,0,0,0
29935160,4,-1,29935157,0,0,0
29935255,5,-1,29935157,151008,150992,0
29935353,6,-1,29935157,1,0,0
29935449,7,-1,29935157,150964,150964,0
29935547,8,-1,29935157,0,0,0
29935623,9,-1,29935157,1,0,0
29935702,11,-1,29935157,1,204,0
29935783,12,-1,29935157,0,0,0
30035159,4,-1,30035157,0,0,0
30035253,5,-1,30035157,150928,150928,0
30035347,6,-1,30035157,1,0,0
30035445,7,-1,30035157,150884,150884,0
30035553,8,-1,30035157,0,0,0
30035626,9,-1,30035157,1,0,0
30035704,11,-1,30035157,1,205,0
30035787,12,-1,30035157,0,0,0
30135168,4,-1,30135162,0,0,0
30135294,5,-1,30135162,150848,150848,0
30135398,6,-1,30135162,0,0,0
30235162,4,-1,30235159,0,0,0
30235268,5,-1,30235159,150848,150848,0
30235367,6,-1,30235159,3,0,0
30235476,7,-1,30235159,150804,150804,0
30235587,8,-1,30235159,0,0,0
30235666,9,-1,30235159,1,0,0
30235747,11,-1,30235159,1,206,0
30235828,12,-1,30235159,0,0,0
30335163,4,-1,30335161,0,0,0
30335265,5,-1,30335161,150768,150768,0
30335364,6,-1,30335161,0,0,0
30435159,4,-1,30435157,0,0,0
30435251,5,-1,30435157,150768,150768,0
30435356,6,-1,30435157,7,0,0
30435454,7,-1,30435157,150724,150724,0
30435563,8,-1,30435157,0,0,0
30435638,9,-1,30435157,1,0,0
30435718,11,-1,30435157,1,207,0
30435800,12,-1,30435157,0,0,0
30535160,4,-1,30535157,0,0,0
30535258,5,-1,30535157,150688,150688,0
30535354,6,-1,30535157,8,0,0
30535444,7,-1,30535157,150644,150644,0
30535545,8,-1,30535157,0,0,0
30535618,9,-1,30535157,1,0,0
30535696,11,-1,30535157,1,208,0
30535778,12,-1,30535157,0,0,0
30635160,4,-1,30635157,0,0,0
30635256,5,-1,30635157,150608,150608,0
30635359,6,-1,30635157,6,0,0
30635444,7,-1,30635157,150564,150564,0
30635543,8,-1,30635157,0,0,0
30635618,9,-1,30635157,1,0,0
30635701,11,-1,30635157,1,209,0
30635780,12,-1,30635157,0,0,0
30735162,4,-1,30735159,0,0,0
30735256,5,-1,30735159,150528,150528,0
30735359,6,-1,30735159,27,0,0
30735458,7,-1,30735159,150468,150468,0
30735574,8,-1,30735159,0,0,0
30735649,9,-1,30735159,1,0,0
30735728,11,-1,30735159,1,210,0
30735808,12,-1,30735159,0,0,0
30835161,4,-1,30835158,0,0,0
30835269,5,-1,30835158,150432,150432,0
30835372,6,-1,30835158,0,0,0
30935159,4,-1,30935157,0,0,0
30935253,5,-1,30935157,150432,150432,0
30935352,6,-1,30935157,3,0,0
30935442,7,-1,30935157,150388,150388,0
30935541,8,-1,30935157,0,0,0
30935615,9,-1,30935157,1,0,0
30935693,11,-1,30935157,1,211,0
30935774,12,-1,30935157,0,0,0
31035166,4,-1,31035162,0,0,0
31035287,5,-1,31035162,150352,150352,0
31035381,6,-1,31035162,17,0,0
31035503,7,-1,31035162,150300,150300,0
31035632,8,-1,31035162,0,0,0
31035726,9,-1,31035162,1,0,0
31035807,11,-1,31035162,1,212,0
31035888,12,-1,31035162,0,0,0
31135162,4,-1,31135159,0,0,0
31135267,5,-1,31135159,150264,150264,0
31135371,6,-1,31135159,1,0,0
31135475,7,-1,31135159,150220,150220,0
31135585,8,-1,31135159,0,0,0
31135661,2,0,31135,0,0,0
31135730,9,-1,31135159,0,1,0
31135803,12,-1,31135159,0,0,0
31235160,4,-1,31235158,0,0,0
31235258,5,-1,31235158,150220,150204,0
31235352,6,-1,31235158,17,0,0
31235445,7,-1,31235158,150168,150168,0
31235544,8,-1,31235158,0,0,0
31235618,9,-1,31235158,1,0,0
31235697,11,-1,31235158,1,213,0
31235779,12,-1,31235158,0,0,0
31335160,4,-1,31335158,0,0,0
31335258,5,-1,31335158,150132,150132,0
31335348,6,-1,31335158,1,0,0
31335434,7,-1,31335158,150088,150088,0
31335533,8,-1,31335158,0,0,0
31335607,9,-1,31335158,1,0,0
31335688,11,-1,31335158,1,214,0
31335768,12,-1,31335158,0,0,0
31435159,4,-1,31435157,0,0,0
31435252,5,-1,31435157,150052,150052,0
31435342,6,-1,31435157,7,0,0
31435426,7,-1,31435157,150008,150008,0
31435524,8,-1,31435157,0,0,0
31435598,2,0,31435,0,0,0
31435665,9,-1,31435157,0,1,0
31435737,12,-1,31435157,0,0,0
31535160,4,-1,31535157,0,0,0
31535254,5,-1,31535157,150008,149992,0
31535358,6,-1,31535157,4,0,0
31535443,7,-1,31535157,149964,149964,0
31535547,8,-1,31535157,0,0,0
31535628,9,-1,31535157,1,0,0
31535706,11,-1,31535157,1,215,0
31535785,12,-1,31535157,0,0,0
31635162,4,-1,31635158,0,0,0
31635280,5,-1,31635158,149928,149928,0
31635384,6,-1,31635158,6,0,0
31635473,7,-1,31635158,149884,149884,0
31635580,8,-1,31635158,0,0,0
31635661,9,-1,31635158,1,0,0
31635745,11,-1,31635158,1,216,0
31635826,12,-1,31635158,0,0,0
31735160,4,-1,31735157,0,0,0
31735258,5,-1,31735157,149848,149848,0
31735357,6,-1,31735157,15,0,0
31735449,7,-1,31735157,149800,149800,0
31735548,8,-1,31735157,0,0,0
31735622,2,0,31735,0,0,0
31735691,9,-1,31735157,0,1,0
31735766,12,-1,31735157,0,0,0
31835165,4,-1,31835160,0,0,0
31835285,5,-1,31835160,149800,149780,0
31835394,6,-1,31835160,0,0,0
31935160,4,-1,31935158,0,0,0
31935262,5,-1,31935158,149800,149780,0
31935354,6,-1,31935158,1,0,0
31935464,7,-1,31935158,149756,149756,0
31935583,8,-1,31935158,0,0,0
31935658,9,-1,31935158,1,0,0
31935738,11,-1,31935158,1,217,0
31935819,12,-1,31935158,0,0,0
32035159,4,-1,32035157,0,0,0
32035260,5,-1,32035157,149720,149720,0
32035351,6,-1,32035157,13,0,0
32035447,7,-1,32035157,149672,149672,0
32035544,8,-1,32035157,0,0,0
32035618,2,0,32035,0,0,0
32035686,9,-1,32035157,0,1,0
32035758,12,-1,32035157,0,0,0
32135160,4,-1,32135157,0,0,0
32135262,5,-1,32135157,149672,149652,0
32135365,6,-1,32135157,44,0,0
32135469,7,-1,32135157,149596,149596,0
32135578,8,-1,32135157,0,0,0
32135658,9,-1,32135157,1,0,0
32135743,11,-1,32135157,1,218,0
32135829,12,-1,32135157,0,0,0
32235162,4,-1,32235160,0,0,0
32235275,5,-1,32235160,149560,149548,0
32235380,6,-1,32235160,7,0,0
32235478,7,-1,32235160,149516,149516,0
32235597,8,-1,32235160,0,0,0
32235685,9,-1,32235160,1,0,0
32235775,11,-1,32235160,1,219,0
32235856,12,-1,32235160,0,0,0
32335160,4,-1,32335157,0,0,0
32335256,5,-1,32335157,149480,149480,0
32335357,6,-1,32335157,1,0,0
32335453,7,-1,32335157,149436,149436,0
32335561,8,-1,32335157,0,0,0
32335639,2,0,32335,0,0,0
32335711,9,-1,32335157,0,1,0
32335786,12,-1,32335157,0,0,0
32435160,4,-1,32435157,0,0,0
32435260,5,-1,32435157,149436,149420,0
32435355,6,-1,32435157,1,0,0
32435449,7,-1,32435157,149392,149392,0
32435563,8,-1,32435157,0,0,0
32435636,9,-1,32435157,1,0,0
32435714,11,-1,32435157,1,220,0
32435796,12,-1,32435157,0,0,0
32535159,4,-1,32535157,0,0,0
32535263,5,-1,32535157,149356,149356,0
32535361,6,-1,32535157,1,0,0
32535457,7,-1,32535157,149312,149312,0
32535568,8,-1,32535157,0,0,0
32535643,9,-1,32535157,1,0,0
32535723,11,-1,32535157,1,221,0
32535803,12,-1,32535157,0,0,0
32635167,4,-1,32635162,0,0,0
32635311,5,-1,32635162,149276,149276,0
32635412,6,-1,32635162,59,0,0
32635509,7,-1,32635162,149184,149184,0
32635612,8,-1,32635162,0,0,0
32635694,9,-1,32635162,1,0,0
32635777,11,-1,32635162,1,222,0
32635858,12,-1,32635162,0,0,0
32735167,4,-1,32735162,0,0,0
32735292,5,-1,32735162,149148,149120,0
32735390,6,-1,32735162,6,0,0
32735498,7,-1,32735162,149104,149104,0
32735608,8,-1,32735162,0,0,0
32735683,9,-1,32735162,1,0,0
32735764,11,-1,32735162,1,223,0
32735845,12,-1,32735162,0,0,0
32835164,4,-1,32835160,0,0,0
32835277,5,-1,32835160,149068,149068,0
32835385,6,-1,32835160,6,0,0
32835475,7,-1,32835160,149024,149024,0
32835580,8,-1,32835160,0,0,0
32835654,2,0,32835,0,0,0
32835723,9,-1,32835160,0,1,0
32835794,12,-1,32835160,0,0,0
32935161,4,-1,32935158,0,0,0
32935269,5,-1,32935158,149024,149008,0
32935373,6,-1,32935158,0,0,0
33035160,4,-1,33035157,0,0,0
33035252,5,-1,33035157,149024,149008,0
33035344,6,-1,33035157,1,0,0
33035439,7,-1,33035157,148980,148980,0
33035545,8,-1,33035157,0,0,0
33035625,9,-1,33035157,1,0,0
33035704,11,-1,33035157,1,224,0
33035784,12,-1,33035157,0,0,0
33135161,4,-1,33135158,0,0,0
33135270,5,-1,33135158,148944,148944,0
33135370,6,-1,33135158,0,0,0
33235160,4,-1,33235157,0,0,0
33235266,5,-1,33235157,148944,148944,0
33235359,6,-1,33235157,1,0,0
33235447,7,-1,33235157,148900,148900,0
33235547,8,-1,33235157,0,0,0
33235621,9,-1,33235157,1,0,0
33235700,11,-1,33235157,1,225,0
33235780,12,-1,33235157,0,0,0
33335160,4,-1,33335157,0,0,0
33335268,5,-1,33335157,148864,148864,0
33335361,6,-1,33335157,3,0,0
33335457,7,-1,33335157,148820,148820,0
33335554,8,-1,33335157,0,0,0
33335627,9,-1,33335157,1,0,0
33335711,11,-1,33335157,1,226,0
33335793,12,-1,33335157,0,0,0
33435160,4,-1,33435157,0,0,0
33435278,5,-1,33435157,148784,148784,0
33435367,6,-1,33435157,37,0,0
33435455,7,-1,33435157,148712,148712,0
33435553,8,-1,33435157,0,0,0
33435626,9,-1,33435157,1,0,0
33435704,11,-1,33435157,1,227,0
33435785,12,-1,33435157,0,0,0
33535159,4,-1,33535157,0,0,0
33535253,5,-1,33535157,148676,148668,0
33535341,6,-1,33535157,5,0,0
33535435,7,-1,33535157,148632,148632,0
33535545,8,-1,33535157,0,0,0
33535628,9,-1,33535157,1,0,0
33535709,11,-1,33535157,1,228,0
33535792,12,-1,33535157,0,0,0
33635159,4,-1,33635157,0,0,0
33635264,5,-1,33635157,148596,148596,0
33635351,6,-1,33635157,4,0,0
33635436,7,-1,33635157,148552,148552,0
33635533,8,-1,33635157,0,0,0
33635607,9,-1,33635157,1,0,0
33635685,11,-1,33635157,1,229,0
33635764,12,-1,33635157,0,0,0
33735160,4,-1,33735157,0,0,0
33735261,5,-1,33735157,148516,148516,0
33735352,6,-1,33735157,1,0,0
33735436,7,-1,33735157,148472,148472,0
33735533,8,-1,33735157,0,0,0
33735606,9,-1,33735157,1,0,0
33735689,11,-1,33735157,1,230,0
33735769,12,-1,33735157,0,0,0
33835161,4,-1,33835158,0,0,0
33835258,5,-1,33835158,148436,148436,0
33835355,6,-1,33835158,1,0,0
33835441,7,-1,33835158,148392,148392,0
33835540,8,-1,33835158,0,0,0
33835614,9,-1,33835158,1,0,0
33835693,11,-1,33835158,1,231,0
33835773,12,-1,33835158,0,0,0
33935160,4,-1,33935157,0,0,0
33935254,5,-1,33935157,148356,148356,0
33935343,6,-1,33935157,1,0,0
33935427,7,-1,33935157,148312,148312,0
33935525,8,-1,33935157,0,0,0
33935598,2,0,33935,0,0,0
33935666,9,-1,33935157,0,1,0
33935738,12,-1,33935157,0,0,0
34035159,4,-1,34035157,0,0,0
34035254,5,-1,34035157,148312,148296,0
34035344,6,-1,34035157,1,0,0
34035430,7,-1,34035157,148268,148268,0
34035529,8,-1,34035157,0,0,0
34035605,9,-1,34035157,1,0,0
34035687,11,-1,34035157,1,232,0
34035766,12,-1,34035157,0,0,0
34135160,4,-1,34135157,0,0,0
34135271,5,-1,34135157,148232,148232,0
34135369,6,-1,34135157,3,0,0
34135459,7,-1,34135157,148188,148188,0
34135559,8,-1,34135157,0,0,0
34135633,9,-1,34135157,1,0,0
34135717,11,-1,34135157,1,233,0
34135802,12,-1,34135157,0,0,0
34235164,4,-1,34235159,0,0,0
34235279,5,-1,34235159,148152,148152,0
34235380,6,-1,34235159,12,0,0
34235485,7,-1,34235159,148108,148108,0
34235586,8,-1,34235159,0,0,0
34235661,9,-1,34235159,1,0,0
34235740,11,-1,34235159,1,234,0
34235820,12,-1,34235159,0,0,0
34335161,4,-1,34335158,0,0,0
34335265,5,-1,34335158,148072,148072,0
34335357,6,-1,34335158,15,0,0
34335459,7,-1,34335158,148024,148024,0
34335575,8,-1,34335158,0,0,0
34335657,2,0,34335,0,0,0
34335725,9,-1,34335158,0,1,0
34335798,12,-1,34335158,0,0,0
34435159,4,-1,34435157,0,0,0
34435254,5,-1,34435157,148024,148004,0
34435369,6,-1,34435157,2,0,0
34435465,7,-1,34435157,147980,147980,0
34435574,8,-1,34435157,0,0,0
34435650,9,-1,34435157,1,0,0
34435732,11,-1,34435157,1,235,0
34435811,12,-1,34435157,0,0,0
34535159,4,-1,34535157,0,0,0
34535252,5,-1,34535157,147944,147944,0
34535359,6,-1,34535157,25,0,0
34535451,7,-1,34535157,147884,147884,0
34535557,8,-1,34535157,0,0,0
34535631,9,-1,34535157,1,0,0
34535715,11,-1,34535157,1,236,0
34535796,12,-1,34535157,0,0,0
34635159,4,-1,34635157,0,0,0
34635254,5,-1,34635157,147848,147848,0
34635349,6,-1,34635157,1,0,0
34635435,7,-1,34635157,147804,147804,0
34635540,8,-1,34635157,0,0,0
34635613,9,-1,34635157,1,0,0
34635694,11,-1,34635157,1,237,0
34635790,12,-1,34635157,0,0,0
34735159,4,-1,34735157,0,0,0
34735254,5,-1,34735157,147768,147768,0
34735349,6,-1,34735157,2,0,0
34735436,7,-1,34735157,147724,147724,0
34735540,8,-1,34735157,0,0,0
34735617,9,-1,34735157,1,0,0
34735698,11,-1,34735157,1,238,0
34735777,12,-1,34735157,0,0,0
34835161,4,-1,34835158,0,0,0
34835266,5,-1,34835158,147688,147688,0
34835364,6,-1,34835158,1,0,0
34835457,7,-1,34835158,147644,147644,0
34835567,8,-1,34835158,0,0,0
34835648,9,-1,34835158,1,0,0
34835726,11,-1,34835158,1,239,0
34835806,12,-1,34835158,0,0,0
34935160,4,-1,34935157,0,0,0
34935257,5,-1,34935157,147608,147608,0
34935356,6,-1,34935157,0,0,0
35035160,4,-1,35035157,0,0,0
35035256,5,-1,35035157,147608,147608,0
35035348,6,-1,35035157,2,0,0
35035440,7,-1,35035157,147564,147564,0
35035545,8,-1,35035157,0,0,0
35035620,9,-1,35035157,1,0,0
35035698,11,-1,35035157,1,240,0
35035778,12,-1,35035157,0,0,0
35135162,4,-1,35135158,0,0,0
35135271,5,-1,35135158,147528,147528,0
35135365,6,-1,35135158,1,0,0
35135454,7,-1,35135158,147484,147484,0
35135554,8,-1,35135158,0,0,0
35135628,9,-1,35135158,1,0,0
35135707,11,-1,35135158,1,241,0
35135792,12,-1,35135158,0,0,0
35235169,4,-1,35235163,0,0,0
35235306,5,-1,35235163,147448,147448,0
35235431,6,-1,35235163,48,0,0
35235537,7,-1,35235163,147368,147368,0
35235663,8,-1,35235163,0,0,0
35235762,9,-1,35235163,1,0,0
35235843,11,-1,35235163,1,242,0
35235924,12,-1,35235163,0,0,0
35335177,4,-1,35335171,0,0,0
35335332,5,-1,35335171,147332,147316,0
35335434,6,-1,35335171,1,0,0
35335533,7,-1,35335171,147288,147288,0
35335643,8,-1,35335171,0,0,0
35335719,9,-1,35335171,1,0,0
35335798,11,-1,35335171,1,243,0
35335878,12,-1,35335171,0,0,0
35435171,4,-1,35435165,0,0,0
35435335,5,-1,35435165,147252,147252,0
35435428,6,-1,35435165,25,0,0
35435529,7,-1,35435165,147192,147192,0
35435634,8,-1,35435165,0,0,0
35435715,2,0,35435,0,0,0
35435788,9,-1,35435165,0,1,0
35435864,12,-1,35435165,0,0,0
35535173,4,-1,35535167,0,0,0
35535318,5,-1,35535167,147192,147160,0
35535418,6,-1,35535167,1,0,0
35535518,7,-1,35535167,147148,147148,0
35535623,8,-1,35535167,0,0,0
35535708,9,-1,35535167,1,0,0
35535802,11,-1,35535167,1,244,0
35535885,12,-1,35535167,0,0,0
35635168,4,-1,35635163,0,0,0
35635307,5,-1,35635163,147112,147112,0
35635400,6,-1,35635163,3,0,0
35635506,7,-1,35635163,147068,147068,0
35635614,8,-1,35635163,0,0,0
35635693,2,0,35635,0,0,0
35635764,9,-1,35635163,0,1,0
35635837,12,-1,35635163,0,0,0
35735161,4,-1,35735158,0,0,0
35735275,5,-1,35735158,147068,147052,0
35735364,6,-1,35735158,54,0,0
35735456,7,-1,35735158,146980,146980,0
35735555,8,-1,35735158,0,0,0
35735630,9,-1,35735158,1,0,0
35735709,11,-1,35735158,1,245,0
35735791,12,-1,35735158,0,0,0
35835161,4,-1,35835158,0,0,0
35835270,5,-1,35835158,146944,146920,0
35835369,6,-1,35835158,15,0,0
35835464,7,-1,35835158,146896,146896,0
35835563,8,-1,35835158,0,0,0
35835637,9,-1,35835158,1,0,0
35835718,11,-1,35835158,1,246,0
35835798,12,-1,35835158,0,0,0
35935160,4,-1,35935157,0,0,0
35935274,5,-1,35935157,146860,146860,0
35935367,6,-1,35935157,23,0,0
35935457,7,-1,35935157,146804,146804,0
35935556,8,-1,35935157,0,0,0
35935630,2,0,35935,0,0,0
35935698,9,-1,35935157,0,1,0
35935771,12,-1,35935157,0,0,0
36035159,4,-1,36035157,0,0,0
36035255,5,-1,36035157,146804,146776,0
36035347,6,-1,36035157,0,0,0
36135160,4,-1,36135157,0,0,0
36135257,5,-1,36135157,146804,146776,0
36135350,6,-1,36135157,65,0,0
36135449,7,-1,36135157,146704,146704,0
36135573,8,-1,36135157,0,0,0
36135652,9,-1,36135157,1,0,0
36135730,11,-1,36135157,1,247,0
36135811,12,-1,36135157,0,0,0
36235161,4,-1,36235158,0,0,0
36235264,5,-1,36235158,146668,146632,0
36235382,6,-1,36235158,14,0,0
36235481,7,-1,36235158,146620,146620,0
36235590,8,-1,36235158,0,0,0
36235665,9,-1,36235158,1,0,0
36235745,11,-1,36235158,1,248,0
36235826,12,-1,36235158,0,0,0
36335164,4,-1,36335162,0,0,0
36335266,5,-1,36335162,146584,146584,0
36335376,6,-1,36335162,1,0,0
36335468,7,-1,36335162,146540,146540,0
36335575,8,-1,36335162,0,0,0
36335648,9,-1,36335162,1,0,0
36335727,11,-1,36335162,1,249,0
36335809,12,-1,36335162,0,0,0
36435160,4,-1,36435158,0,0,0
36435255,5,-1,36435158,146504,146504,0
36435363,6,-1,36435158,2,0,0
36435454,7,-1,36435158,146460,146460,0
36435558,8,-1,36435158,0,0,0
36435632,2,0,36435,0,0,0
36435699,9,-1,36435158,0,1,0
36435770,12,-1,36435158,0,0,0
36535159,4,-1,36535157,0,0,0
36535247,5,-1,36535157,146460,146444,0
36535341,6,-1,36535157,1,0,0
36535425,7,-1,36535157,146416,146416,0
36535523,8,-1,36535157,0,0,0
36535602,9,-1,36535157,1,0,0
36535680,11,-1,36535157,1,250,0
36535760,12,-1,36535157,0,0,0
36635160,4,-1,36635157,0,0,0
36635269,5,-1,36635157,146380,146380,0
36635361,6,-1,36635157,1,0,0
36635460,7,-1,36635157,146336,146336,0
36635568,8,-1,36635157,0,0,0
36635649,9,-1,36635157,1,0,0
36635741,11,-1,36635157,1,251,0
36635821,12,-1,36635157,0,0,0
36735160,4,-1,36735157,0,0,0
36735259,5,-1,36735157,146300,146300,0
36735352,6,-1,36735157,1,0,0
36735455,7,-1,36735157,146256,146256,0
36735573,8,-1,36735157,0,0,0
36735655,9,-1,36735157,1,0,0
36735741,11,-1,36735157,1,252,0
36735822,12,-1,36735157,0,0,0
36835160,4,-1,36835157,0,0,0
36835256,5,-1,36835157,146220,146220,0
36835350,6,-1,36835157,1,0,0
36835435,7,-1,36835157,146176,146176,0
36835532,8,-1,36835157,0,0,0
36835606,9,-1,36835157,1,0,0
36835685,11,-1,36835157,1,253,0
36835766,12,-1,36835157,0,0,0
36935159,4,-1,36935157,0,0,0
36935257,5,-1,36935157,146140,146140,0
36935345,6,-1,36935157,27,0,0
36935433,7,-1,36935157,146080,146080,0
36935530,8,-1,36935157,0,0,0
36935603,9,-1,36935157,1,0,0
36935681,11,-1,36935157,1,254,0
36935760,12,-1,36935157,0,0,0
37035159,4,-1,37035157,0,0,0
37035259,5,-1,37035157,146044,146044,0
37035373,6,-1,37035157,30,0,0
37035467,7,-1,37035157,145980,145980,0
37035568,8,-1,37035157,0,0,0
37035643,9,-1,37035157,1,0,0
37035723,11,-1,37035157,1,255,0
37035802,12,-1,37035157,0,0,0
37135160,4,-1,37135157,0,0,0
37135258,5,-1,37135157,145944,145944,0
37135346,6,-1,37135157,11,0,0
37135433,7,-1,37135157,145900,145900,0
37135530,8,-1,37135157,0,0,0
37135603,9,-1,37135157,1,0,0
37135680,11,-1,37135157,1,256,0
37135763,12,-1,37135157,0,0,0
37235161,4,-1,37235158,0,0,0
37235262,5,-1,37235158,145864,145864,0
37235355,6,-1,37235158,7,0,0
37235445,7,-1,37235158,145820,145820,0
37235548,8,-1,37235158,0,0,0
37235629,9,-1,37235158,1,0,0
37235712,11,-1,37235158,1,257,0
37235797,12,-1,37235158,0,0,0
37335162,4,-1,37335158,0,0,0
37335279,5,-1,37335158,145784,145784,0
37335377,6,-1,37335158,43,0,0
37335488,7,-1,37335158,145708,145708,0
37335602,8,-1,37335158,0,0,0
37335678,9,-1,37335158,1,0,0
37335762,11,-1,37335158,1,258,0
37335842,12,-1,37335158,0,0,0
37435160,4,-1,37435157,0,0,0
37435254,5,-1,37435157,145672,145660,0
37435342,6,-1,37435157,41,0,0
37435429,7,-1,37435157,145596,145596,0
37435526,8,-1,37435157,0,0,0
37435599,2,0,37435,0,0,0
37435667,9,-1,37435157,0,1,0
37435739,12,-1,37435157,0,0,0
37535159,4,-1,37535157,0,0,0
37535250,5,-1,37535157,145596,145548,0
37535341,6,-1,37535157,7,0,0
37535440,7,-1,37535157,145552,145548,0
37535552,8,-1,37535157,0,0,0
37535642,9,-1,37535157,1,0,0
37535724,11,-1,37535157,1,259,0
37535805,12,-1,37535157,0,0,0
37635160,4,-1,37635157,0,0,0
37635255,5,-1,37635157,145516,145516,0
37635343,6,-1,37635157,11,0,0
37635431,7,-1,37635157,145472,145472,0
37635529,8,-1,37635157,0,0,0
37635602,9,-1,37635157,1,0,0
37635680,11,-1,37635157,1,260,0
37635760,12,-1,37635157,0,0,0
37735159,4,-1,37735157,0,0,0
37735251,5,-1,37735157,145436,145436,0
37735339,6,-1,37735157,1,0,0
37735422,7,-1,37735157,145392,145392,0
37735519,8,-1,37735157,0,0,0
37735592,9,-1,37735157,1,0,0
37735671,11,-1,37735157,1,261,0
37735750,12,-1,37735157,0,0,0
37835160,4,-1,37835157,0,0,0
37835255,5,-1,37835157,145356,145356,0
37835343,6,-1,37835157,25,0,0
37835430,7,-1,37835157,145296,145296,0
37835527,8,-1,37835157,0,0,0
37835601,9,-1,37835157,1,0,0
37835679,11,-1,37835157,1,262,0
37835757,12,-1,37835157,0,0,0
37935161,4,-1,37935158,0,0,0
37935264,5,-1,37935158,145260,145260,0
37935355,6,-1,37935158,19,0,0
37935444,7,-1,37935158,145208,145208,0
37935543,8,-1,37935158,0,0,0
37935617,9,-1,37935158,1,0,0
37935696,11,-1,37935158,1,263,0
37935775,12,-1,37935158,0,0,0
38035159,4,-1,38035157,0,0,0
38035252,5,-1,38035157,145172,145172,0
38035342,6,-1,38035157,1,0,0
38035443,7,-1,38035157,145128,145128,0
38035556,8,-1,38035157,0,0,0
38035637,2,0,38035,0,0,0
38035705,9,-1,38035157,0,1,0
38035776,12,-1,38035157,0,0,0
38135164,4,-1,38135161,0,0,0
38135285,5,-1,38135161,145128,145112,0
38135391,6,-1,38135161,2,0,0
38135498,7,-1,38135161,145084,145084,0
38135608,8,-1,38135161,0,0,0
38135689,9,-1,38135161,1,0,0
38135771,11,-1,38135161,1,264,0
38135852,12,-1,38135161,0,0,0
38235166,4,-1,38235161,0,0,0
38235321,5,-1,38235161,145048,145048,0
38235417,6,-1,38235161,6,0,0
38235507,7,-1,38235161,145004,145004,0
38235609,8,-1,38235161,0,0,0
38235685,9,-1,38235161,1,0,0
38235770,11,-1,38235161,1,265,0
38235851,12,-1,38235161,0,0,0
38335161,4,-1,38335158,0,0,0
38335263,5,-1,38335158,144968,144968,0
38335354,6,-1,38335158,1,0,0
38335440,7,-1,38335158,144924,144924,0
38335539,8,-1,38335158,0,0,0
38335614,2,0,38335,0,0,0
38335683,9,-1,38335158,0,1,0
38335757,12,-1,38335158,0,0,0
38435159,4,-1,38435157,0,0,0
38435252,5,-1,38435157,144924,144908,0
38435340,6,-1,38435157,11,0,0
38435427,7,-1,38435157,144880,144880,0
38435525,8,-1,38435157,0,0,0
38435598,9,-1,38435157,1,0,0
38435675,11,-1,38435157,1,266,0
38435754,12,-1,38435157,0,0,0
38535159,4,-1,38535157,0,0,0
38535248,5,-1,38535157,144844,144844,0
38535336,6,-1,38535157,3,0,0
38535419,7,-1,38535157,144800,144800,0
38535517,8,-1,38535157,0,0,0
38535590,9,-1,38535157,1,0,0
38535669,11,-1,38535157,1,267,0
38535748,12,-1,38535157,0,0,0
38635160,4,-1,38635157,0,0,0
38635254,5,-1,38635157,144764,144764,0
38635344,6,-1,38635157,22,0,0
38635432,7,-1,38635157,144708,144708,0
38635531,8,-1,38635157,0,0,0
38635604,9,-1,38635157,1,0,0
38635683,11,-1,38635157,1,268,0
38635763,12,-1,38635157,0,0,0
38735160,4,-1,38735158,0,0,0
38735256,5,-1,38735158,144672,144672,0
38735358,6,-1,38735158,48,0,0
38735451,7,-1,38735158,144592,144592,0
38735549,8,-1,38735158,0,0,0
38735622,9,-1,38735158,1,0,0
38735700,11,-1,38735158,1,269,0
38735780,12,-1,38735158,0,0,0
38835164,4,-1,38835161,0,0,0
38835264,5,-1,38835161,144556,144540,0
38835359,6,-1,38835161,0,0,0
38935160,4,-1,38935157,0,0,0
38935271,5,-1,38935157,144556,144540,0
38935359,6,-1,38935157,4,0,0
38935444,7,-1,38935157,144512,144512,0
38935543,8,-1,38935157,0,0,0
38935618,9,-1,38935157,1,0,0
38935696,11,-1,38935157,1,270,0
38935779,12,-1,38935157,0,0,0
39035159,4,-1,39035157,0,0,0
39035251,5,-1,39035157,144476,144476,0
39035342,6,-1,39035157,23,0,0
39035444,7,-1,39035157,144420,144420,0
39035554,8,-1,39035157,0,0,0
39035634,9,-1,39035157,1,0,0
39035713,11,-1,39035157,1,271,0
39035794,12,-1,39035157,0,0,0
39135160,4,-1,39135157,0,0,0
39135260,5,-1,39135157,144384,144384,0
39135354,6,-1,39135157,3,0,0
39135443,7,-1,39135157,144340,144340,0
39135544,8,-1,39135157,0,0,0
39135618,9,-1,39135157,1,0,0
39135696,11,-1,39135157,1,272,0
39135775,12,-1,39135157,0,0,0
39235160,4,-1,39235157,0,0,0
39235252,5,-1,39235157,144304,144304,0
39235339,6,-1,39235157,17,0,0
39235427,7,-1,39235157,144252,144252,0
39235525,8,-1,39235157,0,0,0
39235598,9,-1,39235157,1,0,0
39235676,11,-1,39235157,1,273,0
39235755,12,-1,39235157,0,0,0
39335160,4,-1,39335157,0,0,0
39335259,5,-1,39335157,144216,144216,0
39335356,6,-1,39335157,1,0,0
39335453,7,-1,39335157,144172,144172,0
39335569,8,-1,39335157,0,0,0
39335653,9,-1,39335157,1,0,0
39335735,11,-1,39335157,1,274,0
39335815,12,-1,39335157,0,0,0
39435162,4,-1,39435159,0,0,0
39435275,5,-1,39435159,144136,144136,0
39435378,6,-1,39435159,49,0,0
39435485,7,-1,39435159,144052,144052,0
39435609,8,-1,39435159,0,0,0
39435686,9,-1,39435159,1,0,0
39435767,11,-1,39435159,1,275,0
39435849,12,-1,39435159,0,0,0
39535159,4,-1,39535157,0,0,0
39535251,5,-1,39535157,144016,143996,0
39535340,6,-1,39535157,5,0,0
39535429,7,-1,39535157,143972,143972,0
39535528,8,-1,39535157,0,0,0
39535605,2,0,39535,0,0,0
39535673,9,-1,39535157,0,1,0
39535744,12,-1,39535157,0,0,0
39635160,4,-1,39635158,0,0,0
39635262,5,-1,39635158,143972,143956,0
39635351,6,-1,39635158,2,0,0
39635437,7,-1,39635158,143928,143928,0
39635536,8,-1,39635158,0,0,0
39635609,9,-1,39635158,1,0,0
39635687,11,-1,39635158,1,276,0
39635768,12,-1,39635158,0,0,0
39735159,4,-1,39735157,0,0,0
39735256,5,-1,39735157,143892,143892,0
39735358,6,-1,39735157,2,0,0
39735457,7,-1,39735157,143848,143848,0
39735569,8,-1,39735157,0,0,0
39735643,2,0,39735,0,0,0
39735712,9,-1,39735157,0,1,0
39735788,12,-1,39735157,0,0,0
39835161,4,-1,39835159,0,0,0
39835261,5,-1,39835159,143848,143832,0
39835374,6,-1,39835159,1,0,0
39835470,7,-1,39835159,143804,143804,0
39835583,8,-1,39835159,0,0,0
39835658,9,-1,39835159,1,0,0
39835737,11,-1,39835159,1,277,0
39835819,12,-1,39835159,0,0,0
39935160,4,-1,39935157,0,0,0
39935266,5,-1,39935157,143768,143768,0
39935371,6,-1,39935157,1,0,0
39935462,7,-1,39935157,143724,143724,0
39935565,8,-1,39935157,0,0,0
39935641,2,0,39935,0,0,0
39935710,9,-1,39935157,0,1,0
39935783,12,-1,39935157,0,0,0
40035159,4,-1,40035157,0,0,0
40035253,5,-1,40035157,143724,143708,0
40035341,6,-1,40035157,0,0,0
40135160,4,-1,40135157,0,0,0
40135266,5,-1,40135157,143724,143708,0
40135361,6,-1,40135157,1,0,0
40135460,7,-1,40135157,143680,143680,0
40135574,8,-1,40135157,0,0,0
40135667,9,-1,40135157,1,0,0
40135762,11,-1,40135157,1,278,0
40135844,12,-1,40135157,0,0,0
40235160,4,-1,40235158,0,0,0
40235259,5,-1,40235158,143644,143644,0
40235359,6,-1,40235158,1,0,0
40235457,7,-1,40235158,143600,143600,0
40235565,8,-1,40235158,0,0,0
40235652,9,-1,40235158,1,0,0
40235731,11,-1,40235158,1,279,0
40235813,12,-1,40235158,0,0,0
40335168,4,-1,40335164,0,0,0
40335304,5,-1,40335164,143564,143564,0
40335408,6,-1,40335164,0,0,0
40435160,4,-1,40435157,0,0,0
40435272,5,-1,40435157,143564,143564,0
40435381,6,-1,40435157,1,0,0
40435481,7,-1,40435157,143520,143520,0
40435592,8,-1,40435157,0,0,0
40435666,9,-1,40435157,1,0,0
40435749,11,-1,40435157,1,280,0
40435831,12,-1,40435157,0,0,0
40535159,4,-1,40535157,0,0,0
40535256,5,-1,40535157,143484,143484,0
40535360,6,-1,40535157,3,0,0
40535451,7,-1,40535157,143440,143440,0
40535564,8,-1,40535157,0,0,0
40535638,9,-1,40535157,1,0,0
40535718,11,-1,40535157,1,281,0
40535798,12,-1,40535157,0,0,0
40635160,4,-1,40635158,0,0,0
40635277,5,-1,40635158,143404,143404,0
40635374,6,-1,40635158,0,0,0
40735160,4,-1,40735157,0,0,0
40735258,5,-1,40735157,143404,143404,0
40735358,6,-1,40735157,1,0,0
40735449,7,-1,40735157,143360,143360,0
40735555,8,-1,40735157,0,0,0
40735628,9,-1,40735157,1,0,0
40735706,11,-1,40735157,1,282,0
40735785,12,-1,40735157,0,0,0
40835160,4,-1,40835158,0,0,0
40835271,5,-1,40835158,143324,143324,0
40835365,6,-1,40835158,3,0,0
40835457,7,-1,40835158,143280,143280,0
40835562,8,-1,40835158,0,0,0
40835636,9,-1,40835158,1,0,0
40835719,11,-1,40835158,1,283,0
40835799,12,-1,40835158,0,0,0
40935160,4,-1,40935158,0,0,0
40935262,5,-1,40935158,143244,143244,0
40935368,6,-1,40935158,1,0,0
40935463,7,-1,40935158,143200,143200,0
40935579,8,-1,40935158,0,0,0
40935653,9,-1,40935158,1,0,0
40935740,11,-1,40935158,1,284,0
40935820,12,-1,40935158,0,0,0
41035160,4,-1,41035157,0,0,0
41035262,5,-1,41035157,143164,143164,0
41035354,6,-1,41035157,5,0,0
41035439,7,-1,41035157,143120,143120,0
41035537,8,-1,41035157,0,0,0
41035611,2,0,41035,0,0,0
41035678,9,-1,41035157,0,1,0
41035750,12,-1,41035157,0,0,0
41135160,4,-1,41135157,0,0,0
41135262,5,-1,41135157,143120,143104,0
41135361,6,-1,41135157,23,0,0
41135452,7,-1,41135157,143064,143064,0
41135551,8,-1,41135157,0,0,0
41135625,9,-1,41135157,1,0,0
41135703,11,-1,41135157,1,285,0
41135785,12,-1,41135157,0,0,0
41235160,4,-1,41235157,0,0,0
41235257,5,-1,41235157,143028,143028,0
41235348,6,-1,41235157,4,0,0
41235435,7,-1,41235157,142984,142984,0
41235540,8,-1,41235157,0,0,0
41235615,9,-1,41235157,1,0,0
41235694,11,-1,41235157,1,286,0
41235778,12,-1,41235157,0,0,0
41335160,4,-1,41335158,0,0,0
41335263,5,-1,41335158,142948,142948,0
41335360,6,-1,41335158,1,0,0
41335468,7,-1,41335158,142904,142904,0
41335575,8,-1,41335158,0,0,0
41335652,9,-1,41335158,1,0,0
41335732,11,-1,41335158,1,287,0
41335813,12,-1,41335158,0,0,0
41435162,4,-1,41435159,0,0,0
41435271,5,-1,41435159,142868,142868,0
41435390,6,-1,41435159,34,0,0
41435493,7,-1,41435159,142800,142800,0
41435603,8,-1,41435159,0,0,0
41435678,9,-1,41435159,1,0,0
41435758,11,-1,41435159,1,288,0
41435839,12,-1,41435159,0,0,0
41535160,4,-1,41535157,0,0,0
41535256,5,-1,41535157,142764,142760,0
41535356,6,-1,41535157,8,0,0
41535454,7,-1,41535157,142720,142720,0
41535558,8,-1,41535157,0,0,0
41535633,2,0,41535,0,0,0
41535708,9,-1,41535157,0,1,0
41535779,12,-1,41535157,0,0,0
41635160,4,-1,41635157,0,0,0
41635260,5,-1,41635157,142720,142704,0
41635353,6,-1,41635157,1,0,0
41635439,7,-1,41635157,142676,142676,0
41635538,8,-1,41635157,0,0,0
41635611,9,-1,41635157,1,0,0
41635689,11,-1,41635157,1,289,0
41635769,12,-1,41635157,0,0,0
41735159,4,-1,41735157,0,0,0
41735253,5,-1,41735157,142640,142640,0
41735344,6,-1,41735157,1,0,0
41735428,7,-1,41735157,142596,142596,0
41735530,8,-1,41735157,0,0,0
41735603,9,-1,41735157,1,0,0
41735681,11,-1,41735157,1,290,0
41735763,12,-1,41735157,0,0,0
41835162,4,-1,41835158,0,0,0
41835275,5,-1,41835158,142560,142560,0
41835375,6,-1,41835158,0,0,0
41935162,4,-1,41935158,0,0,0
41935264,5,-1,41935158,142560,142560,0
41935355,6,-1,41935158,1,0,0
41935448,7,-1,41935158,142516,142516,0
41935549,8,-1,41935158,0,0,0
41935623,9,-1,41935158,1,0,0
41935701,11,-1,41935158,1,291,0
41935783,12,-1,41935158,0,0,0
42035160,4,-1,42035157,0,0,0
42035255,5,-1,42035157,142480,142480,0
42035343,6,-1,42035157,25,0,0
42035431,7,-1,42035157,142420,142420,0
42035528,8,-1,42035157,0,0,0
42035601,2,0,42035,0,0,0
42035668,9,-1,42035157,0,1,0
42035739,12,-1,42035157,0,0,0
42135160,4,-1,42135157,0,0,0
42135268,5,-1,42135157,142420,142388,0
42135363,6,-1,42135157,0,0,0
42235159,4,-1,42235157,0,0,0
42235255,5,-1,42235157,142420,142388,0
42235351,6,-1,42235157,1,0,0
42235444,7,-1,42235157,142376,142376,0
42235552,8,-1,42235157,0,0,0
42235627,9,-1,42235157,1,0,0
42235707,11,-1,42235157,1,292,0
42235791,12,-1,42235157,0,0,0
42335160,4,-1,42335157,0,0,0
42335263,5,-1,42335157,142340,142340,0
42335359,6,-1,42335157,3,0,0
42335467,7,-1,42335157,142296,142296,0
42335585,8,-1,42335157,0,0,0
42335658,9,-1,42335157,1,0,0
42335737,11,-1,42335157,1,293,0
42335818,12,-1,42335157,0,0,0
42435160,4,-1,42435157,0,0,0
42435258,5,-1,42435157,142260,142260,0
42435357,6,-1,42435157,55,0,0
42435450,7,-1,42435157,142172,142172,0
42435550,8,-1,42435157,0,0,0
42435625,9,-1,42435157,1,0,0
42435707,11,-1,42435157,1,294,0
42435789,12,-1,42435157,0,0,0
42535159,4,-1,42535157,0,0,0
42535255,5,-1,42535157,142136,142112,0
42535348,6,-1,42535157,3,0,0
42535447,7,-1,42535157,142092,142092,0
42535558,8,-1,42535157,0,0,0
42535641,9,-1,42535157,1,0,0
42535719,11,-1,42535157,1,295,0
42535800,12,-1,42535157,0,0,0
42635173,4,-1,42635169,0,0,0
42635318,5,-1,42635169,142056,142056,0
42635422,6,-1,42635169,12,0,0
42635536,7,-1,42635169,142012,142012,0
42635641,8,-1,42635169,0,0,0
42635717,9,-1,42635169,1,0,0
42635798,11,-1,42635169,1,296,0
42635889,12,-1,42635169,0,0,0
42735165,4,-1,42735161,0,0,0
42735297,5,-1,42735161,141976,141976,0
42735386,6,-1,42735161,20,0,0
42735484,7,-1,42735161,141924,141924,0
42735586,8,-1,42735161,0,0,0
42735661,2,0,42735,0,0,0
42735728,9,-1,42735161,0,1,0
42735801,12,-1,42735161,0,0,0
42835161,4,-1,42835159,0,0,0
42835263,5,-1,42835159,141924,141900,0
42835358,6,-1,42835159,1,0,0
42835446,7,-1,42835159,141880,141880,0
42835547,8,-1,42835159,0,0,0
42835623,9,-1,42835159,1,0,0
42835702,11,-1,42835159,1,297,0
42835783,12,-1,42835159,0,0,0
42935165,4,-1,42935162,0,0,0
42935267,5,-1,42935162,141844,141844,0
42935357,6,-1,42935162,1,0,0
42935443,7,-1,42935162,141800,141800,0
42935542,8,-1,42935162,0,0,0
42935615,9,-1,42935162,1,0,0
42935698,11,-1,42935162,1,298,0
42935775,12,-1,42935162,0,0,0
43035159,4,-1,43035157,0,0,0
43035252,5,-1,43035157,141764,141764,0
43035343,6,-1,43035157,11,0,0
43035432,7,-1,43035157,141720,141720,0
43035532,8,-1,43035157,0,0,0
43035611,2,0,43035,0,0,0
43035679,9,-1,43035157,0,1,0
43035750,12,-1,43035157,0,0,0
43135160,4,-1,43135158,0,0,0
43135265,5,-1,43135158,141720,141704,0
43135358,6,-1,43135158,35,0,0
43135453,7,-1,43135158,141652,141652,0
43135554,8,-1,43135158,0,0,0
43135629,9,-1,43135158,1,0,0
43135709,11,-1,43135158,1,299,0
43135792,12,-1,43135158,0,0,0
43235164,4,-1,43235161,0,0,0
43235255,5,-1,43235161,141616,141612,0
43235349,6,-1,43235161,0,0,0
43335160,4,-1,43335157,0,0,0
43335257,5,-1,43335157,141616,141612,0
43335331,6,-1,43335157,1,0,0
43335394,7,-1,43335157,141572,141572,0
43335462,8,-1,43335157,0,0,0
43335510,9,-1,43335157,1,0,0
43335563,11,-1,43335157,1,300,0
43335615,12,-1,43335157,0,0,0
43435159,4,-1,43435157,0,0,0
43435253,5,-1,43435157,141536,141536,0
43435342,6,-1,43435157,30,0,0
43435437,7,-1,43435157,141472,141472,0
43435547,8,-1,43435157,0,0,0
43435620,9,-1,43435157,1,0,0
43435698,11,-1,43435157,1,301,0
43435778,12,-1,43435157,0,0,0
43535159,4,-1,43535157,0,0,0
43535258,5,-1,43535157,141436,141436,0
43535365,6,-1,43535157,10,0,0
43535460,7,-1,43535157,141392,141392,0
43535576,8,-1,43535157,0,0,0
43535653,9,-1,43535157,1,0,0
43535739,11,-1,43535157,1,302,0
43535819,12,-1,43535157,0,0,0
43635160,4,-1,43635157,0,0,0
43635270,5,-1,43635157,141356,141356,0
43635362,6,-1,43635157,0,0,0
43735165,4,-1,43735162,0,0,0
43735270,5,-1,43735162,141356,141356,0
43735358,6,-1,43735162,17,0,0
43735447,7,-1,43735162,141304,141304,0
43735547,8,-1,43735162,0,0,0
43735620,9,-1,43735162,1,0,0
43735699,11,-1,43735162,1,303,0
43735778,12,-1,43735162,0,0,0
43835160,4,-1,43835157,0,0,0
43835256,5,-1,43835157,141268,141268,0
43835345,6,-1,43835157,0,0,0
43935161,4,-1,43935158,0,0,0
43935262,5,-1,43935158,141268,141268,0
43935355,6,-1,43935158,0,0,0
44035159,4,-1,44035157,0,0,0
44035253,5,-1,44035157,141268,141268,0
44035344,6,-1,44035157,3,0,0
44035433,7,-1,44035157,141224,141224,0
44035535,8,-1,44035157,0,0,0
44035613,9,-1,44035157,1,0,0
44035695,11,-1,44035157,1,304,0
44035777,12,-1,44035157,0,0,0
44135167,4,-1,44135162,0,0,0
44135315,5,-1,44135162,141188,141188,0
44135414,6,-1,44135162,17,0,0
44135519,7,-1,44135162,141136,141136,0
44135625,8,-1,44135162,0,0,0
44135701,9,-1,44135162,1,0,0
44135782,11,-1,44135162,1,305,0
44135863,12,-1,44135162,0,0,0
44235165,4,-1,44235161,0,0,0
44235300,5,-1,44235161,141100,141100,0
44235409,6,-1,44235161,4,0,0
44235503,7,-1,44235161,141056,141056,0
44235607,8,-1,44235161,0,0,0
44235682,2,0,44235,0,0,0
44235754,9,-1,44235161,0,1,0
44235826,12,-1,44235161,0,0,0
44335166,4,-1,44335162,0,0,0
44335310,5,-1,44335162,141056,141040,0
44335420,6,-1,44335162,32,0,0
44335517,7,-1,44335162,140992,140992,0
44335623,8,-1,44335162,0,0,0
44335700,9,-1,44335162,1,0,0
44335783,11,-1,44335162,1,306,0
44335863,12,-1,44335162,0,0,0
44435166,4,-1,44435162,0,0,0
44435297,5,-1,44435162,140956,140956,0
44435396,6,-1,44435162,1,0,0
44435499,7,-1,44435162,140912,140912,0
44435613,8,-1,44435162,0,0,0
44435689,9,-1,44435162,1,0,0
44435777,11,-1,44435162,1,307,0
44435862,12,-1,44435162,0,0,0
44535167,4,-1,44535162,0,0,0
44535312,5,-1,44535162,140876,140876,0
44535412,6,-1,44535162,29,0,0
44535515,7,-1,44535162,140812,140812,0
44535626,8,-1,44535162,0,0,0
44535702,9,-1,44535162,1,0,0
44535795,11,-1,44535162,1,308,0
44535875,12,-1,44535162,0,0,0
44635167,4,-1,44635163,0,0,0
44635311,5,-1,44635163,140776,140776,0
44635416,6,-1,44635163,3,0,0
44635543,7,-1,44635163,140732,140732,0
44635672,8,-1,44635163,0,0,0
44635755,9,-1,44635163,1,0,0
44635837,11,-1,44635163,1,309,0
44635918,12,-1,44635163,0,0,0
44735169,4,-1,44735164,0,0,0
44735325,5,-1,44735164,140696,140696,0
44735422,6,-1,44735164,16,0,0
44735519,7,-1,44735164,140648,140648,0
44735625,8,-1,44735164,0,0,0
44735702,9,-1,44735164,1,0,0
44735792,11,-1,44735164,1,310,0
44735874,12,-1,44735164,0,0,0
44835166,4,-1,44835162,0,0,0
44835308,5,-1,44835162,140612,140612,0
44835402,6,-1,44835162,3,0,0
44835493,7,-1,44835162,140568,140568,0
44835596,8,-1,44835162,0,0,0
44835670,2,0,44835,0,0,0
44835743,9,-1,44835162,0,1,0
44835821,12,-1,44835162,0,0,0
44935169,4,-1,44935165,0,0,0
44935325,5,-1,44935165,140568,140552,0
44935427,6,-1,44935165,2,0,0
44935539,7,-1,44935165,140524,140524,0
44935670,8,-1,44935165,0,0,0
44935744,9,-1,44935165,1,0,0
44935824,11,-1,44935165,1,311,0
44935904,12,-1,44935165,0,0,0
45035167,4,-1,45035163,0,0,0
45035316,5,-1,45035163,140488,140488,0
45035413,6,-1,45035163,19,0,0
45035512,7,-1,45035163,140436,140436,0
45035620,8,-1,45035163,0,0,0
45035696,2,0,45035,0,0,0
45035766,9,-1,45035163,0,1,0
45035838,12,-1,45035163,0,0,0
45135166,4,-1,45135162,0,0,0
45135316,5,-1,45135162,140436,140412,0
45135432,6,-1,45135162,102,0,0
45135528,7,-1,45135162,140300,140300,0
45135633,8,-1,45135162,0,0,0
45135708,9,-1,45135162,1,0,0
45135805,11,-1,45135162,1,312,0
45135891,12,-1,45135162,0,0,0
45235167,4,-1,45235163,0,0,0
45235311,5,-1,45235163,140264,140192,0
45235413,6,-1,45235163,8,0,0
45235504,7,-1,45235163,140220,140192,0
45235619,8,-1,45235163,0,0,0
45235696,9,-1,45235163,1,0,0
45235776,11,-1,45235163,1,313,0
45235855,12,-1,45235163,0,0,0
45335169,4,-1,45335165,0,0,0
45335330,5,-1,45335165,140184,140184,0
45335428,6,-1,45335165,0,0,0
45435169,4,-1,45435163,0,0,0
45435323,5,-1,45435163,140184,140184,0
45435427,6,-1,45435163,6,0,0
45435539,7,-1,45435163,140140,140140,0
45435645,8,-1,45435163,0,0,0
45435723,9,-1,45435163,1,0,0
45435804,11,-1,45435163,1,314,0
45435885,12,-1,45435163,0,0,0
45535167,4,-1,45535163,0,0,0
45535316,5,-1,45535163,140104,140104,0
45535409,6,-1,45535163,3,0,0
45535501,7,-1,45535163,140060,140060,0
45535607,8,-1,45535163,0,0,0
45535683,9,-1,45535163,1,0,0
45535767,11,-1,45535163,1,315,0
45535851,12,-1,45535163,0,0,0
45635171,4,-1,45635166,0,0,0
45635348,5,-1,45635166,140024,140024,0
45635452,6,-1,45635166,9,0,0
45635548,7,-1,45635166,139980,139980,0
45635652,8,-1,45635166,0,0,0
45635728,9,-1,45635166,1,0,0
45635808,11,-1,45635166,1,316,0
45635888,12,-1,45635166,0,0,0
45735173,4,-1,45735168,0,0,0
45735327,5,-1,45735168,139944,139944,0
45735432,6,-1,45735168,3,0,0
45735534,7,-1,45735168,139900,139900,0
45735642,8,-1,45735168,0,0,0
45735721,9,-1,45735168,1,0,0
45735807,11,-1,45735168,1,317,0
45735887,12,-1,45735168,0,0,0
45835168,4,-1,45835164,0,0,0
45835331,5,-1,45835164,139864,139864,0
45835447,6,-1,45835164,6,0,0
45835543,7,-1,45835164,139820,139820,0
45835649,8,-1,45835164,0,0,0
45835725,2,0,45835,0,0,0
45835793,9,-1,45835164,0,1,0
45835868,12,-1,45835164,0,0,0
45935169,4,-1,45935164,0,0,0
45935334,5,-1,45935164,139820,139804,0
45935431,6,-1,45935164,1,0,0
45935526,7,-1,45935164,139776,139776,0
45935637,8,-1,45935164,0,0,0
45935711,9,-1,45935164,1,0,0
45935794,11,-1,45935164,1,318,0
45935874,12,-1,45935164,0,0,0
46035168,4,-1,46035164,0,0,0
46035306,5,-1,46035164,139740,139740,0
46035402,6,-1,46035164,3,0,0
46035500,7,-1,46035164,139696,139696,0
46035603,8,-1,46035164,0,0,0
46035679,9,-1,46035164,1,0,0
46035759,11,-1,46035164,1,319,0
46035846,12,-1,46035164,0,0,0
46135168,4,-1,46135163,0,0,0
46135314,5,-1,46135163,139660,139660,0
46135409,6,-1,46135163,3,0,0
46135501,7,-1,46135163,139616,139616,0
46135610,8,-1,46135163,0,0,0
46135689,2,0,46135,0,0,0
46135757,9,-1,46135163,0,1,0
46135837,12,-1,46135163,0,0,0
46235169,4,-1,46235164,0,0,0
46235315,5,-1,46235164,139616,139600,0
46235419,6,-1,46235164,121,0,0
46235516,7,-1,46235164,139460,139460,0
46235620,8,-1,46235164,0,0,0
46235695,9,-1,46235164,1,0,0
46235779,11,-1,46235164,1,320,0
46235859,12,-1,46235164,0,0,0
46335170,4,-1,46335165,0,0,0
46335329,5,-1,46335165,139424,139332,0
46335427,6,-1,46335165,1,0,0
46335508,7,-1,46335165,139380,139332,0
46335581,8,-1,46335165,0,0,0
46335630,9,-1,46335165,1,0,0
46335685,11,-1,46335165,1,321,0
46335738,12,-1,46335165,0,0,0
46435173,4,-1,46435169,0,0,0
46435329,5,-1,46435169,139344,139332,0
46435438,6,-1,46435169,43,0,0
46435546,7,-1,46435169,139268,139268,0
46435652,8,-1,46435169,0,0,0
46435728,9,-1,46435169,1,0,0
46435817,11,-1,46435169,1,322,0
46435903,12,-1,46435169,0,0,0
46535168,4,-1,46535163,0,0,0
46535314,5,-1,46535163,139232,139220,0
46535424,6,-1,46535163,13,0,0
46535532,7,-1,46535163,139184,139184,0
46535653,8,-1,46535163,0,0,0
46535740,2,0,46535,0,0,0
46535809,9,-1,46535163,0,1,0
46535887,12,-1,46535163,0,0,0
46635170,4,-1,46635166,0,0,0
46635328,5,-1,46635166,139184,139164,0
46635429,6,-1,46635166,4,0,0
46635524,7,-1,46635166,139140,139140,0
46635629,8,-1,46635166,0,0,0
46635717,9,-1,46635166,1,0,0
46635799,11,-1,46635166,1,323,0
46635879,12,-1,46635166,0,0,0
46735169,4,-1,46735165,0,0,0
46735322,5,-1,46735165,139104,139104,0
46735433,6,-1,46735165,3,0,0
46735527,7,-1,46735165,139060,139060,0
46735632,8,-1,46735165,0,0,0
46735707,2,0,46735,0,0,0
46735780,9,-1,46735165,0,1,0
46735853,12,-1,46735165,0,0,0
46835168,4,-1,46835164,0,0,0
46835307,5,-1,46835164,139060,139044,0
46835401,6,-1,46835164,2,0,0
46835498,7,-1,46835164,139016,139016,0
46835604,8,-1,46835164,0,0,0
46835687,9,-1,46835164,1,0,0
46835768,11,-1,46835164,1,324,0
46835848,12,-1,46835164,0,0,0
46935170,4,-1,46935166,0,0,0
46935315,5,-1,46935166,138980,138980,0
46935420,6,-1,46935166,3,0,0
46935519,7,-1,46935166,138936,138936,0
46935632,8,-1,46935166,0,0,0
46935713,9,-1,46935166,1,0,0
46935800,11,-1,46935166,1,325,0
46935884,12,-1,46935166,0,0,0
47035168,4,-1,47035164,0,0,0
47035316,5,-1,47035164,138900,138900,0
47035415,6,-1,47035164,31,0,0
47035513,7,-1,47035164,138836,138836,0
47035629,8,-1,47035164,0,0,0
47035711,2,0,47035,0,0,0
47035783,9,-1,47035164,0,1,0
47035856,12,-1,47035164,0,0,0
47135168,4,-1,47135164,0,0,0
47135319,5,-1,47135164,138836,138800,0
47135424,6,-1,47135164,13,0,0
47135524,7,-1,47135164,138788,138788,0
47135630,8,-1,47135164,0,0,0
47135705,9,-1,47135164,1,0,0
47135789,11,-1,47135164,1,326,0
47135869,12,-1,47135164,0,0,0
47235167,4,-1,47235163,0,0,0
47235310,5,-1,47235163,138752,138752,0
47235403,6,-1,47235163,93,0,0
47235498,7,-1,47235163,138624,138624,0
47235601,8,-1,47235163,0,0,0
47235676,2,0,47235,0,0,0
47235744,9,-1,47235163,0,1,0
47235821,12,-1,47235163,0,0,0
47335167,4,-1,47335163,0,0,0
47335326,5,-1,47335163,138624,138524,0
47335419,6,-1,47335163,2,0,0
47335519,7,-1,47335163,138580,138524,0
47335630,8,-1,47335163,0,0,0
47335717,9,-1,47335163,1,0,0
47335800,11,-1,47335163,1,327,0
47335885,12,-1,47335163,0,0,0
47435168,4,-1,47435163,0,0,0
47435320,5,-1,47435163,138544,138524,0
47435423,6,-1,47435163,46,0,0
47435525,7,-1,47435163,138464,138464,0
47435640,8,-1,47435163,0,0,0
47435725,9,-1,47435163,1,0,0
47435814,11,-1,47435163,1,328,0
47435898,12,-1,47435163,0,0,0
47535167,4,-1,47535163,0,0,0
47535315,5,-1,47535163,138428,138412,0
47535416,6,-1,47535163,6,0,0
47535514,7,-1,47535163,138384,138384,0
47535629,8,-1,47535163,0,0,0
47535708,9,-1,47535163,1,0,0
47535788,11,-1,47535163,1,329,0
47535868,12,-1,47535163,0,0,0
47635168,4,-1,47635164,0,0,0
47635310,5,-1,47635164,138348,138348,0
47635401,6,-1,47635164,45,0,0
47635496,7,-1,47635164,138268,138268,0
47635601,8,-1,47635164,0,0,0
47635685,9,-1,47635164,1,0,0
47635767,11,-1,47635164,1,330,0
47635848,12,-1,47635164,0,0,0
47735167,4,-1,47735164,0,0,0
47735316,5,-1,47735164,138232,138216,0
47735420,6,-1,47735164,12,0,0
47735519,7,-1,47735164,138188,138188,0
47735626,8,-1,47735164,0,0,0
47735702,9,-1,47735164,1,0,0
47735787,11,-1,47735164,1,331,0
47735867,12,-1,47735164,0,0,0
47835168,4,-1,47835163,0,0,0
47835322,5,-1,47835163,138152,138152,0
47835429,6,-1,47835163,1,0,0
47835530,7,-1,47835163,138108,138108,0
47835636,8,-1,47835163,0,0,0
47835716,2,0,47835,0,0,0
47835786,9,-1,47835163,0,1,0
47835862,12,-1,47835163,0,0,0
47935167,4,-1,47935163,0,0,0
47935319,5,-1,47935163,138108,138092,0
47935421,6,-1,47935163,22,0,0
47935521,7,-1,47935163,138052,138052,0
47935631,8,-1,47935163,0,0,0
47935710,9,-1,47935163,1,0,0
47935793,11,-1,47935163,1,332,0
47935879,12,-1,47935163,0,0,0
48035171,4,-1,48035166,0,0,0
48035322,5,-1,48035166,138016,138016,0
48035424,6,-1,48035166,1,0,0
48035537,7,-1,48035166,137972,137972,0
48035644,8,-1,48035166,0,0,0
48035720,9,-1,48035166,1,0,0
48035805,11,-1,48035166,1,333,0
48035889,12,-1,48035166,0,0,0
48135167,4,-1,48135164,0,0,0
48135310,5,-1,48135164,137936,137936,0
48135412,6,-1,48135164,19,0,0
48135527,7,-1,48135164,137884,137884,0
48135645,8,-1,48135164,0,0,0
48135725,2,0,48135,0,0,0
48135792,9,-1,48135164,0,1,0
48135864,12,-1,48135164,0,0,0
48235167,4,-1,48235163,0,0,0
48235327,5,-1,48235163,137884,137860,0
48235429,6,-1,48235163,61,0,0
48235529,7,-1,48235163,137788,137788,0
48235648,8,-1,48235163,0,0,0
48235724,9,-1,48235163,1,0,0
48235806,11,-1,48235163,1,334,0
48235888,12,-1,48235163,0,0,0
48335168,4,-1,48335164,0,0,0
48335331,5,-1,48335164,137752,137720,0
48335433,6,-1,48335164,3,0,0
48335547,7,-1,48335164,137708,137708,0
48335656,8,-1,48335164,0,0,0
48335742,9,-1,48335164,1,0,0
48335831,11,-1,48335164,1,335,0
48335912,12,-1,48335164,0,0,0
48435169,4,-1,48435165,0,0,0
48435317,5,-1,48435165,137672,137672,0
48435416,6,-1,48435165,5,0,0
48435517,7,-1,48435165,137628,137628,0
48435628,8,-1,48435165,0,0,0
48435708,9,-1,48435165,1,0,0
48435792,11,-1,48435165,1,336,0
48435872,12,-1,48435165,0,0,0
48535168,4,-1,48535163,0,0,0
48535322,5,-1,48535163,137592,137592,0
48535421,6,-1,48535163,1,0,0
48535518,7,-1,48535163,137548,137548,0
48535635,8,-1,48535163,0,0,0
48535718,2,0,48535,0,0,0
48535790,9,-1,48535163,0,1,0
48535873,12,-1,48535163,0,0,0
48635168,4,-1,48635163,0,0,0
48635330,5,-1,48635163,137548,137532,0
48635434,6,-1,48635163,1,0,0
48635530,7,-1,48635163,137504,137504,0
48635647,8,-1,48635163,0,0,0
48635727,9,-1,48635163,1,0,0
48635811,11,-1,48635163,1,337,0
48635890,12,-1,48635163,0,0,0
48735171,4,-1,48735167,0,0,0
48735323,5,-1,48735167,137468,137468,0
48735449,6,-1,48735167,2,0,0
48735569,7,-1,48735167,137424,137424,0
48735673,8,-1,48735167,0,0,0
48735748,9,-1,48735167,1,0,0
48735835,11,-1,48735167,1,338,0
48735916,12,-1,48735167,0,0,0
48835168,4,-1,48835163,0,0,0
48835321,5,-1,48835163,137388,137388,0
48835440,6,-1,48835163,1,0,0
48835540,7,-1,48835163,137344,137344,0
48835668,8,-1,48835163,0,0,0
48835744,2,0,48835,0,0,0
48835817,9,-1,48835163,0,1,0
48835893,12,-1,48835163,0,0,0
48935166,4,-1,48935162,0,0,0
48935317,5,-1,48935162,137344,137328,0
48935415,6,-1,48935162,51,0,0
48935513,7,-1,48935162,137260,137260,0
48935618,8,-1,48935162,0,0,0
48935694,9,-1,48935162,1,0,0
48935779,11,-1,48935162,1,339,0
48935861,12,-1,48935162,0,0,0
49035171,4,-1,49035167,0,0,0
49035321,5,-1,49035167,137224,137204,0
49035434,6,-1,49035167,1,0,0
49035536,7,-1,49035167,137180,137180,0
49035654,8,-1,49035167,0,0,0
49035730,9,-1,49035167,1,0,0
49035827,11,-1,49035167,1,340,0
49035915,12,-1,49035167,0,0,0
49135168,4,-1,49135164,0,0,0
49135328,5,-1,49135164,137144,137144,0
49135421,6,-1,49135164,5,0,0
49135519,7,-1,49135164,137100,137100,0
49135623,8,-1,49135164,0,0,0
49135698,2,0,49135,0,0,0
49135770,9,-1,49135164,0,1,0
49135843,12,-1,49135164,0,0,0
49235168,4,-1,49235164,0,0,0
49235315,5,-1,49235164,137100,137084,0
49235410,6,-1,49235164,23,0,0
49235515,7,-1,49235164,137044,137044,0
49235642,8,-1,49235164,0,0,0
49235733,9,-1,49235164,1,0,0
49235816,11,-1,49235164,1,341,0
49235906,12,-1,49235164,0,0,0
49335169,4,-1,49335165,0,0,0
49335311,5,-1,49335165,137008,137008,0
49335414,6,-1,49335165,4,0,0
49335512,7,-1,49335165,136964,136964,0
49335635,8,-1,49335165,0,0,0
49335710,9,-1,49335165,1,0,0
49335789,11,-1,49335165,1,342,0
49335880,12,-1,49335165,0,0,0
49435169,4,-1,49435164,0,0,0
49435335,5,-1,49435164,136928,136928,0
49435442,6,-1,49435164,1,0,0
49435557,7,-1,49435164,136884,136884,0
49435676,8,-1,49435164,0,0,0
49435753,2,0,49435,0,0,0
49435827,9,-1,49435164,0,1,0
49435900,12,-1,49435164,0,0,0
49535168,4,-1,49535163,0,0,0
49535324,5,-1,49535163,136884,136868,0
49535434,6,-1,49535163,9,0,0
49535530,7,-1,49535163,136840,136840,0
49535635,8,-1,49535163,0,0,0
49535712,9,-1,49535163,1,0,0
49535794,11,-1,49535163,1,343,0
49535879,12,-1,49535163,0,0,0
49635166,4,-1,49635162,0,0,0
49635324,5,-1,49635162,136804,136804,0
49635421,6,-1,49635162,6,0,0
49635544,7,-1,49635162,136760,136760,0
49635662,8,-1,49635162,0,0,0
49635741,2,0,49635,0,0,0
49635825,9,-1,49635162,0,1,0
49635923,12,-1,49635162,0,0,0
49735170,4,-1,49735165,0,0,0
49735324,5,-1,49735165,136760,136744,0
49735439,6,-1,49735165,108,0,0
49735541,7,-1,49735165,136620,136620,0
49735647,8,-1,49735165,0,0,0
49735731,9,-1,49735165,1,0,0
49735812,11,-1,49735165,1,344,0
49735893,12,-1,49735165,0,0,0
49835162,4,-1,49835159,0,0,0
49835274,5,-1,49835159,136584,136508,0
49835376,6,-1,49835159,2,0,0
49835488,7,-1,49835159,136540,136508,0
49835613,8,-1,49835159,0,0,0
49835687,2,0,49835,0,0,0
49835755,9,-1,49835159,0,1,0
49835826,12,-1,49835159,0,0,0
49935160,4,-1,49935157,0,0,0
49935257,5,-1,49935157,136540,136508,0
49935355,6,-1,49935157,0,0,0
50035160,4,-1,50035157,0,0,0
50035257,5,-1,50035157,136540,136508,0
50035354,6,-1,50035157,2,0,0
50035457,7,-1,50035157,136496,136496,0
50035583,8,-1,50035157,0,0,0
50035664,9,-1,50035157,1,0,0
50035765,11,-1,50035157,1,345,0
50035854,12,-1,50035157,0,0,0
50135161,4,-1,50135158,0,0,0
50135274,5,-1,50135158,136460,136460,0
50135373,6,-1,50135158,1,0,0
50135468,7,-1,50135158,136416,136416,0
50135572,8,-1,50135158,0,0,0
50135646,9,-1,50135158,1,0,0
50135728,11,-1,50135158,1,346,0
50135808,12,-1,50135158,0,0,0
50235162,4,-1,50235160,0,0,0
50235281,5,-1,50235160,136380,136380,0
50235377,6,-1,50235160,2,0,0
50235475,7,-1,50235160,136336,136336,0
50235576,8,-1,50235160,0,0,0
50235650,9,-1,50235160,1,0,0
50235729,11,-1,50235160,1,347,0
50235808,12,-1,50235160,0,0,0
50335160,4,-1,50335158,0,0,0
50335266,5,-1,50335158,136300,136300,0
50335358,6,-1,50335158,0,0,0
50435161,4,-1,50435158,0,0,0
50435265,5,-1,50435158,136300,136300,0
50435366,6,-1,50435158,2,0,0
50435463,7,-1,50435158,136256,136256,0
50435570,8,-1,50435158,0,0,0
50435656,9,-1,50435158,1,0,0
50435754,11,-1,50435158,1,348,0
50435847,12,-1,50435158,0,0,0
50535159,4,-1,50535157,0,0,0
50535250,5,-1,50535157,136220,136220,0
50535349,6,-1,50535157,40,0,0
50535451,7,-1,50535157,136148,136148,0
50535565,8,-1,50535157,0,0,0
50535639,2,0,50535,0,0,0
50535710,9,-1,50535157,0,1,0
50535781,12,-1,50535157,0,0,0
50635159,4,-1,50635157,0,0,0
50635257,5,-1,50635157,136148,136104,0
50635352,6,-1,50635157,1,0,0
50635446,7,-1,50635157,136104,136104,0
50635554,8,-1,50635157,0,0,0
50635634,9,-1,50635157,1,0,0
50635716,11,-1,50635157,1,349,0
50635795,12,-1,50635157,0,0,0
50735161,4,-1,50735158,0,0,0
50735260,5,-1,50735158,136068,136068,0
50735355,6,-1,50735158,47,0,0
50735445,7,-1,50735158,135988,135988,0
50735545,8,-1,50735158,0,0,0
50735618,9,-1,50735158,1,0,0
50735696,11,-1,50735158,1,350,0
50735775,12,-1,50735158,0,0,0
50835159,4,-1,50835157,0,0,0
50835254,5,-1,50835157,135952,135936,0
50835351,6,-1,50835157,1,0,0
50835441,7,-1,50835157,135908,135908,0
50835548,8,-1,50835157,0,0,0
50835621,2,0,50835,0,0,0
50835688,9,-1,50835157,0,1,0
50835759,12,-1,50835157,0,0,0
50935159,4,-1,50935157,0,0,0
50935256,5,-1,50935157,135908,135892,0
50935351,6,-1,50935157,1,0,0
50935438,7,-1,50935157,135864,135864,0
50935555,8,-1,50935157,0,0,0
50935637,9,-1,50935157,1,0,0
50935725,11,-1,50935157,1,351,0
50935805,12,-1,50935157,0,0,0
51035160,4,-1,51035157,0,0,0
51035256,5,-1,51035157,135828,135828,0
51035353,6,-1,51035157,1,0,0
51035445,7,-1,51035157,135784,135784,0
51035553,8,-1,51035157,0,0,0
51035630,9,-1,51035157,1,0,0
51035709,11,-1,51035157,1,352,0
51035788,12,-1,51035157,0,0,0
51135160,4,-1,51135158,0,0,0
51135256,5,-1,51135158,135748,135748,0
51135350,6,-1,51135158,18,0,0
51135438,7,-1,51135158,135696,135696,0
51135536,8,-1,51135158,0,0,0
51135609,9,-1,51135158,1,0,0
51135686,11,-1,51135158,1,353,0
51135765,12,-1,51135158,0,0,0
51235160,4,-1,51235157,0,0,0
51235259,5,-1,51235157,135660,135660,0
51235358,6,-1,51235157,1,0,0
51235453,7,-1,51235157,135616,135616,0
51235567,8,-1,51235157,0,0,0
51235646,2,0,51235,0,0,0
51235718,9,-1,51235157,0,1,0
51235790,12,-1,51235157,0,0,0
51335160,4,-1,51335157,0,0,0
51335255,5,-1,51335157,135616,135600,0
51335348,6,-1,51335157,0,0,0
51435160,4,-1,51435157,0,0,0
51435256,5,-1,51435157,135616,135600,0
51435353,6,-1,51435157,7,0,0
51435453,7,-1,51435157,135572,135572,0
51435562,8,-1,51435157,0,0,0
51435638,9,-1,51435157,1,0,0
51435718,11,-1,51435157,1,354,0
51435798,12,-1,51435157,0,0,0
51535227,4,-1,51535224,0,0,0
51535326,5,-1,51535224,135536,135536,0
51535426,6,-1,51535224,1,0,0
51535514,7,-1,51535224,135492,135492,0
51535627,8,-1,51535224,0,0,0
51535702,9,-1,51535224,1,0,0
51535782,11,-1,51535224,1,355,0
51535863,12,-1,51535224,0,0,0
51635159,4,-1,51635157,0,0,0
51635255,5,-1,51635157,135456,135456,0
51635348,6,-1,51635157,10,0,0
51635443,7,-1,51635157,135412,135412,0
51635575,8,-1,51635157,0,0,0
51635650,2,0,51635,0,0,0
51635722,9,-1,51635157,0,1,0
51635794,12,-1,51635157,0,0,0
51735159,4,-1,51735157,0,0,0
51735255,5,-1,51735157,135412,135396,0
51735354,6,-1,51735157,2,0,0
51735447,7,-1,51735157,135368,135368,0
51735558,8,-1,51735157,0,0,0
51735631,9,-1,51735157,1,0,0
51735709,11,-1,51735157,1,356,0
51735788,12,-1,51735157,0,0,0
51835160,4,-1,51835158,0,0,0
51835266,5,-1,51835158,135332,135332,0
51835365,6,-1,51835158,2,0,0
51835460,7,-1,51835158,135288,135288,0
51835566,8,-1,51835158,0,0,0
51835640,9,-1,51835158,1,0,0
51835718,11,-1,51835158,1,357,0
51835797,12,-1,51835158,0,0,0
51935159,4,-1,51935157,0,0,0
51935253,5,-1,51935157,135252,135252,0
51935350,6,-1,51935157,0,0,0
52035167,4,-1,52035162,0,0,0
52035312,5,-1,52035162,135252,135252,0
52035405,6,-1,52035162,4,0,0
52035505,7,-1,52035162,135208,135208,0
52035619,8,-1,52035162,0,0,0
52035696,9,-1,52035162,1,0,0
52035777,11,-1,52035162,1,358,0
52035858,12,-1,52035162,0,0,0
52135166,4,-1,52135162,0,0,0
52135302,5,-1,52135162,135172,135172,0
52135404,6,-1,52135162,3,0,0
52135529,7,-1,52135162,135128,135128,0
52135655,8,-1,52135162,0,0,0
52135729,9,-1,52135162,1,0,0
52135809,11,-1,52135162,1,359,0
52135893,12,-1,52135162,0,0,0
52235160,4,-1,52235157,0,0,0
52235255,5,-1,52235157,135092,135092,0
52235351,6,-1,52235157,15,0,0
52235455,7,-1,52235157,135044,135044,0
52235565,8,-1,52235157,0,0,0
52235639,2,0,52235,0,0,0
52235708,9,-1,52235157,0,1,0
52235779,12,-1,52235157,0,0,0
52335159,4,-1,52335157,0,0,0
52335253,5,-1,52335157,135044,135024,0
52335352,6,-1,52335157,2,0,0
52335440,7,-1,52335157,135000,135000,0
52335538,8,-1,52335157,0,0,0
52335611,9,-1,52335157,1,0,0
52335689,11,-1,52335157,1,360,0
52335768,12,-1,52335157,0,0,0
52435160,4,-1,52435157,0,0,0
52435259,5,-1,52435157,134964,134964,0
52435357,6,-1,52435157,3,0,0
52435448,7,-1,52435157,134920,134920,0
52435549,8,-1,52435157,0,0,0
52435622,9,-1,52435157,1,0,0
52435700,11,-1,52435157,1,361,0
52435782,12,-1,52435157,0,0,0
52535159,4,-1,52535157,0,0,0
52535260,5,-1,52535157,134884,134884,0
52535364,6,-1,52535157,4,0,0
52535454,7,-1,52535157,134840,134840,0
52535565,8,-1,52535157,0,0,0
52535646,9,-1,52535157,1,0,0
52535734,11,-1,52535157,1,362,0
52535813,12,-1,52535157,0,0,0
52635159,4,-1,52635157,0,0,0
52635257,5,-1,52635157,134804,134804,0
52635356,6,-1,52635157,9,0,0
52635455,7,-1,52635157,134760,134760,0
52635565,8,-1,52635157,0,0,0
52635639,9,-1,52635157,1,0,0
52635717,11,-1,52635157,1,363,0
52635797,12,-1,52635157,0,0,0
52735168,4,-1,52735164,0,0,0
52735322,5,-1,52735164,134724,134724,0
52735416,6,-1,52735164,0,0,0
52835161,4,-1,52835158,0,0,0
52835263,5,-1,52835158,134724,134724,0
52835366,6,-1,52835158,23,0,0
52835477,7,-1,52835158,134668,134668,0
52835605,8,-1,52835158,0,0,0
52835679,9,-1,52835158,1,0,0
52835759,11,-1,52835158,1,364,0
52835838,12,-1,52835158,0,0,0
52935160,4,-1,52935158,0,0,0
52935263,5,-1,52935158,134632,134632,0
52935357,6,-1,52935158,1,0,0
52935446,7,-1,52935158,134588,134588,0
52935549,8,-1,52935158,0,0,0
52935625,9,-1,52935158,1,0,0
52935706,11,-1,52935158,1,365,0
52935786,12,-1,52935158,0,0,0
53035168,4,-1,53035166,0,0,0
53035276,5,-1,53035166,134552,134552,0
53035378,6,-1,53035166,1,0,0
53035465,7,-1,53035166,134508,134508,0
53035565,8,-1,53035166,0,0,0
53035653,9,-1,53035166,1,0,0
53035732,11,-1,53035166,1,366,0
53035812,12,-1,53035166,0,0,0
53135160,4,-1,53135158,0,0,0
53135262,5,-1,53135158,134472,134472,0
53135366,6,-1,53135158,1,0,0
53135451,7,-1,53135158,134428,134428,0
53135550,8,-1,53135158,0,0,0
53135624,2,0,53135,0,0,0
53135691,9,-1,53135158,0,1,0
53135765,12,-1,53135158,0,0,0
53235160,4,-1,53235158,0,0,0
53235263,5,-1,53235158,134428,134412,0
53235360,6,-1,53235158,1,0,0
53235469,7,-1,53235158,134384,134384,0
53235581,8,-1,53235158,0,0,0
53235654,9,-1,53235158,1,0,0
53235733,11,-1,53235158,1,367,0
53235812,12,-1,53235158,0,0,0
53335160,4,-1,53335157,0,0,0
53335254,5,-1,53335157,134348,134348,0
53335356,6,-1,53335157,31,0,0
53335452,7,-1,53335157,134284,134284,0
53335551,8,-1,53335157,0,0,0
53335624,2,0,53335,0,0,0
53335692,9,-1,53335157,0,1,0
53335763,12,-1,53335157,0,0,0
53435160,4,-1,53435158,0,0,0
53435266,5,-1,53435158,134284,134248,0
53435362,6,-1,53435158,14,0,0
53435464,7,-1,53435158,134236,134236,0
53435564,8,-1,53435158,0,0,0
53435637,9,-1,53435158,1,0,0
53435715,11,-1,53435158,1,368,0
53435795,12,-1,53435158,0,0,0
53535159,4,-1,53535157,0,0,0
53535256,5,-1,53535157,134200,134200,0
53535353,6,-1,53535157,1,0,0
53535448,7,-1,53535157,134156,134156,0
53535547,8,-1,53535157,0,0,0
53535620,2,0,53535,0,0,0
53535688,9,-1,53535157,0,1,0
53535759,12,-1,53535157,0,0,0
53635159,4,-1,53635157,0,0,0
53635256,5,-1,53635157,134156,134140,0
53635352,6,-1,53635157,0,0,0
53735160,4,-1,53735158,0,0,0
53735256,5,-1,53735158,134156,134140,0
53735355,6,-1,53735158,1,0,0
53735448,7,-1,53735158,134112,134112,0
53735551,8,-1,53735158,0,0,0
53735624,9,-1,53735158,1,0,0
53735703,11,-1,53735158,1,369,0
53735782,12,-1,53735158,0,0,0
53835159,4,-1,53835157,0,0,0
53835252,5,-1,53835157,134076,134076,0
53835347,6,-1,53835157,2,0,0
53835439,7,-1,53835157,134032,134032,0
53835555,8,-1,53835157,0,0,0
53835637,2,0,53835,0,0,0
53835709,9,-1,53835157,0,1,0
53835791,12,-1,53835157,0,0,0
53935159,4,-1,53935157,0,0,0
53935256,5,-1,53935157,134032,134016,0
53935356,6,-1,53935157,0,0,0
54035163,4,-1,54035160,0,0,0
54035263,5,-1,54035160,134032,134016,0
54035387,6,-1,54035160,0,0,0
54135160,4,-1,54135157,0,0,0
54135254,5,-1,54135157,134032,134016,0
54135353,6,-1,54135157,9,0,0
54135447,7,-1,54135157,133988,133988,0
54135558,8,-1,54135157,0,0,0
54135637,9,-1,54135157,1,0,0
54135715,11,-1,54135157,1,370,0
54135794,12,-1,54135157,0,0,0
54235160,4,-1,54235157,0,0,0
54235256,5,-1,54235157,133952,133952,0
54235356,6,-1,54235157,2,0,0
54235447,7,-1,54235157,133908,133908,0
54235555,8,-1,54235157,0,0,0
54235635,9,-1,54235157,1,0,0
54235721,11,-1,54235157,1,371,0
54235801,12,-1,54235157,0,0,0
54335159,4,-1,54335157,0,0,0
54335253,5,-1,54335157,133872,133872,0
54335357,6,-1,54335157,5,0,0
54335448,7,-1,54335157,133828,133828,0
54335555,8,-1,54335157,0,0,0
54335631,9,-1,54335157,1,0,0
54335713,11,-1,54335157,1,372,0
54335795,12,-1,54335157,0,0,0
54435160,4,-1,54435157,0,0,0
54435258,5,-1,54435157,133792,133792,0
54435357,6,-1,54435157,1,0,0
54435450,7,-1,54435157,133748,133748,0
54435557,8,-1,54435157,0,0,0
54435640,9,-1,54435157,1,0,0
54435736,11,-1,54435157,1,373,0
54435828,12,-1,54435157,0,0,0
54535159,4,-1,54535157,0,0,0
54535255,5,-1,54535157,133712,133712,0
54535357,6,-1,54535157,14,0,0
54535445,7,-1,54535157,133664,133664,0
54535553,8,-1,54535157,0,0,0
54535643,9,-1,54535157,1,0,0
54535724,11,-1,54535157,1,374,0
54535808,12,-1,54535157,0,0,0
54635160,4,-1,54635157,0,0,0
54635256,5,-1,54635157,133628,133628,0
54635352,6,-1,54635157,2,0,0
54635441,7,-1,54635157,133584,133584,0
54635547,8,-1,54635157,0,0,0
54635624,9,-1,54635157,1,0,0
54635706,11,-1,54635157,1,375,0
54635785,12,-1,54635157,0,0,0
54735159,4,-1,54735157,0,0,0
54735253,5,-1,54735157,133548,133548,0
54735348,6,-1,54735157,11,0,0
54735441,7,-1,54735157,133504,133504,0
54735552,8,-1,54735157,0,0,0
54735633,9,-1,54735157,1,0,0
54735747,11,-1,54735157,1,376,0
54735833,12,-1,54735157,0,0,0
54835167,4,-1,54835163,0,0,0
54835298,5,-1,54835163,133468,133468,0
54835401,6,-1,54835163,0,0,0
54935161,4,-1,54935158,0,0,0
54935257,5,-1,54935158,133468,133468,0
54935361,6,-1,54935158,1,0,0
54935460,7,-1,54935158,133424,133424,0
54935570,8,-1,54935158,0,0,0
54935648,9,-1,54935158,1,0,0
54935727,11,-1,54935158,1,377,0
54935807,12,-1,54935158,0,0,0
55035160,4,-1,55035158,0,0,0
55035258,5,-1,55035158,133388,133388,0
55035354,6,-1,55035158,1,0,0
55035447,7,-1,55035158,133344,133344,0
55035554,8,-1,55035158,0,0,0
55035638,9,-1,55035158,1,0,0
55035717,11,-1,55035158,1,378,0
55035797,12,-1,55035158,0,0,0
55135166,4,-1,55135163,0,0,0
55135265,5,-1,55135163,133308,133308,0
55135359,6,-1,55135163,1,0,0
55135451,7,-1,55135163,133264,133264,0
55135556,8,-1,55135163,0,0,0
55135629,9,-1,55135163,1,0,0
55135707,11,-1,55135163,1,379,0
55135789,12,-1,55135163,0,0,0
55235159,4,-1,55235157,0,0,0
55235254,5,-1,55235157,133228,133228,0
55235353,6,-1,55235157,5,0,0
55235444,7,-1,55235157,133184,133184,0
55235552,8,-1,55235157,0,0,0
55235635,2,0,55235,0,0,0
55235711,9,-1,55235157,0,1,0
55235792,12,-1,55235157,0,0,0
55335159,4,-1,55335157,0,0,0
55335259,5,-1,55335157,133184,133168,0
55335353,6,-1,55335157,3,0,0
55335443,7,-1,55335157,133140,133140,0
55335551,8,-1,55335157,0,0,0
55335627,9,-1,55335157,1,0,0
55335705,11,-1,55335157,1,380,0
55335785,12,-1,55335157,0,0,0
55435160,4,-1,55435157,0,0,0
55435264,5,-1,55435157,133104,133104,0
55435361,6,-1,55435157,0,0,0
55535168,4,-1,55535163,0,0,0
55535316,5,-1,55535163,133104,133104,0
55535419,6,-1,55535163,14,0,0
55535525,7,-1,55535163,133056,133056,0
55535637,8,-1,55535163,0,0,0
55535719,9,-1,55535163,1,0,0
55535807,11,-1,55535163,1,381,0
55535891,12,-1,55535163,0,0,0
55635161,4,-1,55635158,0,0,0
55635262,5,-1,55635158,133020,133020,0
55635377,6,-1,55635158,1,0,0
55635471,7,-1,55635158,132976,132976,0
55635596,8,-1,55635158,0,0,0
55635672,2,0,55635,0,0,0
55635741,9,-1,55635158,0,1,0
55635813,12,-1,55635158,0,0,0
55735163,4,-1,55735160,0,0,0
55735289,5,-1,55735160,132976,132960,0
55735398,6,-1,55735160,31,0,0
55735497,7,-1,55735160,132912,132912,0
55735618,8,-1,55735160,0,0,0
55735700,9,-1,55735160,1,0,0
55735786,11,-1,55735160,1,382,0
55735871,12,-1,55735160,0,0,0
55835162,4,-1,55835160,0,0,0
55835281,5,-1,55835160,132876,132876,0
55835378,6,-1,55835160,1,0,0
55835470,7,-1,55835160,132832,132832,0
55835582,8,-1,55835160,0,0,0
55835663,9,-1,55835160,1,0,0
55835742,11,-1,55835160,1,383,0
55835825,12,-1,55835160,0,0,0
55935172,4,-1,55935168,0,0,0
55935334,5,-1,55935168,132796,132796,0
55935436,6,-1,55935168,9,0,0
55935533,7,-1,55935168,132752,132752,0
55935638,8,-1,55935168,0,0,0
55935719,9,-1,55935168,1,0,0
55935799,11,-1,55935168,1,384,0
55935879,12,-1,55935168,0,0,0
56035174,4,-1,56035170,0,0,0
56035328,5,-1,56035170,132716,132716,0
56035428,6,-1,56035170,17,0,0
56035527,7,-1,56035170,132664,132664,0
56035635,8,-1,56035170,0,0,0
56035719,9,-1,56035170,1,0,0
56035805,11,-1,56035170,1,385,0
56035886,12,-1,56035170,0,0,0
56135167,4,-1,56135162,0,0,0
56135319,5,-1,56135162,132628,132628,0
56135429,6,-1,56135162,45,0,0
56135536,7,-1,56135162,132548,132548,0
56135650,8,-1,56135162,0,0,0
56135733,2,0,56135,0,0,0
56135809,9,-1,56135162,0,1,0
56135881,12,-1,56135162,0,0,0
56235163,4,-1,56235160,0,0,0
56235274,5,-1,56235160,132548,132496,0
56235375,6,-1,56235160,1,0,0
56235471,7,-1,56235160,132504,132496,0
56235581,8,-1,56235160,0,0,0
56235658,9,-1,56235160,1,0,0
56235737,11,-1,56235160,1,386,0
56235817,12,-1,56235160,0,0,0
56335164,4,-1,56335160,0,0,0
56335283,5,-1,56335160,132468,132468,0
56335381,6,-1,56335160,9,0,0
56335477,7,-1,56335160,132424,132424,0
56335583,8,-1,56335160,0,0,0
56335660,9,-1,56335160,1,0,0
56335744,11,-1,56335160,1,387,0
56335829,12,-1,56335160,0,0,0
56435160,4,-1,56435158,0,0,0
56435283,5,-1,56435158,132388,132388,0
56435386,6,-1,56435158,36,0,0
56435475,7,-1,56435158,132320,132320,0
56435575,8,-1,56435158,0,0,0
56435657,2,0,56435,0,0,0
56435729,9,-1,56435158,0,1,0
56435800,12,-1,56435158,0,0,0
56535160,4,-1,56535157,0,0,0
56535259,5,-1,56535157,132320,132280,0
56535357,6,-1,56535157,32,0,0
56535451,7,-1,56535157,132256,132256,0
56535557,8,-1,56535157,0,0,0
56535629,9,-1,56535157,1,0,0
56535708,11,-1,56535157,1,388,0
56535787,12,-1,56535157,0,0,0
56635160,4,-1,56635157,0,0,0
56635261,5,-1,56635157,132220,132220,0
56635358,6,-1,56635157,9,0,0
56635449,7,-1,56635157,132176,132176,0
56635557,8,-1,56635157,0,0,0
56635637,9,-1,56635157,1,0,0
56635715,11,-1,56635157,1,389,0
56635794,12,-1,56635157,0,0,0
56735159,4,-1,56735157,0,0,0
56735256,5,-1,56735157,132140,132140,0
56735353,6,-1,56735157,25,0,0
56735445,7,-1,56735157,132080,132080,0
56735549,8,-1,56735157,0,0,0
56735622,9,-1,56735157,1,0,0
56735700,11,-1,56735157,1,390,0
56735779,12,-1,56735157,0,0,0
56835164,4,-1,56835162,0,0,0
56835262,5,-1,56835162,132044,132044,0
56835359,6,-1,56835162,3,0,0
56835448,7,-1,56835162,132000,132000,0
56835558,8,-1,56835162,0,0,0
56835632,9,-1,56835162,1,0,0
56835714,11,-1,56835162,1,391,0
56835793,12,-1,56835162,0,0,0
56935162,4,-1,56935159,0,0,0
56935276,5,-1,56935159,131964,131964,0
56935378,6,-1,56935159,3,0,0
56935473,7,-1,56935159,131920,131920,0
56935581,8,-1,56935159,0,0,0
56935662,2,0,56935,0,0,0
56935734,9,-1,56935159,0,1,0
56935813,12,-1,56935159,0,0,0
57035160,4,-1,57035158,0,0,0
57035260,5,-1,57035158,131920,131904,0
57035359,6,-1,57035158,0,0,0
57135161,4,-1,57135158,0,0,0
57135263,5,-1,57135158,131920,131904,0
57135355,6,-1,57135158,0,0,0
57235191,4,-1,57235188,0,0,0
57235302,5,-1,57235188,131920,131904,0
57235398,6,-1,57235188,13,0,0
57235499,7,-1,57235188,131872,131872,0
57235613,8,-1,57235188,0,0,0
57235687,9,-1,57235188,1,0,0
57235765,11,-1,57235188,1,392,0
57235844,12,-1,57235188,0,0,0
57335161,4,-1,57335159,0,0,0
57335270,5,-1,57335159,131836,131836,0
57335365,6,-1,57335159,2,0,0
57335456,7,-1,57335159,131792,131792,0
57335557,8,-1,57335159,0,0,0
57335630,2,0,57335,0,0,0
57335697,9,-1,57335159,0,1,0
57335769,12,-1,57335159,0,0,0
57435162,4,-1,57435159,0,0,0
57435278,5,-1,57435159,131792,131776,0
57435380,6,-1,57435159,0,0,0
57535160,4,-1,57535157,0,0,0
57535263,5,-1,57535157,131792,131776,0
57535360,6,-1,57535157,55,0,0
57535455,7,-1,57535157,131704,131704,0
57535563,8,-1,57535157,0,0,0
57535639,9,-1,57535157,1,0,0
57535717,11,-1,57535157,1,393,0
57535796,12,-1,57535157,0,0,0
57635159,4,-1,57635157,0,0,0
57635252,5,-1,57635157,131668,131644,0
57635352,6,-1,57635157,3,0,0
57635440,7,-1,57635157,131624,131624,0
57635538,8,-1,57635157,0,0,0
57635611,9,-1,57635157,1,0,0
57635689,11,-1,57635157,1,394,0
57635767,12,-1,57635157,0,0,0
57735159,4,-1,57735157,0,0,0
57735257,5,-1,57735157,131588,131588,0
57735351,6,-1,57735157,173,0,0
57735448,7,-1,57735157,131380,131380,0
57735552,8,-1,57735157,0,0,0
57735624,9,-1,57735157,1,0,0
57735702,11,-1,57735157,1,395,0
57735780,12,-1,57735157,0,0,0
57835160,4,-1,57835157,0,0,0
57835258,5,-1,57835157,131344,131200,0
57835354,6,-1,57835157,1,0,0
57835441,7,-1,57835157,131300,131200,0
57835539,8,-1,57835157,0,0,0
57835612,9,-1,57835157,1,0,0
57835690,11,-1,57835157,1,396,0
57835769,12,-1,57835157,0,0,0
57935159,4,-1,57935157,0,0,0
57935256,5,-1,57935157,131264,131200,0
57935352,6,-1,57935157,5,0,0
57935451,7,-1,57935157,131220,131200,0
57935549,8,-1,57935157,0,0,0
57935622,9,-1,57935157,1,0,0
57935700,11,-1,57935157,1,397,0
57935778,12,-1,57935157,0,0,0
58035160,4,-1,58035157,0,0,0
58035262,5,-1,58035157,131184,131184,0
58035364,6,-1,58035157,44,0,0
58035454,7,-1,58035157,131108,131108,0
58035557,8,-1,58035157,0,0,0
58035631,9,-1,58035157,1,0,0
58035708,11,-1,58035157,1,398,0
58035787,12,-1,58035157,0,0,0
58135161,4,-1,58135158,0,0,0
58135269,5,-1,58135158,131072,131060,0
58135359,6,-1,58135158,3,0,0
58135447,7,-1,58135158,131028,131028,0
58135548,8,-1,58135158,0,0,0
58135621,9,-1,58135158,1,0,0
58135700,11,-1,58135158,1,399,0
58135780,12,-1,58135158,0,0,0
58235161,4,-1,58235158,0,0,0
58235269,5,-1,58235158,130992,130992,0
58235363,6,-1,58235158,1,0,0
58235462,7,-1,58235158,130948,130948,0
58235579,8,-1,58235158,0,0,0
58235654,9,-1,58235158,1,0,0
58235737,11,-1,58235158,1,400,0
58235816,12,-1,58235158,0,0,0
58335159,4,-1,58335157,0,0,0
58335257,5,-1,58335157,130912,130912,0
58335349,6,-1,58335157,0,0,0
58435159,4,-1,58435157,0,0,0
58435255,5,-1,58435157,130912,130912,0
58435347,6,-1,58435157,4,0,0
58435442,7,-1,58435157,130868,130868,0
58435556,8,-1,58435157,0,0,0
58435650,9,-1,58435157,1,0,0
58435746,11,-1,58435157,1,401,0
58435825,12,-1,58435157,0,0,0
58535160,4,-1,58535157,0,0,0
58535261,5,-1,58535157,130832,130832,0
58535363,6,-1,58535157,3,0,0
58535461,7,-1,58535157,130788,130788,0
58535579,8,-1,58535157,0,0,0
58535659,9,-1,58535157,1,0,0
58535745,11,-1,58535157,1,402,0
58535831,12,-1,58535157,0,0,0
58635160,4,-1,58635157,0,0,0
58635263,5,-1,58635157,130752,130752,0
58635362,6,-1,58635157,1,0,0
58635462,7,-1,58635157,130708,130708,0
58635574,8,-1,58635157,0,0,0
58635658,9,-1,58635157,1,0,0
58635749,11,-1,58635157,1,403,0
58635832,12,-1,58635157,0,0,0
58735159,4,-1,58735157,0,0,0
58735256,5,-1,58735157,130672,130672,0
58735354,6,-1,58735157,1,0,0
58735453,7,-1,58735157,130628,130628,0
58735559,8,-1,58735157,0,0,0
58735647,9,-1,58735157,1,0,0
58735731,11,-1,58735157,1,404,0
58735812,12,-1,58735157,0,0,0
58835159,4,-1,58835157,0,0,0
58835250,5,-1,58835157,130592,130592,0
58835346,6,-1,58835157,8,0,0
58835429,7,-1,58835157,130548,130548,0
58835531,8,-1,58835157,0,0,0
58835604,9,-1,58835157,1,0,0
58835681,11,-1,58835157,1,405,0
58835760,12,-1,58835157,0,0,0
58935159,4,-1,58935157,0,0,0
58935253,5,-1,58935157,130512,130512,0
58935344,6,-1,58935157,18,0,0
58935438,7,-1,58935157,130460,130460,0
58935553,8,-1,58935157,0,0,0
58935642,9,-1,58935157,1,0,0
58935725,11,-1,58935157,1,406,0
58935812,12,-1,58935157,0,0,0
59035167,4,-1,59035163,0,0,0
59035295,5,-1,59035163,130424,130424,0
59035400,6,-1,59035163,5,0,0
59035503,7,-1,59035163,130380,130380,0
59035611,8,-1,59035163,0,0,0
59035685,9,-1,59035163,1,0,0
59035764,11,-1,59035163,1,407,0
59035855,12,-1,59035163,0,0,0
59135161,4,-1,59135158,0,0,0
59135271,5,-1,59135158,130344,130344,0
59135376,6,-1,59135158,11,0,0
59135480,7,-1,59135158,130300,130300,0
59135591,8,-1,59135158,0,0,0
59135664,2,0,59135,0,0,0
59135732,9,-1,59135158,0,1,0
59135804,12,-1,59135158,0,0,0
59235160,4,-1,59235157,0,0,0
59235257,5,-1,59235157,130300,130284,0
59235352,6,-1,59235157,1,0,0
59235448,7,-1,59235157,130256,130256,0
59235557,8,-1,59235157,0,0,0
59235637,9,-1,59235157,1,0,0
59235725,11,-1,59235157,1,408,0
59235804,12,-1,59235157,0,0,0
59335162,4,-1,59335157,0,0,0
59335263,5,-1,59335157,130220,130220,0
59335361,6,-1,59335157,51,0,0
59335449,7,-1,59335157,130136,130136,0
59335547,8,-1,59335157,0,0,0
59335620,9,-1,59335157,1,0,0
59335698,11,-1,59335157,1,409,0
59335776,12,-1,59335157,0,0,0
59435159,4,-1,59435157,0,0,0
59435249,5,-1,59435157,130100,130080,0
59435346,6,-1,59435157,10,0,0
59435442,7,-1,59435157,130056,130056,0
59435547,8,-1,59435157,0,0,0
59435620,9,-1,59435157,1,0,0
59435697,11,-1,59435157,1,410,0
59435777,12,-1,59435157,0,0,0
59535160,4,-1,59535158,0,0,0
59535261,5,-1,59535158,130020,130020,0
59535353,6,-1,59535158,1,0,0
59535452,7,-1,59535158,129976,129976,0
59535574,8,-1,59535158,0,0,0
59535647,9,-1,59535158,1,0,0
59535726,11,-1,59535158,1,411,0
59535805,12,-1,59535158,0,0,0
59635159,4,-1,59635157,0,0,0
59635257,5,-1,59635157,129940,129940,0
59635362,6,-1,59635157,5,0,0
59635460,7,-1,59635157,129896,129896,0
59635568,8,-1,59635157,0,0,0
59635641,2,0,59635,0,0,0
59635709,9,-1,59635157,0,1,0
59635779,12,-1,59635157,0,0,0
59735159,4,-1,59735157,0,0,0
59735266,5,-1,59735157,129896,129880,0
59735370,6,-1,59735157,3,0,0
59735457,7,-1,59735157,129852,129852,0
59735572,8,-1,59735157,0,0,0
59735646,9,-1,59735157,1,0,0
59735729,11,-1,59735157,1,412,0
59735808,12,-1,59735157,0,0,0
59835159,4,-1,59835157,0,0,0
59835259,5,-1,59835157,129816,129816,0
59835354,6,-1,59835157,5,0,0
59835441,7,-1,59835157,129772,129772,0
59835549,8,-1,59835157,0,0,0
59835621,9,-1,59835157,1,0,0
59835706,11,-1,59835157,1,413,0
59835785,12,-1,59835157,0,0,0
59935159,4,-1,59935157,0,0,0
59935251,5,-1,59935157,129736,129736,0
59935350,6,-1,59935157,23,0,0
59935450,7,-1,59935157,129680,129680,0
59935562,8,-1,59935157,0,0,0
59935639,9,-1,59935157,1,0,0
59935717,11,-1,59935157,1,414,0
59935796,12,-1,59935157,0,0,0
60035161,4,-1,60035158,0,0,0
60035267,5,-1,60035158,129644,129644,0
60035370,6,-1,60035158,33,0,0
60035469,7,-1,60035158,129576,129576,0
60035571,8,-1,60035158,0,0,0
60035646,9,-1,60035158,1,0,0
60035726,11,-1,60035158,1,415,0
60035806,12,-1,60035158,0,0,0
60135160,4,-1,60135157,0,0,0
60135255,5,-1,60135157,129540,129536,0
60135351,6,-1,60135157,0,0,0
60235159,4,-1,60235157,0,0,0
60235256,5,-1,60235157,129540,129536,0
60235354,6,-1,60235157,0,0,0
60335160,4,-1,60335158,0,0,0
60335255,5,-1,60335158,129540,129536,0
60335354,6,-1,60335158,21,0,0
60335447,7,-1,60335158,129484,129484,0
60335570,8,-1,60335158,0,0,0
60335659,9,-1,60335158,1,0,0
60335741,11,-1,60335158,1,416,0
60335820,12,-1,60335158,0,0,0
60435159,4,-1,60435157,0,0,0
60435254,5,-1,60435157,129448,129448,0
60435354,6,-1,60435157,27,0,0
60435453,7,-1,60435157,129388,129388,0
60435577,8,-1,60435157,0,0,0
60435662,2,0,60435,0,0,0
60435737,9,-1,60435157,0,1,0
60435818,12,-1,60435157,0,0,0
60535160,4,-1,60535157,0,0,0
60535255,5,-1,60535157,129388,129356,0
60535361,6,-1,60535157,42,0,0
60535452,7,-1,60535157,129312,129312,0
60535561,8,-1,60535157,0,0,0
60535648,9,-1,60535157,1,0,0
60535735,11,-1,60535157,1,417,0
60535815,12,-1,60535157,0,0,0
60635160,4,-1,60635157,0,0,0
60635259,5,-1,60635157,129276,129264,0
60635361,6,-1,60635157,2,0,0
60635460,7,-1,60635157,129232,129232,0
60635575,8,-1,60635157,0,0,0
60635662,9,-1,60635157,1,0,0
60635749,11,-1,60635157,1,418,0
60635839,12,-1,60635157,0,0,0
60735159,4,-1,60735157,0,0,0
60735255,5,-1,60735157,129196,129196,0
60735346,6,-1,60735157,3,0,0
60735432,7,-1,60735157,129152,129152,0
60735542,8,-1,60735157,0,0,0
60735620,9,-1,60735157,1,0,0
60735705,11,-1,60735157,1,419,0
60735785,12,-1,60735157,0,0,0
60835159,4,-1,60835157,0,0,0
60835256,5,-1,60835157,129116,129116,0
60835348,6,-1,60835157,3,0,0
60835799,7,-1,60835157,129072,129072,0
60835925,8,-1,60835157,0,0,0
60836028,9,-1,60835157,1,0,0
60836140,11,-1,60835157,1,420,0
60836271,12,-1,60835157,0,0,0
60836872,15,0,835176,0,0,0
60837510,18,0,835176,0,0,0
60839174,19,0,835176,0,0,0
60839551,24,0,835176,0,0,0
60839652,1,0,835176,2166136261,0,0
60839769,21,0,835176,129036,129036,0
60839880,25,0,835176,129036,129036,0
60839990,14,-1,835176,0,0,0
60841079,13,-1,1035157,1,0,0
60841232,16,0,1035157,61035157,61135157,293928
60841356,17,0,1035157,0,0,0
60841433,20,0,1035157,129016,129016,0
60935161,4,-1,60935157,0,0,0
60935274,5,-1,60935157,129016,129016,0
60935385,6,-1,60935157,9,0,0
60935509,7,-1,60935157,128964,128964,0
60935621,8,-1,60935157,0,0,0
60935699,9,-1,60935157,1,0,0
60935778,11,-1,60935157,1,420,0
60935857,12,-1,60935157,0,0,0
61035158,4,-1,61035155,0,0,0
61035251,5,-1,61035155,128928,128928,0
61035391,6,-1,61035155,0,0,0
61035528,15,0,1035157,0,0,0
61035647,18,0,1035157,0,0,0
61053501,19,0,1035157,0,0,0
61055089,24,0,1035157,0,0,0
61055274,1,0,1035157,3320251836,0,0
61055356,21,0,1035157,128928,128928,0
61055412,25,0,1035157,128928,128928,0
61055466,14,-1,1035157,0,0,0
61055521,13,-1,1135157,1,0,0
61055590,16,0,1135157,61135157,61235157,179569
61055663,17,0,1135157,0,0,0
61055712,20,0,1135157,128964,128928,0
61135169,4,-1,61135164,0,0,0
61135428,5,-1,61135164,128964,128928,0
61135530,6,-1,61135164,17,0,0
61135633,7,-1,61135164,128904,128904,0
61135746,8,-1,61135164,0,0,0
61135821,9,-1,61135164,1,0,0
61135913,11,-1,61135164,1,420,0
61136003,12,-1,61135164,0,0,0
61136190,15,0,1135157,0,0,0
61136463,18,0,1135157,0,0,0
61142971,19,0,1135157,0,0,0
61143123,24,0,1135157,0,0,0
61143223,1,0,1135157,4006421541,0,0
61143316,21,0,1135157,128868,128868,0
61143403,25,0,1135157,128868,128868,0
61143487,14,-1,1135157,0,0,0
61143573,13,-1,1235157,1,0,0
61143663,16,0,1235157,61235157,61335157,191495
61143776,17,0,1235157,0,0,0
61143850,20,0,1235157,128924,128868,0
61235162,4,-1,61235158,0,0,0
61235320,5,-1,61235158,128924,128868,0
61235430,6,-1,61235158,2,0,0
61235588,7,-1,61235158,128868,128868,0
61235696,8,-1,61235158,0,0,0
61235772,2,0,61235,0,0,0
61235840,9,-1,61235158,0,1,0
61235913,12,-1,61235158,0,0,0
61236071,15,0,1235157,0,0,0
61236228,18,0,1235157,0,0,0
61238860,19,0,1235157,0,0,0
61239011,24,0,1235157,0,0,0
61239122,1,0,1235157,1059761711,0,0
61239228,21,0,1235157,128868,128852,0
61239317,25,0,1235157,128868,128852,0
61239401,14,-1,1235157,0,0,0
61239483,13,-1,1335162,1,0,0
61239570,16,0,1335162,61335162,61435162,195594
61239682,17,0,1335162,0,0,0
61239756,20,0,1335162,128924,128852,0
61335158,4,-1,61335155,0,0,0
61335301,5,-1,61335155,128924,128852,0
61335408,6,-1,61335155,8,0,0
61335532,7,-1,61335155,128868,128852,0
61335637,8,-1,61335155,0,0,0
61335712,9,-1,61335155,1,0,0
61335791,11,-1,61335155,1,419,0
61335871,12,-1,61335155,0,0,0
61336958,15,0,1335162,0,0,0
61337107,18,0,1335162,0,0,0
61339621,19,0,1335162,0,0,0
61339760,24,0,1335162,0,0,0
61339841,1,0,1335162,135029208,0,0
61339933,21,0,1335162,128832,128832,0
61340028,25,0,1335162,128832,128832,0
61340114,14,-1,1335162,0,0,0
61340197,13,-1,1435185,1,0,0
61340284,16,0,1435185,61435185,61535185,194902
61340394,17,0,1435185,0,0,0
61340468,20,0,1435185,128868,128832,0
61435157,4,-1,61435154,0,0,0
61435275,5,-1,61435154,128868,128832,0
61435390,6,-1,61435154,2,0,0
61435493,7,-1,61435154,128816,128816,0
61435615,8,-1,61435154,0,0,0
61435696,2,0,61435,0,0,0
61435765,9,-1,61435154,0,1,0
61435837,12,-1,61435154,0,0,0
61435966,15,0,1435185,0,0,0
61436133,18,0,1435185,0,0,0
61438692,19,0,1435185,0,0,0
61438821,24,0,1435185,0,0,0
61438902,1,0,1435185,922763879,0,0
61439014,21,0,1435185,128816,128800,0
61439131,25,0,1435185,128816,128800,0
61439248,14,-1,1435185,0,0,0
61439331,13,-1,1635160,1,0,0
61439417,16,0,1635160,61635160,61735160,295745
61439527,17,0,1635160,0,0,0
61439600,20,0,1635160,128852,128800,0
61535155,4,-1,61535152,0,0,0
61535271,5,-1,61535152,128852,128800,0
61535370,6,-1,61535152,9,0,0
61535473,7,-1,61535152,128800,128800,0
61535585,8,-1,61535152,0,0,0
61535659,9,-1,61535152,1,0,0
61535738,11,-1,61535152,1,418,0
61535817,12,-1,61535152,0,0,0
61635154,4,-1,61635151,0,0,0
61635257,5,-1,61635151,128764,128764,0
61635391,6,-1,61635151,13,0,0
61635486,7,-1,61635151,128716,128716,0
61635594,8,-1,61635151,0,0,0
61635667,2,0,61635,0,0,0
61635735,9,-1,61635151,0,1,0
61635811,12,-1,61635151,0,0,0
61635937,15,0,1635160,0,0,0
61636099,18,0,1635160,0,0,0
61638614,19,0,1635160,0,0,0
61638749,24,0,1635160,0,0,0
61638840,1,0,1635160,135029208,0,0
61638933,21,0,1635160,128716,128696,0
61639027,25,0,1635160,128716,128696,0
61639112,14,-1,1635160,0,0,0
61639198,13,-1,1735162,1,0,0
61639283,16,0,1735162,61735162,61835162,195881
61639397,17,0,1735162,0,0,0
61639471,20,0,1735162,128752,128696,0
61735154,4,-1,61735151,0,0,0
61735264,5,-1,61735151,128752,128696,0
61735384,6,-1,61735151,41,0,0
61735481,7,-1,61735151,128668,128668,0
61735596,8,-1,61735151,0,0,0
61735674,9,-1,61735151,1,0,0
61735752,11,-1,61735151,1,418,0
61735831,12,-1,61735151,0,0,0
61735957,15,0,1735162,0,0,0
61736119,18,0,1735162,0,0,0
61738622,19,0,1735162,0,0,0
61738753,24,0,1735162,0,0,0
61738839,1,0,1735162,135029208,0,0
61738931,21,0,1735162,128632,128620,0
61739026,25,0,1735162,128632,128620,0
61739111,14,-1,1735162,0,0,0
61739193,13,-1,1835162,1,0,0
61739287,16,0,1835162,61835162,61935162,195877
61739398,17,0,1835162,0,0,0
61739475,20,0,1835162,128668,128620,0
61835155,4,-1,61835151,0,0,0
61835294,5,-1,61835151,128668,128620,0
61835411,6,-1,61835151,8,0,0
61835518,7,-1,61835151,128616,128616,0
61835638,8,-1,61835151,0,0,0
61835713,9,-1,61835151,1,0,0
61835794,11,-1,61835151,1,418,0
61835874,12,-1,61835151,0,0,0
61836976,15,0,1835162,0,0,0
61837140,18,0,1835162,0,0,0
61839698,19,0,1835162,0,0,0
61839842,24,0,1835162,0,0,0
61839930,1,0,1835162,3426221669,0,0
61840023,21,0,1835162,128580,128580,0
61840112,25,0,1835162,128580,128580,0
61840208,14,-1,1835162,0,0,0
61840289,13,-1,2035157,1,0,0
61840375,16,0,2035157,62035157,62135157,294784
61840486,17,0,2035157,0,0,0
61840561,20,0,2035157,128616,128580,0
61935152,4,-1,61935149,0,0,0
61935280,5,-1,61935149,128616,128580,0
61935380,6,-1,61935149,58,0,0
61935482,7,-1,61935149,128516,128516,0
61935613,8,-1,61935149,0,0,0
61935699,2,0,61935,0,0,0
61935767,9,-1,61935149,0,1,0
61935839,12,-1,61935149,0,0,0
62035149,4,-1,62035147,0,0,0
62035246,5,-1,62035147,128516,128452,0
62035356,6,-1,62035147,0,0,0
62035483,15,0,2035157,0,0,0
62035617,18,0,2035157,0,0,0
62038111,19,0,2035157,0,0,0
62038258,24,0,2035157,0,0,0
62038344,1,0,2035157,797707384,0,0
62038438,21,0,2035157,128516,128452,0
62038532,25,0,2035157,128516,128452,0
62038615,14,-1,2035157,0,0,0
62038696,13,-1,2135157,1,0,0
62038783,16,0,2135157,62135157,62235157,196376
62038895,17,0,2135157,0,0,0
62038975,20,0,2135157,128532,128452,0
62135151,4,-1,62135148,0,0,0
62135282,5,-1,62135148,128532,128452,0
62135379,6,-1,62135148,1,0,0
62135491,7,-1,62135148,128488,128452,0
62135629,8,-1,62135148,0,0,0
62135721,9,-1,62135148,1,0,0
62135809,11,-1,62135148,1,417,0
62135888,12,-1,62135148,0,0,0
62136055,15,0,2135157,0,0,0
62136214,18,0,2135157,0,0,0
62138712,19,0,2135157,0,0,0
62138844,24,0,2135157,0,0,0
62138928,1,0,2135157,2025494473,0,0
62139018,21,0,2135157,128452,128452,0
62139108,25,0,2135157,128452,128452,0
62139192,14,-1,2135157,0,0,0
62139273,13,-1,2235157,1,0,0
62139360,16,0,2235157,62235157,62335157,195799
62139471,17,0,2235157,0,0,0
62139544,20,0,2235157,128508,128452,0
62235150,4,-1,62235146,0,0,0
62235289,5,-1,62235146,128508,128452,0
62235395,6,-1,62235146,6,0,0
62235506,7,-1,62235146,128452,128452,0
62235634,8,-1,62235146,0,0,0
62235710,2,0,62235,0,0,0
62235779,9,-1,62235146,0,1,0
62235852,12,-1,62235146,0,0,0
62235980,15,0,2235157,0,0,0
62236123,18,0,2235157,0,0,0
62238678,19,0,2235157,0,0,0
62238816,24,0,2235157,0,0,0
62238909,1,0,2235157,680497231,0,0
62239023,21,0,2235157,128452,128436,0
62239121,25,0,2235157,128452,128436,0
62239213,14,-1,2235157,0,0,0
62239299,13,-1,2335157,1,0,0
62239387,16,0,2335157,62335157,62435157,195772
62239500,17,0,2335157,0,0,0
62239574,20,0,2335157,128488,128436,0
62335154,4,-1,62335149,0,0,0
62335325,5,-1,62335149,128488,128436,0
62335426,6,-1,62335149,30,0,0
62335533,7,-1,62335149,128416,128416,0
62335644,8,-1,62335149,0,0,0
62335721,9,-1,62335149,1,0,0
62335802,11,-1,62335149,1,416,0
62335883,12,-1,62335149,0,0,0
62336052,15,0,2335157,0,0,0
62336224,18,0,2335157,0,0,0
62338811,19,0,2335157,0,0,0
62338944,24,0,2335157,0,0,0
62339028,1,0,2335157,168584446,0,0
62339123,21,0,2335157,128380,128380,0
62339211,25,0,2335157,128380,128380,0
62339296,14,-1,2335157,0,0,0
62339381,13,-1,2535163,1,0,0
62339469,16,0,2535163,62535163,62635163,295696
62339624,17,0,2535163,0,0,0
62339701,20,0,2535163,128416,128380,0
62435151,4,-1,62435147,0,0,0
62435291,5,-1,62435147,128416,128380,0
62435390,6,-1,62435147,3,0,0
62435494,7,-1,62435147,128364,128364,0
62435603,8,-1,62435147,0,0,0
62435687,2,0,62435,0,0,0
62435754,9,-1,62435147,0,1,0
62435826,12,-1,62435147,0,0,0
62535152,4,-1,62535147,0,0,0
62535299,5,-1,62535147,128364,128348,0
62535450,6,-1,62535147,1,0,0
62535559,7,-1,62535147,128320,128320,0
62535681,8,-1,62535147,0,0,0
62535764,9,-1,62535147,1,0,0
62535846,11,-1,62535147,1,416,0
62535933,12,-1,62535147,0,0,0
62536103,15,0,2535163,0,0,0
62536293,18,0,2535163,0,0,0
62538948,19,0,2535163,0,0,0
62539102,24,0,2535163,0,0,0
62539204,1,0,2535163,135029208,0,0
62539297,21,0,2535163,128284,128284,0
62539386,25,0,2535163,128284,128284,0
62539471,14,-1,2535163,0,0,0
62539556,13,-1,2735157,1,0,0
62539644,16,0,2735157,62735157,62835157,295515
62539758,17,0,2735157,0,0,0
62539833,20,0,2735157,128320,128284,0
62635155,4,-1,62635150,0,0,0
62635332,5,-1,62635150,128320,128284,0
62635429,6,-1,62635150,4,0,0
62635537,7,-1,62635150,128268,128268,0
62635647,8,-1,62635150,0,0,0
62635727,9,-1,62635150,1,0,0
62635811,11,-1,62635150,1,416,0
62635891,12,-1,62635150,0,0,0
62735153,4,-1,62735147,0,0,0
62735326,5,-1,62735147,128232,128232,0
62735430,6,-1,62735147,134,0,0
62735538,7,-1,62735147,128064,128064,0
62735646,8,-1,62735147,0,0,0
62735729,2,0,62735,0,0,0
62735798,9,-1,62735147,0,1,0
62735876,12,-1,62735147,0,0,0
62736056,15,0,2735157,0,0,0
62736251,18,0,2735157,0,0,0
62738899,19,0,2735157,0,0,0
62739108,24,0,2735157,0,0,0
62739237,1,0,2735157,2875364961,0,0
62739339,21,0,2735157,128064,127924,0
62739431,25,0,2735157,128064,127924,0
62739516,14,-1,2735157,0,0,0
62739600,13,-1,2835157,1,0,0
62739690,16,0,2835157,62835157,62935157,195469
62739803,17,0,2835157,0,0,0
62739877,20,0,2835157,128080,127924,0
62835149,4,-1,62835145,0,0,0
62835318,5,-1,62835145,128080,127924,0
62835422,6,-1,62835145,1,0,0
62835522,7,-1,62835145,128036,127924,0
62835640,8,-1,62835145,0,0,0
62835721,9,-1,62835145,1,0,0
62835807,11,-1,62835145,1,416,0
62835886,12,-1,62835145,0,0,0
62836057,15,0,2835157,0,0,0
62836225,18,0,2835157,0,0,0
62838778,19,0,2835157,0,0,0
62839070,24,0,2835157,0,0,0
62839175,1,0,2835157,3454401287,0,0
62839270,21,0,2835157,128000,127924,0
62839362,25,0,2835157,128000,127924,0
62839450,14,-1,2835157,0,0,0
62839537,13,-1,2935157,1,0,0
62839624,16,0,2935157,62935157,63035157,195535
62839736,17,0,2935157,0,0,0
62839810,20,0,2935157,128036,127924,0
62935143,4,-1,62935140,0,0,0
62935313,5,-1,62935140,128036,127924,0
62935416,6,-1,62935140,0,0,0
62935544,15,0,2935157,0,0,0
62935682,18,0,2935157,0,0,0
62938167,19,0,2935157,0,0,0
62938290,24,0,2935157,0,0,0
62938374,1,0,2935157,1627998273,0,0
62938468,21,0,2935157,128036,127924,0
62938558,25,0,2935157,128036,127924,0
62938642,14,-1,2935157,0,0,0
62938723,13,-1,3035159,1,0,0
62938805,16,0,3035159,63035159,63135159,196355
62938919,17,0,3035159,0,0,0
62938994,20,0,3035159,128092,127924,0
63035142,4,-1,63035138,0,0,0
63035258,5,-1,63035138,128092,127924,0
63035374,6,-1,63035138,21,0,0
63035470,7,-1,63035138,128020,127924,0
63035579,8,-1,63035138,0,0,0
63035654,9,-1,63035138,1,0,0
63035733,11,-1,63035138,1,415,0
63035812,12,-1,63035138,0,0,0
63035940,15,0,3035159,0,0,0
63036090,18,0,3035159,0,0,0
63038511,19,0,3035159,0,0,0
63038685,24,0,3035159,0,0,0
63038775,1,0,3035159,135029208,0,0
63038882,21,0,3035159,127984,127924,0
63039004,25,0,3035159,127984,127924,0
63039094,14,-1,3035159,0,0,0
63039303,13,-1,3335157,1,0,0
63039400,16,0,3335157,63335157,63435157,395759
63039524,17,0,3335157,0,0,0
63039599,20,0,3335157,128020,127924,0
63135143,4,-1,63135138,0,0,0
63135266,5,-1,63135138,128020,127924,0
63135368,6,-1,63135138,1,0,0
63135464,7,-1,63135138,127964,127924,0
63135576,8,-1,63135138,0,0,0
63135650,9,-1,63135138,1,0,0
63135729,11,-1,63135138,1,415,0
63135812,12,-1,63135138,0,0,0
63235139,4,-1,63235136,0,0,0
63235238,5,-1,63235136,127928,127924,0
63235335,6,-1,63235136,4,0,0
63235427,7,-1,63235136,127884,127884,0
63235533,8,-1,63235136,0,0,0
63235612,2,0,63235,0,0,0
63235680,9,-1,63235136,0,1,0
63235758,12,-1,63235136,0,0,0
63335140,4,-1,63335136,0,0,0
63335251,5,-1,63335136,127884,127868,0
63335367,6,-1,63335136,7,0,0
63335488,7,-1,63335136,127840,127840,0
63335594,8,-1,63335136,0,0,0
63335668,9,-1,63335136,1,0,0
63335747,11,-1,63335136,1,416,0
63335826,12,-1,63335136,0,0,0
63335961,15,0,3335157,0,0,0
63336136,18,0,3335157,0,0,0
63338655,19,0,3335157,0,0,0
63338793,24,0,3335157,0,0,0
63338883,1,0,3335157,135029208,0,0
63338978,21,0,3335157,127804,127804,0
63339085,25,0,3335157,127804,127804,0
63339186,14,-1,3335157,0,0,0
63339272,13,-1,3435157,1,0,0
63339359,16,0,3435157,63435157,63535157,195799
63339477,17,0,3435157,0,0,0
63339550,20,0,3435157,127840,127804,0
63435145,4,-1,63435141,0,0,0
63435329,5,-1,63435141,127840,127804,0
63435449,6,-1,63435141,1,0,0
63435562,7,-1,63435141,127788,127788,0
63435686,8,-1,63435141,0,0,0
63435772,9,-1,63435141,1,0,0
63435853,11,-1,63435141,1,416,0
63435938,12,-1,63435141,0,0,0
63436096,15,0,3435157,0,0,0
63436264,18,0,3435157,0,0,0
63438861,19,0,3435157,0,0,0
63439007,24,0,3435157,0,0,0
63439098,1,0,3435157,3759616242,0,0
63439190,21,0,3435157,127752,127752,0
63439278,25,0,3435157,127752,127752,0
63439362,14,-1,3435157,0,0,0
63439445,13,-1,3535170,1,0,0
63439538,16,0,3535170,63535170,63635170,195634
63439652,17,0,3535170,0,0,0
63439726,20,0,3535170,127764,127752,0
63535144,4,-1,63535140,0,0,0
63535301,5,-1,63535140,127764,127752,0
63535406,6,-1,63535140,2,0,0
63535504,7,-1,63535140,127712,127712,0
63535664,8,-1,63535140,0,0,0
63535746,2,0,63535,0,0,0
63535827,9,-1,63535140,0,1,0
63535900,12,-1,63535140,0,0,0
63536062,15,0,3535170,0,0,0
63536213,18,0,3535170,0,0,0
63538744,19,0,3535170,0,0,0
63538872,24,0,3535170,0,0,0
63538955,1,0,3535170,2369819654,0,0
63539067,21,0,3535170,127712,127696,0
63539169,25,0,3535170,127712,127696,0
63539256,14,-1,3535170,0,0,0
63539415,13,-1,3735157,1,0,0
63539508,16,0,3735157,63735157,63835157,295651
63539623,17,0,3735157,0,0,0
63539700,20,0,3735157,127772,127696,0
63635138,4,-1,63635135,0,0,0
63635255,5,-1,63635135,127772,127696,0
63635352,6,-1,63635135,3,0,0
63635454,7,-1,63635135,127724,127696,0
63635575,8,-1,63635135,0,0,0
63635658,9,-1,63635135,1,0,0
63635738,11,-1,63635135,1,415,0
63635817,12,-1,63635135,0,0,0
63735134,4,-1,63735132,0,0,0
63735232,5,-1,63735132,127688,127688,0
63735362,6,-1,63735132,122,0,0
63735489,7,-1,63735132,127528,127528,0
63735593,8,-1,63735132,0,0,0
63735667,2,0,63735,0,0,0
63735735,9,-1,63735132,0,1,0
63735806,12,-1,63735132,0,0,0
63735929,15,0,3735157,0,0,0
63736090,18,0,3735157,0,0,0
63738567,19,0,3735157,0,0,0
63738703,24,0,3735157,0,0,0
63738783,1,0,3735157,4082432808,0,0
63738876,21,0,3735157,127528,127396,0
63738965,25,0,3735157,127528,127396,0
63739077,14,-1,3735157,0,0,0
63739174,13,-1,3835157,1,0,0
63739268,16,0,3835157,63835157,63935157,195891
63739379,17,0,3835157,0,0,0
63739454,20,0,3835157,127564,127396,0
63835137,4,-1,63835133,0,0,0
63835257,5,-1,63835133,127564,127396,0
63835390,6,-1,63835133,0,0,0
63835522,15,0,3835157,0,0,0
63835682,18,0,3835157,0,0,0
63838226,19,0,3835157,0,0,0
63838356,24,0,3835157,0,0,0
63838446,1,0,3835157,3759616242,0,0
63838539,21,0,3835157,127564,127396,0
63838627,25,0,3835157,127564,127396,0
63838713,14,-1,3835157,0,0,0
63838797,13,-1,4035157,1,0,0
63838882,16,0,4035157,64035157,64135157,296276
63839007,17,0,4035157,0,0,0
63839087,20,0,4035157,127600,127396,0
63935139,4,-1,63935131,0,0,0
63935250,5,-1,63935131,127600,127396,0
63935356,6,-1,63935131,48,0,0
63935459,7,-1,63935131,127520,127396,0
63935575,8,-1,63935131,0,0,0
63935650,9,-1,63935131,1,0,0
63935729,11,-1,63935131,1,414,0
63935808,12,-1,63935131,0,0,0
64035134,4,-1,64035131,0,0,0
64035234,5,-1,64035131,127484,127396,0
64035349,6,-1,64035131,2,0,0
64035479,7,-1,64035131,127432,127368,0
64035595,8,-1,64035131,0,0,0
64035683,9,-1,64035131,1,0,0
64035765,11,-1,64035131,1,415,0
64035846,12,-1,64035131,0,0,0
64036009,15,0,4035157,0,0,0
64036179,18,0,4035157,0,0,0
64038665,19,0,4035157,0,0,0
64038802,24,0,4035157,0,0,0
64038887,1,0,4035157,1931968563,0,0
64038988,21,0,4035157,127396,127368,0
64039077,25,0,4035157,127396,127368,0
64039166,14,-1,4035157,0,0,0
64039254,13,-1,4135157,1,0,0
64039338,16,0,4135157,64135157,64235157,195821
64039452,17,0,4135157,0,0,0
64039529,20,0,4135157,127412,127368,0
64135143,4,-1,64135138,0,0,0
64135316,5,-1,64135138,127412,127368,0
64135415,6,-1,64135138,5,0,0
64135518,7,-1,64135138,127368,127368,0
64135629,8,-1,64135138,0,0,0
64135703,9,-1,64135138,1,0,0
64135787,11,-1,64135138,1,415,0
64135871,12,-1,64135138,0,0,0
64136042,15,0,4135157,0,0,0
64136211,18,0,4135157,0,0,0
64138803,19,0,4135157,0,0,0
64138933,24,0,4135157,0,0,0
64139020,1,0,4135157,209147793,0,0
64139109,21,0,4135157,127332,127332,0
64139196,25,0,4135157,127332,127332,0
64139283,14,-1,4135157,0,0,0
64139364,13,-1,4235157,1,0,0
64139451,16,0,4235157,64235157,64335157,195708
64139565,17,0,4235157,0,0,0
64139638,20,0,4235157,127388,127332,0
64235137,4,-1,64235133,0,0,0
64235299,5,-1,64235133,127388,127332,0
64235402,6,-1,64235133,2,0,0
64235502,7,-1,64235133,127332,127332,0
64235635,8,-1,64235133,0,0,0
64235717,2,0,64235,0,0,0
64235786,9,-1,64235133,0,1,0
64235864,12,-1,64235133,0,0,0
64236021,15,0,4235157,0,0,0
64236178,18,0,4235157,0,0,0
64238706,19,0,4235157,0,0,0
64238849,24,0,4235157,0,0,0
64238943,1,0,4235157,2141082727,0,0
64239067,21,0,4235157,127332,127316,0
64239173,25,0,4235157,127332,127316,0
64239267,14,-1,4235157,0,0,0
64239350,13,-1,4335157,1,0,0
64239437,16,0,4335157,64335157,64435157,195721
64239550,17,0,4335157,0,0,0
64239623,20,0,4335157,127368,127316,0
64335139,4,-1,64335134,0,0,0
64335318,5,-1,64335134,127368,127316,0
64335441,6,-1,64335134,3,0,0
64335557,7,-1,64335134,127316,127316,0
64335676,8,-1,64335134,0,0,0
64335758,9,-1,64335134,1,0,0
64335843,11,-1,64335134,1,414,0
64335928,12,-1,64335134,0,0,0
64336090,15,0,4335157,0,0,0
64336260,18,0,4335157,0,0,0
64338819,19,0,4335157,0,0,0
64338977,24,0,4335157,0,0,0
64339068,1,0,4335157,1383562218,0,0
64339180,21,0,4335157,127280,127280,0
64339270,25,0,4335157,127280,127280,0
64339355,14,-1,4335157,0,0,0
64339436,13,-1,4435158,1,0,0
64339523,16,0,4435158,64435158,64535158,195637
64339633,17,0,4435158,0,0,0
64339706,20,0,4435158,127296,127280,0
64435134,4,-1,64435130,0,0,0
64435290,5,-1,64435130,127296,127280,0
64435410,6,-1,64435130,1,0,0
64435517,7,-1,64435130,127252,127252,0
64435635,8,-1,64435130,0,0,0
64435710,2,0,64435,0,0,0
64435777,9,-1,64435130,0,1,0
64435855,12,-1,64435130,0,0,0
64436011,15,0,4435158,0,0,0
64436183,18,0,4435158,0,0,0
64438720,19,0,4435158,0,0,0
64438846,24,0,4435158,0,0,0
64438932,1,0,4435158,3051539353,0,0
64439026,21,0,4435158,127252,127236,0
64439114,25,0,4435158,127252,127236,0
64439203,14,-1,4435158,0,0,0
64439286,13,-1,4535158,1,0,0
64439374,16,0,4535158,64535158,64635158,195786
64439489,17,0,4535158,0,0,0
64439563,20,0,4535158,127308,127236,0
64535130,4,-1,64535127,0,0,0
64535256,5,-1,64535127,127308,127236,0
64535373,6,-1,64535127,1,0,0
64535471,7,-1,64535127,127252,127236,0
64535585,8,-1,64535127,0,0,0
64535662,9,-1,64535127,1,0,0
64535756,11,-1,64535127,1,413,0
64535848,12,-1,64535127,0,0,0
64536000,15,0,4535158,0,0,0
64536146,18,0,4535158,0,0,0
64538678,19,0,4535158,0,0,0
64538814,24,0,4535158,0,0,0
64538903,1,0,4535158,269250160,0,0
64538996,21,0,4535158,127216,127216,0
64539088,25,0,4535158,127216,127216,0
64539177,14,-1,4535158,0,0,0
64539260,13,-1,4635162,1,0,0
64539348,16,0,4635162,64635162,64735162,195816
64539458,17,0,4635162,0,0,0
64539534,20,0,4635162,127252,127216,0
64635130,4,-1,64635126,0,0,0
64635254,5,-1,64635126,127252,127216,0
64635387,6,-1,64635126,3,0,0
64635490,7,-1,64635126,127200,127200,0
64635610,8,-1,64635126,0,0,0
64635694,2,0,64635,0,0,0
64635770,9,-1,64635126,0,1,0
64635850,12,-1,64635126,0,0,0
64636002,15,0,4635162,0,0,0
64636146,18,0,4635162,0,0,0
64638642,19,0,4635162,0,0,0
64638779,24,0,4635162,0,0,0
64638867,1,0,4635162,135029208,0,0
64638961,21,0,4635162,127200,127184,0
64639074,25,0,4635162,127200,127184,0
64639176,14,-1,4635162,0,0,0
64639261,13,-1,4735162,1,0,0
64639351,16,0,4735162,64735162,64835162,195813
64639463,17,0,4735162,0,0,0
64639538,20,0,4735162,127236,127184,0
64735128,4,-1,64735124,0,0,0
64735241,5,-1,64735124,127236,127184,0
64735360,6,-1,64735124,10,0,0
64735479,7,-1,64735124,127184,127184,0
64735594,8,-1,64735124,0,0,0
64735668,9,-1,64735124,1,0,0
64735750,11,-1,64735124,1,412,0
64735829,12,-1,64735124,0,0,0
64735954,15,0,4735162,0,0,0
64736091,18,0,4735162,0,0,0
64738555,19,0,4735162,0,0,0
64738687,24,0,4735162,0,0,0
64738771,1,0,4735162,135029208,0,0
64738859,21,0,4735162,127148,127148,0
64738951,25,0,4735162,127148,127148,0
64739055,14,-1,4735162,0,0,0
64739153,13,-1,4935157,1,0,0
64739268,16,0,4935157,64935157,65035157,295891
64739380,17,0,4935157,0,0,0
64739454,20,0,4935157,127148,127096,0
64835124,4,-1,64835121,0,0,0
64835235,5,-1,64835121,127148,127096,0
64835336,6,-1,64835121,4,0,0
64835440,7,-1,64835121,127096,127096,0
64835554,8,-1,64835121,0,0,0
64835638,2,0,64835,0,0,0
64835705,9,-1,64835121,0,1,0
64835778,12,-1,64835121,0,0,0
64935131,4,-1,64935126,0,0,0
64935294,5,-1,64935126,127096,127080,0
64935400,6,-1,64935126,25,0,0
64935518,7,-1,64935126,127036,127036,0
64935641,8,-1,64935126,0,0,0
64935718,9,-1,64935126,1,0,0
64935801,11,-1,64935126,1,412,0
64935882,12,-1,64935126,0,0,0
64936055,15,0,4935157,0,0,0
64936236,18,0,4935157,0,0,0
64938837,19,0,4935157,0,0,0
64938972,24,0,4935157,0,0,0
64939055,1,0,4935157,511944837,0,0
64939147,21,0,4935157,127000,127000,0
64939235,25,0,4935157,127000,127000,0
64939320,14,-1,4935157,0,0,0
64939405,13,-1,5035157,1,0,0
64939495,16,0,5035157,65035157,65135157,195664
64939608,17,0,5035157,0,0,0
64939683,20,0,5035157,127072,127000,0
65035134,4,-1,65035129,0,0,0
65035335,5,-1,65035129,127072,127000,0
65035438,6,-1,65035129,15,0,0
65035545,7,-1,65035129,127024,127000,0
65035716,8,-1,65035129,0,0,0
65035804,9,-1,65035129,1,0,0
65035901,11,-1,65035129,1,412,0
65036000,12,-1,65035129,0,0,0
65036177,15,0,5035157,0,0,0
65036336,18,0,5035157,0,0,0
65038952,19,0,5035157,0,0,0
65039136,24,0,5035157,0,0,0
65039228,1,0,5035157,2189297013,0,0
65039318,21,0,5035157,126988,126988,0
65039404,25,0,5035157,126988,126988,0
65039488,14,-1,5035157,0,0,0
65039572,13,-1,5135157,1,0,0
65039660,16,0,5135157,65135157,65235157,195499
65039772,17,0,5135157,0,0,0
65039845,20,0,5135157,127024,126988,0
65135139,4,-1,65135134,0,0,0
65135334,5,-1,65135134,127024,126988,0
65135437,6,-1,65135134,8,0,0
65135540,7,-1,65135134,126964,126964,0
65135662,8,-1,65135134,0,0,0
65135751,9,-1,65135134,1,0,0
65135837,11,-1,65135134,1,412,0
65135926,12,-1,65135134,0,0,0
65136096,15,0,5135157,0,0,0
65136330,18,0,5135157,0,0,0
65139047,19,0,5135157,0,0,0
65139199,24,0,5135157,0,0,0
65139291,1,0,5135157,135029208,0,0
65139381,21,0,5135157,126928,126928,0
65139469,25,0,5135157,126928,126928,0
65139553,14,-1,5135157,0,0,0
65139637,13,-1,5335158,1,0,0
65139727,16,0,5335158,65335158,65435158,295433
65139842,17,0,5335158,0,0,0
65139926,20,0,5335158,126964,126928,0
65235134,4,-1,65235129,0,0,0
65235322,5,-1,65235129,126964,126928,0
65235423,6,-1,65235129,6,0,0
65235525,7,-1,65235129,126912,126912,0
65235637,8,-1,65235129,0,0,0
65235712,2,0,65235,0,0,0
65235780,9,-1,65235129,0,1,0
65235853,12,-1,65235129,0,0,0
65335130,4,-1,65335125,0,0,0
65335304,5,-1,65335125,126912,126896,0
65335419,6,-1,65335125,7,0,0
65335528,7,-1,65335125,126868,126868,0
65335663,8,-1,65335125,0,0,0
65335746,9,-1,65335125,1,0,0
65335839,11,-1,65335125,1,412,0
65335942,12,-1,65335125,0,0,0
65336139,15,0,5335158,0,0,0
65336339,18,0,5335158,0,0,0
65339042,19,0,5335158,0,0,0
65339221,24,0,5335158,0,0,0
65339324,1,0,5335158,3759616242,0,0
65339421,21,0,5335158,126832,126832,0
65339511,25,0,5335158,126832,126832,0
65339598,14,-1,5335158,0,0,0
65339688,13,-1,5535166,1,0,0
65339779,16,0,5535166,65535166,65635166,295389
65339900,17,0,5535166,0,0,0
65339993,20,0,5535166,126848,126832,0
65435131,4,-1,65435125,0,0,0
65435305,5,-1,65435125,126848,126832,0
65435415,6,-1,65435125,2,0,0
65435518,7,-1,65435125,126804,126804,0
65435644,8,-1,65435125,0,0,0
65435720,9,-1,65435125,1,0,0
65435804,11,-1,65435125,1,412,0
65435887,12,-1,65435125,0,0,0
65535129,4,-1,65535124,0,0,0
65535300,5,-1,65535124,126768,126768,0
65535403,6,-1,65535124,7,0,0
65535523,7,-1,65535124,126724,126724,0
65535647,8,-1,65535124,0,0,0
65535723,2,0,65535,0,0,0
65535793,9,-1,65535124,0,1,0
65535866,12,-1,65535124,0,0,0
65536041,15,0,5535166,0,0,0
65536209,18,0,5535166,0,0,0
65538874,19,0,5535166,0,0,0
65539028,24,0,5535166,0,0,0
65539185,1,0,5535166,3722926403,0,0
65539295,21,0,5535166,126724,126708,0
65539386,25,0,5535166,126724,126708,0
65539472,14,-1,5535166,0,0,0
65539558,13,-1,5735162,1,0,0
65539648,16,0,5735162,65735162,65835162,295516
65539763,17,0,5735162,0,0,0
65539838,20,0,5735162,126780,126708,0
65635131,4,-1,65635126,0,0,0
65635309,5,-1,65635126,126780,126708,0
65635425,6,-1,65635126,2,0,0
65635546,7,-1,65635126,126724,126708,0
65635675,8,-1,65635126,0,0,0
65635761,9,-1,65635126,1,0,0
65635844,11,-1,65635126,1,412,0
65635943,12,-1,65635126,0,0,0
65735127,4,-1,65735122,0,0,0
65735307,5,-1,65735122,126688,126688,0
65735443,6,-1,65735122,3,0,0
65735544,7,-1,65735122,126644,126644,0
65735655,8,-1,65735122,0,0,0
65735731,2,0,65735,0,0,0
65735808,9,-1,65735122,0,1,0
65735881,12,-1,65735122,0,0,0
65736049,15,0,5735162,0,0,0
65736226,18,0,5735162,0,0,0
65738825,19,0,5735162,0,0,0
65738973,24,0,5735162,0,0,0
65739067,1,0,5735162,135029208,0,0
65739175,21,0,5735162,126644,126628,0
65739270,25,0,5735162,126644,126628,0
65739363,14,-1,5735162,0,0,0
65739449,13,-1,5835162,1,0,0
65739539,16,0,5835162,65835162,65935162,195625
65739652,17,0,5835162,0,0,0
65739727,20,0,5835162,126660,126628,0
65835128,4,-1,65835124,0,0,0
65835316,5,-1,65835124,126660,126628,0
65835422,6,-1,65835124,10,0,0
65835549,7,-1,65835124,126616,126616,0
65835680,8,-1,65835124,0,0,0
65835756,9,-1,65835124,1,0,0
65835837,11,-1,65835124,1,412,0
65835928,12,-1,65835124,0,0,0
65836086,15,0,5835162,0,0,0
65836261,18,0,5835162,0,0,0
65838857,19,0,5835162,0,0,0
65839017,24,0,5835162,0,0,0
65839121,1,0,5835162,544046521,0,0
65839215,21,0,5835162,126580,126580,0
65839304,25,0,5835162,126580,126580,0
65839390,14,-1,5835162,0,0,0
65839475,13,-1,5935163,1,0,0
65839567,16,0,5935163,65935163,66035163,195598
65839685,17,0,5935163,0,0,0
65839758,20,0,5935163,126636,126580,0
65935126,4,-1,65935122,0,0,0
65935310,5,-1,65935122,126636,126580,0
65935412,6,-1,65935122,2,0,0
65935512,7,-1,65935122,126580,126580,0
65935629,8,-1,65935122,0,0,0
65935707,2,0,65935,0,0,0
65935776,9,-1,65935122,0,1,0
65935854,12,-1,65935122,0,0,0
65936025,15,0,5935163,0,0,0
65936195,18,0,5935163,0,0,0
65938780,19,0,5935163,0,0,0
65938923,24,0,5935163,0,0,0
65939033,1,0,5935163,2937934990,0,0
65939103,21,0,5935163,126580,126564,0
65939261,25,0,5935163,126580,126564,0
65939349,14,-1,5935163,0,0,0
65939434,13,-1,6135161,1,0,0
65939530,16,0,6135161,66135161,66235161,295633
65939644,17,0,6135161,0,0,0
65939720,20,0,6135161,126616,126564,0
66035126,4,-1,66035121,0,0,0
66035303,5,-1,66035121,126616,126564,0
66035411,6,-1,66035121,7,0,0
66035525,7,-1,66035121,126564,126564,0
66035638,8,-1,66035121,0,0,0
66035715,9,-1,66035121,1,0,0
66035824,11,-1,66035121,1,411,0
66035913,12,-1,66035121,0,0,0
66135124,4,-1,66135119,0,0,0
66135275,5,-1,66135119,126528,126528,0
66135409,6,-1,66135119,17,0,0
66135521,7,-1,66135119,126476,126476,0
66135638,8,-1,66135119,0,0,0
66135722,2,0,66135,0,0,0
66135792,9,-1,66135119,0,1,0
66135870,12,-1,66135119,0,0,0
66136040,15,0,6135161,0,0,0
66136220,18,0,6135161,0,0,0
66138903,19,0,6135161,0,0,0
66139084,24,0,6135161,0,0,0
66139192,1,0,6135161,3831667688,0,0
66139287,21,0,6135161,126476,126452,0
66139378,25,0,6135161,126476,126452,0
66139464,14,-1,6135161,0,0,0
66139550,13,-1,6335157,1,0,0
66139643,16,0,6335157,66335157,66435157,295516
66139776,17,0,6335157,0,0,0
66139868,20,0,6335157,126512,126452,0
66235127,4,-1,66235122,0,0,0
66235311,5,-1,66235122,126512,126452,0
66235422,6,-1,66235122,4,0,0
66235539,7,-1,66235122,126460,126452,0
66235662,8,-1,66235122,0,0,0
66235747,9,-1,66235122,1,0,0
66235830,11,-1,66235122,1,411,0
66235920,12,-1,66235122,0,0,0
66335121,4,-1,66335117,0,0,0
66335264,5,-1,66335117,126424,126424,0
66335387,6,-1,66335117,5,0,0
66335502,7,-1,66335117,126380,126380,0
66335632,8,-1,66335117,0,0,0
66335709,2,0,66335,0,0,0
66335779,9,-1,66335117,0,1,0
66335853,12,-1,66335117,0,0,0
66336028,15,0,6335157,0,0,0
66336203,18,0,6335157,0,0,0
66338828,19,0,6335157,0,0,0
66338967,24,0,6335157,0,0,0
66339057,1,0,6335157,135029208,0,0
66339150,21,0,6335157,126380,126364,0
66339241,25,0,6335157,126380,126364,0
66339326,14,-1,6335157,0,0,0
66339410,13,-1,6435157,1,0,0
66339497,16,0,6435157,66435157,66535157,195662
66339609,17,0,6435157,0,0,0
66339682,20,0,6435157,126416,126364,0
66435123,4,-1,66435118,0,0,0
66435317,5,-1,66435118,126416,126364,0
66435432,6,-1,66435118,71,0,0
66435560,7,-1,66435118,126304,126304,0
66435699,8,-1,66435118,0,0,0
66435792,9,-1,66435118,1,0,0
66435877,11,-1,66435118,1,411,0
66435995,12,-1,66435118,0,0,0
66436162,15,0,6435157,0,0,0
66436327,18,0,6435157,0,0,0
66438941,19,0,6435157,0,0,0
66439100,24,0,6435157,0,0,0
66439200,1,0,6435157,168584446,0,0
66439295,21,0,6435157,126268,126228,0
66439386,25,0,6435157,126268,126228,0
66439470,14,-1,6435157,0,0,0
66439553,13,-1,6535158,1,0,0
66439643,16,0,6535158,66535158,66635158,195517
66439760,17,0,6535158,0,0,0
66439833,20,0,6535158,126268,126216,0
66535123,4,-1,66535118,0,0,0
66535314,5,-1,66535118,126268,126216,0
66535431,6,-1,66535118,0,0,0
66535579,15,0,6535158,0,0,0
66535733,18,0,6535158,0,0,0
66538373,19,0,6535158,0,0,0
66538520,24,0,6535158,0,0,0
66538607,1,0,6535158,1918834346,0,0
66538712,21,0,6535158,126268,126216,0
66538800,25,0,6535158,126268,126216,0
66538887,14,-1,6535158,0,0,0
66538970,13,-1,6635158,1,0,0
66539058,16,0,6635158,66635158,66735158,196102
66539171,17,0,6635158,0,0,0
66539250,20,0,6635158,126336,126216,0
66635122,4,-1,66635116,0,0,0
66635300,5,-1,66635116,126336,126216,0
66635407,6,-1,66635116,1,0,0
66635521,7,-1,66635116,126284,126216,0
66635642,8,-1,66635116,0,0,0
66635723,9,-1,66635116,1,0,0
66635807,11,-1,66635116,1,410,0
66635892,12,-1,66635116,0,0,0
66636084,15,0,6635158,0,0,0
66636283,18,0,6635158,0,0,0
66638899,19,0,6635158,0,0,0
66639052,24,0,6635158,0,0,0
66639152,1,0,6635158,1118347073,0,0
66639250,21,0,6635158,126248,126216,0
66639338,25,0,6635158,126248,126216,0
66639422,14,-1,6635158,0,0,0
66639505,13,-1,6735158,1,0,0
66639592,16,0,6735158,66735158,66835158,195568
66639703,17,0,6735158,0,0,0
66639776,20,0,6735158,126288,126216,0
66735119,4,-1,66735114,0,0,0
66735302,5,-1,66735114,126288,126216,0
66735407,6,-1,66735114,1,0,0
66735513,7,-1,66735114,126232,126216,0
66735636,8,-1,66735114,0,0,0
66735735,2,0,66735,0,0,0
66735805,9,-1,66735114,0,1,0
66735891,12,-1,66735114,0,0,0
66736051,15,0,6735158,0,0,0
66736222,18,0,6735158,0,0,0
66738806,19,0,6735158,0,0,0
66738957,24,0,6735158,0,0,0
66739060,1,0,6735158,135029208,0,0
66739176,21,0,6735158,126232,126216,0
66739275,25,0,6735158,126232,126216,0
66739368,14,-1,6735158,0,0,0
66739451,13,-1,6835158,1,0,0
66739539,16,0,6835158,66835158,66935158,195621
66739655,17,0,6835158,0,0,0
66739728,20,0,6835158,126268,126216,0
66835118,4,-1,66835114,0,0,0
66835328,5,-1,66835114,126268,126216,0
66835435,6,-1,66835114,16,0,0
66835546,7,-1,66835114,126212,126212,0
66835662,8,-1,66835114,0,0,0
66835744,9,-1,66835114,1,0,0
66835826,11,-1,66835114,1,409,0
66835916,12,-1,66835114,0,0,0
66836084,15,0,6835158,0,0,0
66836265,18,0,6835158,0,0,0
66838837,19,0,6835158,0,0,0
66838986,24,0,6835158,0,0,0
66839110,1,0,6835158,3831667688,0,0
66839224,21,0,6835158,126176,126176,0
66839320,25,0,6835158,126176,126176,0
66839404,14,-1,6835158,0,0,0
66839487,13,-1,7035163,1,0,0
66839574,16,0,7035163,67035163,67135163,295591
66839686,17,0,7035163,0,0,0
66839763,20,0,7035163,126212,126176,0
66935117,4,-1,66935113,0,0,0
66935270,5,-1,66935113,126212,126176,0
66935375,6,-1,66935113,10,0,0
66935486,7,-1,66935113,126160,126160,0
66935609,8,-1,66935113,0,0,0
66935695,2,0,66935,0,0,0
66935764,9,-1,66935113,0,1,0
66935836,12,-1,66935113,0,0,0
67035115,4,-1,67035110,0,0,0
67035248,5,-1,67035110,126160,126144,0
67035372,6,-1,67035110,1,0,0
67035476,7,-1,67035110,126116,126116,0
67035590,8,-1,67035110,0,0,0
67035664,9,-1,67035110,1,0,0
67035750,11,-1,67035110,1,409,0
67035832,12,-1,67035110,0,0,0
67036910,15,0,7035163,0,0,0
67037104,18,0,7035163,0,0,0
67039658,19,0,7035163,0,0,0
67039843,24,0,7035163,0,0,0
67039936,1,0,7035163,3280085357,0,0
67040048,21,0,7035163,126080,126080,0
67040157,25,0,7035163,126080,126080,0
67040251,14,-1,7035163,0,0,0
67040335,13,-1,7235161,1,0,0
67040426,16,0,7235161,67235161,67335161,294737
67040545,17,0,7235161,0,0,0
67040618,20,0,7235161,126084,126032,0
67135117,4,-1,67135112,0,0,0
67135279,5,-1,67135112,126084,126032,0
67135380,6,-1,67135112,1,0,0
67135485,7,-1,67135112,126032,126032,0
67135603,8,-1,67135112,0,0,0
67135691,9,-1,67135112,1,0,0
67135774,11,-1,67135112,1,409,0
67135858,12,-1,67135112,0,0,0
67235113,4,-1,67235109,0,0,0
67235246,5,-1,67235109,125996,125996,0
67235365,6,-1,67235109,18,0,0
67235469,7,-1,67235109,125944,125944,0
67235582,8,-1,67235109,0,0,0
67235667,2,0,67235,0,0,0
67235741,9,-1,67235109,0,1,0
67235818,12,-1,67235109,0,0,0
67235990,15,0,7235161,0,0,0
67236161,18,0,7235161,0,0,0
67238741,19,0,7235161,0,0,0
67238872,24,0,7235161,0,0,0
67238962,1,0,7235161,804263289,0,0
67239055,21,0,7235161,125944,125920,0
67239151,25,0,7235161,125944,125920,0
67239238,14,-1,7235161,0,0,0
67239322,13,-1,7435158,1,0,0
67239410,16,0,7435158,67435158,67535158,295750
67239522,17,0,7435158,0,0,0
67239596,20,0,7435158,126012,125920,0
67335114,4,-1,67335110,0,0,0
67335275,5,-1,67335110,126012,125920,0
67335373,6,-1,67335110,12,0,0
67335480,7,-1,67335110,125964,125920,0
67335591,8,-1,67335110,0,0,0
67335672,9,-1,67335110,1,0,0
67335757,11,-1,67335110,1,409,0
67335836,12,-1,67335110,0,0,0
67435111,4,-1,67435107,0,0,0
67435238,5,-1,67435107,125928,125920,0
67435356,6,-1,67435107,13,0,0
67435461,7,-1,67435107,125880,125880,0
67435567,8,-1,67435107,0,0,0
67435641,2,0,67435,0,0,0
67435710,9,-1,67435107,0,1,0
67435786,12,-1,67435107,0,0,0
67435929,15,0,7435158,0,0,0
67436112,18,0,7435158,0,0,0
67438706,19,0,7435158,0,0,0
67438837,24,0,7435158,0,0,0
67438924,1,0,7435158,1279829992,0,0
67439044,21,0,7435158,125880,125860,0
67439153,25,0,7435158,125880,125860,0
67439240,14,-1,7435158,0,0,0
67439324,13,-1,7635163,1,0,0
67439411,16,0,7635163,67635163,67735163,295754
67439523,17,0,7635163,0,0,0
67439596,20,0,7635163,125916,125860,0
67535113,4,-1,67535109,0,0,0
67535266,5,-1,67535109,125916,125860,0
67535362,6,-1,67535109,0,0,0
67635111,4,-1,67635107,0,0,0
67635301,5,-1,67635107,125916,125860,0
67635399,6,-1,67635107,0,0,0
67635537,15,0,7635163,0,0,0
67635701,18,0,7635163,0,0,0
67638354,19,0,7635163,0,0,0
67639913,24,0,7635163,0,0,0
67640021,1,0,7635163,168584446,0,0
67640133,21,0,7635163,125916,125860,0
67640225,25,0,7635163,125916,125860,0
67640310,14,-1,7635163,0,0,0
67640391,13,-1,7835160,1,0,0
67640480,16,0,7835160,67835160,67935160,294682
67640592,17,0,7835160,0,0,0
67640665,20,0,7835160,125804,125716,0
67735112,4,-1,67735107,0,0,0
67735265,5,-1,67735107,125804,125716,0
67735373,6,-1,67735107,12,0,0
67735497,7,-1,67735107,125752,125716,0
67735639,8,-1,67735107,0,0,0
67735734,9,-1,67735107,1,0,0
67735819,11,-1,67735107,1,408,0
67735907,12,-1,67735107,0,0,0
67835111,4,-1,67835106,0,0,0
67835253,5,-1,67835106,125716,125716,0
67835396,6,-1,67835106,22,0,0
67835509,7,-1,67835106,125660,125660,0
67835618,8,-1,67835106,0,0,0
67835700,2,0,67835,0,0,0
67835768,9,-1,67835106,0,1,0
67835840,12,-1,67835106,0,0,0
67836006,15,0,7835160,0,0,0
67836181,18,0,7835160,0,0,0
67836664,19,0,7835160,0,0,0
67836816,24,0,7835160,0,0,0
67836906,1,0,7835160,3978756697,0,0
67837028,21,0,7835160,125660,125632,0
67837154,25,0,7835160,125660,125632,0
67837252,14,-1,7835160,0,0,0
67837339,13,-1,8035158,1,0,0
67837435,16,0,8035158,68035158,68135158,297725
67837550,17,0,8035158,0,0,0
67837624,20,0,8035158,125844,125632,0
67935112,4,-1,67935107,0,0,0
67935266,5,-1,67935107,125844,125632,0
67935372,6,-1,67935107,38,0,0
67935508,7,-1,67935107,125772,125632,0
67935631,8,-1,67935107,0,0,0
67935710,9,-1,67935107,1,0,0
67935793,11,-1,67935107,1,408,0
67935877,12,-1,67935107,0,0,0
68035108,4,-1,68035104,0,0,0
68035233,5,-1,68035104,125736,125632,0
68035353,6,-1,68035104,1,0,0
68035484,7,-1,68035104,125688,125632,0
68035603,8,-1,68035104,0,0,0
68035681,2,0,68035,0,0,0
68035754,9,-1,68035104,0,1,0
68035827,12,-1,68035104,0,0,0
68035993,15,0,8035158,0,0,0
68036168,18,0,8035158,0,0,0
68038779,19,0,8035158,0,0,0
68038913,24,0,8035158,0,0,0
68039018,1,0,8035158,3381642810,0,0
68039149,21,0,8035158,125688,125632,0
68039246,25,0,8035158,125688,125632,0
68039330,14,-1,8035158,0,0,0
68039414,13,-1,8135163,1,0,0
68039501,16,0,8135163,68135163,68235163,195664
68039612,17,0,8135163,0,0,0
68039685,20,0,8135163,125724,125632,0
68135111,4,-1,68135106,0,0,0
68135255,5,-1,68135106,125724,125632,0
68135374,6,-1,68135106,0,0,0
68135516,15,0,8135163,0,0,0
68135670,18,0,8135163,0,0,0
68138283,19,0,8135163,0,0,0
68138425,24,0,8135163,0,0,0
68138531,1,0,8135163,168584446,0,0
68138622,21,0,8135163,125724,125632,0
68138711,25,0,8135163,125724,125632,0
68138800,14,-1,8135163,0,0,0
68138887,13,-1,8635157,1,0,0
68138979,16,0,8635157,68635157,68735157,596180
68139100,17,0,8635157,0,0,0
68139174,20,0,8635157,125760,125632,0
68235117,4,-1,68235112,0,0,0
68235280,5,-1,68235112,125760,125632,0
68235396,6,-1,68235112,1,0,0
68235502,7,-1,68235112,125708,125632,0
68235618,8,-1,68235112,0,0,0
68235695,9,-1,68235112,1,0,0
68235780,11,-1,68235112,1,407,0
68235866,12,-1,68235112,0,0,0
68335108,4,-1,68335103,0,0,0
68335246,5,-1,68335103,125672,125632,0
68335348,6,-1,68335103,62,0,0
68335449,7,-1,68335103,125576,125556,0
68335558,8,-1,68335103,0,0,0
68335638,2,0,68335,0,0,0
68335708,9,-1,68335103,0,1,0
68335781,12,-1,68335103,0,0,0
68435107,4,-1,68435103,0,0,0
68435243,5,-1,68435103,125576,125488,0
68435345,6,-1,68435103,4,0,0
68435463,7,-1,68435103,125528,125488,0
68435598,8,-1,68435103,0,0,0
68435693,9,-1,68435103,1,0,0
68435779,11,-1,68435103,1,408,0
68435863,12,-1,68435103,0,0,0
68535109,4,-1,68535104,0,0,0
68535243,5,-1,68535104,125492,125488,0
68535349,6,-1,68535104,10,0,0
68535459,7,-1,68535104,125448,125448,0
68535581,8,-1,68535104,0,0,0
68535656,9,-1,68535104,1,0,0
68535741,11,-1,68535104,1,409,0
68535820,12,-1,68535104,0,0,0
68635108,4,-1,68635103,0,0,0
68635241,5,-1,68635103,125412,125412,0
68635363,6,-1,68635103,1,0,0
68635469,7,-1,68635103,125368,125368,0
68635576,8,-1,68635103,0,0,0
68635650,2,0,68635,0,0,0
68635719,9,-1,68635103,0,1,0
68635796,12,-1,68635103,0,0,0
68635964,15,0,8635157,0,0,0
68636131,18,0,8635157,0,0,0
68638756,19,0,8635157,0,0,0
68638892,24,0,8635157,0,0,0
68638980,1,0,8635157,3759616242,0,0
68639076,21,0,8635157,125368,125352,0
68639170,25,0,8635157,125368,125352,0
68639259,14,-1,8635157,0,0,0
68639343,13,-1,8735157,1,0,0
68639431,16,0,8735157,68735157,68835157,195728
68639542,17,0,8735157,0,0,0
68639615,20,0,8735157,125384,125352,0
68735109,4,-1,68735105,0,0,0
68735287,5,-1,68735105,125384,125352,0
68735392,6,-1,68735105,16,0,0
68735498,7,-1,68735105,125336,125320,0
68735609,8,-1,68735105,0,0,0
68735691,9,-1,68735105,1,0,0
68735776,11,-1,68735105,1,409,0
68735856,12,-1,68735105,0,0,0
68736022,15,0,8735157,0,0,0
68736196,18,0,8735157,0,0,0
68738777,19,0,8735157,0,0,0
68738925,24,0,8735157,0,0,0
68739029,1,0,8735157,3957350087,0,0
68739136,21,0,8735157,125300,125284,0
68739226,25,0,8735157,125300,125284,0
68739312,14,-1,8735157,0,0,0
68739397,13,-1,8835158,1,0,0
68739487,16,0,8835158,68835158,68935158,195673
68739600,17,0,8835158,0,0,0
68739674,20,0,8835158,125356,125284,0
68835107,4,-1,68835102,0,0,0
68835261,5,-1,68835102,125356,125284,0
68835388,6,-1,68835102,12,0,0
68835493,7,-1,68835102,125304,125284,0
68835608,8,-1,68835102,0,0,0
68835683,2,0,68835,0,0,0
68835752,9,-1,68835102,0,1,0
68835830,12,-1,68835102,0,0,0
68835996,15,0,8835158,0,0,0
68836160,18,0,8835158,0,0,0
68838722,19,0,8835158,0,0,0
68838861,24,0,8835158,0,0,0
68838953,1,0,8835158,3454373319,0,0
68839047,21,0,8835158,125304,125284,0
68839136,25,0,8835158,125304,125284,0
68839225,14,-1,8835158,0,0,0
68839308,13,-1,9035157,1,0,0
68839395,16,0,9035157,69035157,69135157,295764
68839507,17,0,9035157,0,0,0
68839580,20,0,9035157,125340,125284,0
68935106,4,-1,68935101,0,0,0
68935261,5,-1,68935101,125340,125284,0
68935361,6,-1,68935101,0,0,0
69035103,4,-1,69035100,0,0,0
69035253,5,-1,69035100,125340,125284,0
69035398,6,-1,69035100,1,0,0
69035520,7,-1,69035100,125284,125284,0
69035651,8,-1,69035100,0,0,0
69035745,9,-1,69035100,1,0,0
69035827,11,-1,69035100,1,408,0
69035911,12,-1,69035100,0,0,0
69036068,15,0,9035157,0,0,0
69036237,18,0,9035157,0,0,0
69038844,19,0,9035157,0,0,0
69039000,24,0,9035157,0,0,0
69039107,1,0,9035157,3324668396,0,0
69039207,21,0,9035157,125248,125248,0
69039297,25,0,9035157,125248,125248,0
69039382,14,-1,9035157,0,0,0
69039467,13,-1,9135157,1,0,0
69039557,16,0,9135157,69135157,69235157,195602
69039674,17,0,9135157,0,0,0
69039746,20,0,9135157,125284,125248,0
69135104,4,-1,69135100,0,0,0
69135289,5,-1,69135100,125284,125248,0
69135407,6,-1,69135100,0,0,0
69135564,15,0,9135157,0,0,0
69135719,18,0,9135157,0,0,0
69138384,19,0,9135157,0,0,0
69138521,24,0,9135157,0,0,0
69138606,1,0,9135157,3759616242,0,0
69138714,21,0,9135157,125284,125248,0
69138804,25,0,9135157,125284,125248,0
69138893,14,-1,9135157,0,0,0
69138980,13,-1,9235163,1,0,0
69139070,16,0,9235163,69235163,69335163,196095
69139184,17,0,9235163,0,0,0
69139259,20,0,9235163,125252,125164,0
69235106,4,-1,69235100,0,0,0
69235263,5,-1,69235100,125252,125164,0
69235390,6,-1,69235100,6,0,0
69235500,7,-1,69235100,125200,125164,0
69235610,8,-1,69235100,0,0,0
69235685,9,-1,69235100,1,0,0
69235770,11,-1,69235100,1,407,0
69235851,12,-1,69235100,0,0,0
69239003,15,0,9235163,0,0,0
69239175,18,0,9235163,0,0,0
69239612,19,0,9235163,0,0,0
69239743,24,0,9235163,0,0,0
69239824,1,0,9235163,2761477625,0,0
69239921,21,0,9235163,125164,125164,0
69240045,25,0,9235163,125164,125164,0
69240153,14,-1,9235163,0,0,0
69240244,13,-1,9335163,1,0,0
69240335,16,0,9335163,69335163,69435163,194830
69240449,17,0,9335163,0,0,0
69240524,20,0,9335163,125264,125164,0
69335103,4,-1,69335098,0,0,0
69335292,5,-1,69335098,125264,125164,0
69335409,6,-1,69335098,0,0,0
69335576,15,0,9335163,0,0,0
69335733,18,0,9335163,0,0,0
69338358,19,0,9335163,0,0,0
69338500,24,0,9335163,0,0,0
69338587,1,0,9335163,3475216822,0,0
69338683,21,0,9335163,125264,125164,0
69338778,25,0,9335163,125264,125164,0
69338874,14,-1,9335163,0,0,0
69338978,13,-1,9535158,1,0,0
69339066,16,0,9535158,69535158,69635158,296093
69339184,17,0,9535158,0,0,0
69339257,20,0,9535158,125304,125164,0
69435104,4,-1,69435099,0,0,0
69435265,5,-1,69435099,125304,125164,0
69435376,6,-1,69435099,16,0,0
69435482,7,-1,69435099,125248,125164,0
69435601,8,-1,69435099,0,0,0
69435694,9,-1,69435099,1,0,0
69435791,11,-1,69435099,1,406,0
69435877,12,-1,69435099,0,0,0
69535100,4,-1,69535096,0,0,0
69535234,5,-1,69535096,125212,125164,0
69535362,6,-1,69535096,43,0,0
69535474,7,-1,69535096,125136,125136,0
69535602,8,-1,69535096,0,0,0
69535691,2,0,69535,0,0,0
69535765,9,-1,69535096,0,1,0
69535842,12,-1,69535096,0,0,0
69536005,15,0,9535158,0,0,0
69536180,18,0,9535158,0,0,0
69538791,19,0,9535158,0,0,0
69538941,24,0,9535158,0,0,0
69539038,1,0,9535158,135029208,0,0
69539152,21,0,9535158,125136,125088,0
69539253,25,0,9535158,125136,125088,0
69539346,14,-1,9535158,0,0,0
69539431,13,-1,9635158,1,0,0
69539521,16,0,9635158,69635158,69735158,195639
69539634,17,0,9635158,0,0,0
69539708,20,0,9635158,125172,125088,0
69635102,4,-1,69635097,0,0,0
69635286,5,-1,69635097,125172,125088,0
69635415,6,-1,69635097,9,0,0
69635530,7,-1,69635097,125120,125088,0
69635652,8,-1,69635097,0,0,0
69635744,9,-1,69635097,1,0,0
69635831,11,-1,69635097,1,406,0
69635915,12,-1,69635097,0,0,0
69636103,15,0,9635158,0,0,0
69636253,18,0,9635158,0,0,0
69638821,19,0,9635158,0,0,0
69638964,24,0,9635158,0,0,0
69639048,1,0,9635158,287261893,0,0
69639139,21,0,9635158,125084,125084,0
69639228,25,0,9635158,125084,125084,0
69639314,14,-1,9635158,0,0,0
69639398,13,-1,9835158,1,0,0
69639488,16,0,9835158,69835158,69935158,295672
69639601,17,0,9835158,0,0,0
69639678,20,0,9835158,125120,125084,0
69735101,4,-1,69735096,0,0,0
69735279,5,-1,69735096,125120,125084,0
69735380,6,-1,69735096,11,0,0
69735488,7,-1,69735096,125068,125068,0
69735605,8,-1,69735096,0,0,0
69735688,2,0,69735,0,0,0
69735757,9,-1,69735096,0,1,0
69735830,12,-1,69735096,0,0,0
69835093,4,-1,69835090,0,0,0
69835206,5,-1,69835090,125068,125052,0
69835334,6,-1,69835090,3,0,0
69835445,7,-1,69835090,125024,125024,0
69835559,8,-1,69835090,0,0,0
69835633,9,-1,69835090,1,0,0
69835714,11,-1,69835090,1,406,0
69835793,12,-1,69835090,0,0,0
69835928,15,0,9835158,0,0,0
69836119,18,0,9835158,0,0,0
69838703,19,0,9835158,0,0,0
69838851,24,0,9835158,0,0,0
69838951,1,0,9835158,168584446,0,0
69839045,21,0,9835158,124988,124988,0
69839132,25,0,9835158,124988,124988,0
69839216,14,-1,9835158,0,0,0
69839300,13,-1,10035157,1,0,0
69839391,16,0,10035157,70035157,70135157,295768
69839504,17,0,10035157,0,0,0
69839580,20,0,10035157,125024,124988,0
69935095,4,-1,69935091,0,0,0
69935231,5,-1,69935091,125024,124988,0
69935335,6,-1,69935091,12,0,0
69935440,7,-1,69935091,124972,124972,0
69935564,8,-1,69935091,0,0,0
69935656,9,-1,69935091,1,0,0
69935741,11,-1,69935091,1,406,0
69935822,12,-1,69935091,0,0,0
70035090,4,-1,70035087,0,0,0
70035185,5,-1,70035087,124936,124936,0
70035294,6,-1,70035087,0,0,0
70035443,15,0,10035157,0,0,0
70035605,18,0,10035157,0,0,0
70038151,19,0,10035157,0,0,0
70038282,24,0,10035157,0,0,0
70038373,1,0,10035157,135029208,0,0
70038479,21,0,10035157,124936,124936,0
70038566,25,0,10035157,124936,124936,0
70038652,14,-1,10035157,0,0,0
70038738,13,-1,10135157,1,0,0
70038832,16,0,10135157,70135157,70235157,196327
70038949,17,0,10135157,0,0,0
70039032,20,0,10135157,124948,124896,0
70135092,4,-1,70135088,0,0,0
70135213,5,-1,70135088,124948,124896,0
70135334,6,-1,70135088,0,0,0
70135466,15,0,10135157,0,0,0
70135613,18,0,10135157,0,0,0
70138115,19,0,10135157,0,0,0
70138259,24,0,10135157,0,0,0
70138350,1,0,10135157,924597445,0,0
70138446,21,0,10135157,124948,124896,0
70138550,25,0,10135157,124948,124896,0
70138647,14,-1,10135157,0,0,0
70138736,13,-1,10235157,1,0,0
70138824,16,0,10235157,70235157,70335157,196335
70138961,17,0,10235157,0,0,0
70139041,20,0,10235157,124988,124896,0
70235112,4,-1,70235109,0,0,0
70235231,5,-1,70235109,124988,124896,0
70235355,6,-1,70235109,73,0,0
70235463,7,-1,70235109,124868,124852,0
70235578,8,-1,70235109,0,0,0
70235652,9,-1,70235109,1,0,0
70235733,11,-1,70235109,1,405,0
70235812,12,-1,70235109,0,0,0
70235971,15,0,10235157,0,0,0
70236126,18,0,10235157,0,0,0
70238656,19,0,10235157,0,0,0
70238791,24,0,10235157,0,0,0
70238879,1,0,10235157,506443507,0,0
70238971,21,0,10235157,124832,124768,0
70239062,25,0,10235157,124832,124768,0
70239147,14,-1,10235157,0,0,0
70239232,13,-1,10335163,1,0,0
70239325,16,0,10335163,70335163,70435163,195839
70239439,17,0,10335163,0,0,0
70239514,20,0,10335163,124868,124768,0
70335089,4,-1,70335085,0,0,0
70335216,5,-1,70335085,124868,124768,0
70335359,6,-1,70335085,1,0,0
70335475,7,-1,70335085,124816,124768,0
70335601,8,-1,70335085,0,0,0
70335689,2,0,70335,0,0,0
70335759,9,-1,70335085,0,1,0
70335831,12,-1,70335085,0,0,0
70335984,15,0,10335163,0,0,0
70336143,18,0,10335163,0,0,0
70338618,19,0,10335163,0,0,0
70338758,24,0,10335163,0,0,0
70338841,1,0,10335163,2787959287,0,0
70338937,21,0,10335163,124816,124768,0
70339031,25,0,10335163,124816,124768,0
70339118,14,-1,10335163,0,0,0
70339205,13,-1,10535158,1,0,0
70339296,16,0,10535158,70535158,70635158,295864
70339408,17,0,10535158,0,0,0
70339483,20,0,10535158,124872,124768,0
70435088,4,-1,70435085,0,0,0
70435222,5,-1,70435085,124872,124768,0
70435325,6,-1,70435085,17,0,0
70435423,7,-1,70435085,124812,124768,0
70435540,8,-1,70435085,0,0,0
70435615,9,-1,70435085,1,0,0
70435699,11,-1,70435085,1,404,0
70435778,12,-1,70435085,0,0,0
70535085,4,-1,70535082,0,0,0
70535183,5,-1,70535082,124776,124756,0
70535295,6,-1,70535082,11,0,0
70535387,7,-1,70535082,124728,124728,0
70535489,8,-1,70535082,0,0,0
70535562,2,0,70535,0,0,0
70535630,9,-1,70535082,0,1,0
70535701,12,-1,70535082,0,0,0
70535825,15,0,10535158,0,0,0
70535981,18,0,10535158,0,0,0
70538456,19,0,10535158,0,0,0
70538582,24,0,10535158,0,0,0
70538673,1,0,10535158,135029208,0,0
70538766,21,0,10535158,124728,124712,0
70538857,25,0,10535158,124728,124712,0
70538947,14,-1,10535158,0,0,0
70539039,13,-1,10735157,1,0,0
70539130,16,0,10735157,70735157,70835157,296029
70539247,17,0,10735157,0,0,0
70539325,20,0,10735157,124764,124712,0
70635086,4,-1,70635083,0,0,0
70635205,5,-1,70635083,124764,124712,0
70635308,6,-1,70635083,11,0,0
70635409,7,-1,70635083,124712,124712,0
70635514,8,-1,70635083,0,0,0
70635589,9,-1,70635083,1,0,0
70635675,11,-1,70635083,1,404,0
70635755,12,-1,70635083,0,0,0
70735084,4,-1,70735081,0,0,0
70735183,5,-1,70735081,124676,124676,0
70735303,6,-1,70735081,0,0,0
70735423,15,0,10735157,0,0,0
70735530,18,0,10735157,0,0,0
70738022,19,0,10735157,0,0,0
70738181,24,0,10735157,0,0,0
70738280,1,0,10735157,135029208,0,0
70738379,21,0,10735157,124676,124676,0
70738476,25,0,10735157,124676,124676,0
70738561,14,-1,10735157,0,0,0
70738651,13,-1,10835157,1,0,0
70738746,16,0,10835157,70835157,70935157,196413
70738867,17,0,10835157,0,0,0
70738976,20,0,10835157,124676,124624,0
70835085,4,-1,70835082,0,0,0
70835201,5,-1,70835082,124676,124624,0
70835320,6,-1,70835082,3,0,0
70835426,7,-1,70835082,124624,124624,0
70835537,8,-1,70835082,0,0,0
70835628,9,-1,70835082,1,0,0
70835711,11,-1,70835082,1,404,0
70835790,12,-1,70835082,0,0,0
70835918,15,0,10835157,0,0,0
70836061,18,0,10835157,0,0,0
70838524,19,0,10835157,0,0,0
70838658,24,0,10835157,0,0,0
70838739,1,0,10835157,3426913759,0,0
70838828,21,0,10835157,124588,124588,0
70838921,25,0,10835157,124588,124588,0
70839023,14,-1,10835157,0,0,0
70839123,13,-1,10935160,1,0,0
70839215,16,0,10935160,70935160,71035160,195947
70839328,17,0,10935160,0,0,0
70839402,20,0,10935160,124660,124588,0
70935082,4,-1,70935079,0,0,0
70935196,5,-1,70935079,124660,124588,0
70935311,6,-1,70935079,1,0,0
70935414,7,-1,70935079,124612,124588,0
70935533,8,-1,70935079,0,0,0
70935620,2,0,70935,0,0,0
70935694,9,-1,70935079,0,1,0
70935767,12,-1,70935079,0,0,0
70935895,15,0,10935160,0,0,0
70936078,18,0,10935160,0,0,0
70938558,19,0,10935160,0,0,0
70938694,24,0,10935160,0,0,0
70938776,1,0,10935160,1905742387,0,0
70938869,21,0,10935160,124612,124588,0
70938961,25,0,10935160,124612,124588,0
70939049,14,-1,10935160,0,0,0
70939134,13,-1,11135158,1,0,0
70939224,16,0,11135158,71135158,71235158,295935
70939338,17,0,11135158,0,0,0
70939412,20,0,11135158,124648,124588,0
71035082,4,-1,71035079,0,0,0
71035207,5,-1,71035079,124648,124588,0
71035314,6,-1,71035079,1,0,0
71035428,7,-1,71035079,124588,124588,0
71035550,8,-1,71035079,0,0,0
71035624,9,-1,71035079,1,0,0
71035705,11,-1,71035079,1,403,0
71035784,12,-1,71035079,0,0,0
71135087,4,-1,71135083,0,0,0
71135215,5,-1,71135083,124552,124552,0
71135338,6,-1,71135083,0,0,0
71135499,15,0,11135158,0,0,0
71135658,18,0,11135158,0,0,0
71138369,19,0,11135158,0,0,0
71138513,24,0,11135158,0,0,0
71138609,1,0,11135158,2413698809,0,0
71138707,21,0,11135158,124552,124552,0
71138805,25,0,11135158,124552,124552,0
71138896,14,-1,11135158,0,0,0
71139012,13,-1,11235158,1,0,0
71139120,16,0,11235158,71235158,71335158,196040
71139234,17,0,11235158,0,0,0
71139309,20,0,11235158,124588,124552,0
71235085,4,-1,71235081,0,0,0
71235219,5,-1,71235081,124588,124552,0
71235345,6,-1,71235081,5,0,0
71235461,7,-1,71235081,124536,124536,0
71235581,8,-1,71235081,0,0,0
71235656,9,-1,71235081,1,0,0
71235741,11,-1,71235081,1,403,0
71235823,12,-1,71235081,0,0,0
71235981,15,0,11235158,0,0,0
71236143,18,0,11235158,0,0,0
71238685,19,0,11235158,0,0,0
71238828,24,0,11235158,0,0,0
71238916,1,0,11235158,516757993,0,0
71239025,21,0,11235158,124500,124500,0
71239131,25,0,11235158,124500,124500,0
71239221,14,-1,11235158,0,0,0
71239307,13,-1,11335159,1,0,0
71239397,16,0,11335159,71335159,71435159,195764
71239512,17,0,11335159,0,0,0
71239597,20,0,11335159,124536,124500,0
71335082,4,-1,71335078,0,0,0
71335197,5,-1,71335078,124536,124500,0
71335314,6,-1,71335078,0,0,0
71335460,15,0,11335159,0,0,0
71335605,18,0,11335159,0,0,0
71338133,19,0,11335159,0,0,0
71338272,24,0,11335159,0,0,0
71338379,1,0,11335159,135029208,0,0
71338479,21,0,11335159,124536,124500,0
71338567,25,0,11335159,124536,124500,0
71338651,14,-1,11335159,0,0,0
71338735,13,-1,11635164,1,0,0
71338826,16,0,11635164,71635164,71735164,396340
71338947,17,0,11635164,0,0,0
71339024,20,0,11635164,124572,124500,0
71435080,4,-1,71435076,0,0,0
71435195,5,-1,71435076,124572,124500,0
71435300,6,-1,71435076,1,0,0
71435401,7,-1,71435076,124520,124500,0
71435529,8,-1,71435076,0,0,0
71435604,9,-1,71435076,1,0,0
71435684,11,-1,71435076,1,402,0
71435763,12,-1,71435076,0,0,0
71535077,4,-1,71535074,0,0,0
71535184,5,-1,71535074,124484,124464,0
71535285,6,-1,71535074,4,0,0
71535377,7,-1,71535074,124436,124436,0
71535507,8,-1,71535074,0,0,0
71535593,2,0,71535,0,0,0
71535662,9,-1,71535074,0,1,0
71535735,12,-1,71535074,0,0,0
71635078,4,-1,71635075,0,0,0
71635181,5,-1,71635075,124436,124420,0
71635276,6,-1,71635075,1,0,0
71635395,7,-1,71635075,124392,124392,0
71635513,8,-1,71635075,0,0,0
71635598,9,-1,71635075,1,0,0
71635685,11,-1,71635075,1,403,0
71635764,12,-1,71635075,0,0,0
71635888,15,0,11635164,0,0,0
71636048,18,0,11635164,0,0,0
71638570,19,0,11635164,0,0,0
71638705,24,0,11635164,0,0,0
71638790,1,0,11635164,135029208,0,0
71638898,21,0,11635164,124356,124356,0
71639010,25,0,11635164,124356,124356,0
71639114,14,-1,11635164,0,0,0
71639205,13,-1,11735175,1,0,0
71639300,16,0,11735175,71735175,71835175,195876
71639421,17,0,11735175,0,0,0
71639499,20,0,11735175,124392,124356,0
71735078,4,-1,71735075,0,0,0
71735195,5,-1,71735075,124392,124356,0
71735308,6,-1,71735075,5,0,0
71735406,7,-1,71735075,124340,124340,0
71735527,8,-1,71735075,0,0,0
71735602,9,-1,71735075,1,0,0
71735687,11,-1,71735075,1,403,0
71735768,12,-1,71735075,0,0,0
71735899,15,0,11735175,0,0,0
71736050,18,0,11735175,0,0,0
71738543,19,0,11735175,0,0,0
71738675,24,0,11735175,0,0,0
71738758,1,0,11735175,135029208,0,0
71738850,21,0,11735175,124304,124304,0
71738943,25,0,11735175,124304,124304,0
71739032,14,-1,11735175,0,0,0
71739120,13,-1,11935157,1,0,0
71739208,16,0,11935157,71935157,72035157,295951
71739319,17,0,11935157,0,0,0
71739393,20,0,11935157,124340,124304,0
71835079,4,-1,71835075,0,0,0
71835205,5,-1,71835075,124340,124304,0
71835321,6,-1,71835075,41,0,0
71835439,7,-1,71835075,124256,124256,0
71835549,8,-1,71835075,0,0,0
71835623,9,-1,71835075,1,0,0
71835704,11,-1,71835075,1,403,0
71835783,12,-1,71835075,0,0,0
71935074,4,-1,71935071,0,0,0
71935169,5,-1,71935071,124220,124208,0
71935281,6,-1,71935071,0,0,0
71935413,15,0,11935157,0,0,0
71935551,18,0,11935157,0,0,0
71938073,19,0,11935157,0,0,0
71938208,24,0,11935157,0,0,0
71938291,1,0,11935157,168584446,0,0
71938381,21,0,11935157,124220,124208,0
71938475,25,0,11935157,124220,124208,0
71938561,14,-1,11935157,0,0,0
71938648,13,-1,12035157,1,0,0
71938741,16,0,12035157,72035157,72135157,196418
71938863,17,0,12035157,0,0,0
71938966,20,0,12035157,124256,124208,0
72035076,4,-1,72035072,0,0,0
72035192,5,-1,72035072,124256,124208,0
72035305,6,-1,72035072,2,0,0
72035405,7,-1,72035072,124204,124204,0
72035518,8,-1,72035072,0,0,0
72035592,9,-1,72035072,1,0,0
72035674,11,-1,72035072,1,403,0
72035753,12,-1,72035072,0,0,0
72035878,15,0,12035157,0,0,0
72036026,18,0,12035157,0,0,0
72038502,19,0,12035157,0,0,0
72038627,24,0,12035157,0,0,0
72038713,1,0,12035157,3280085357,0,0
72038803,21,0,12035157,124168,124168,0
72038894,25,0,12035157,124168,124168,0
72039002,14,-1,12035157,0,0,0
72039123,13,-1,12135157,1,0,0
72039214,16,0,12135157,72135157,72235157,195945
72039330,17,0,12135157,0,0,0
72039408,20,0,12135157,124204,124168,0
72135079,4,-1,72135075,0,0,0
72135194,5,-1,72135075,124204,124168,0
72135325,6,-1,72135075,0,0,0
72135458,15,0,12135157,0,0,0
72135604,18,0,12135157,0,0,0
72138101,19,0,12135157,0,0,0
72138234,24,0,12135157,0,0,0
72138316,1,0,12135157,135029208,0,0
72138404,21,0,12135157,124204,124168,0
72138491,25,0,12135157,124204,124168,0
72138575,14,-1,12135157,0,0,0
72138659,13,-1,12635173,1,0,0
72138747,16,0,12635173,72635173,72735173,596427
72138861,17,0,12635173,0,0,0
72138941,20,0,12635173,124240,124168,0
72235073,4,-1,72235070,0,0,0
72235193,5,-1,72235070,124240,124168,0
72235293,6,-1,72235070,0,0,0
72335074,4,-1,72335071,0,0,0
72335194,5,-1,72335071,124240,124168,0
72335292,6,-1,72335071,1,0,0
72335393,7,-1,72335071,124188,124168,0
72335524,8,-1,72335071,0,0,0
72335610,9,-1,72335071,1,0,0
72335701,11,-1,72335071,1,402,0
72335781,12,-1,72335071,0,0,0
72435074,4,-1,72435071,0,0,0
72435195,5,-1,72435071,124152,124132,0
72435288,6,-1,72435071,132,0,0
72435393,7,-1,72435071,123976,123956,0
72435512,8,-1,72435071,0,0,0
72435590,9,-1,72435071,1,0,0
72435670,11,-1,72435071,1,403,0
72435750,12,-1,72435071,0,0,0
72535076,4,-1,72535072,0,0,0
72535193,5,-1,72535072,123940,123808,0
72535291,6,-1,72535072,3,0,0
72535389,7,-1,72535072,123892,123808,0
72535498,8,-1,72535072,0,0,0
72535575,9,-1,72535072,1,0,0
72535656,11,-1,72535072,1,404,0
72535735,12,-1,72535072,0,0,0
72635073,4,-1,72635069,0,0,0
72635175,5,-1,72635069,123856,123808,0
72635290,6,-1,72635069,0,0,0
72635441,15,0,12635173,0,0,0
72635587,18,0,12635173,0,0,0
72638134,19,0,12635173,0,0,0
72638272,24,0,12635173,0,0,0
72638377,1,0,12635173,135029208,0,0
72638478,21,0,12635173,123856,123808,0
72638573,25,0,12635173,123856,123808,0
72638659,14,-1,12635173,0,0,0
72638746,13,-1,12835158,1,0,0
72638839,16,0,12835158,72835158,72935158,296321
72638966,17,0,12835158,0,0,0
72639044,20,0,12835158,123892,123808,0
72735079,4,-1,72735074,0,0,0
72735231,5,-1,72735074,123892,123808,0
72735327,6,-1,72735074,28,0,0
72735433,7,-1,72735074,123824,123808,0
72735550,8,-1,72735074,0,0,0
72735627,9,-1,72735074,1,0,0
72735716,11,-1,72735074,1,404,0
72735797,12,-1,72735074,0,0,0
72835078,4,-1,72835073,0,0,0
72835241,5,-1,72835073,123788,123788,0
72835383,6,-1,72835073,10,0,0
72835486,7,-1,72835073,123744,123744,0
72835595,8,-1,72835073,0,0,0
72835672,2,0,72835,0,0,0
72835742,9,-1,72835073,0,1,0
72835824,12,-1,72835073,0,0,0
72835996,15,0,12835158,0,0,0
72836178,18,0,12835158,0,0,0
72838765,19,0,12835158,0,0,0
72838928,24,0,12835158,0,0,0
72839019,1,0,12835158,3280085357,0,0
72839131,21,0,12835158,123744,123728,0
72839222,25,0,12835158,123744,123728,0
72839309,14,-1,12835158,0,0,0
72839399,13,-1,12935159,1,0,0
72839494,16,0,12935159,72935159,73035159,195667
72839609,17,0,12935159,0,0,0
72839684,20,0,12935159,123760,123728,0
72935091,4,-1,72935085,0,0,0
72935338,5,-1,72935085,123760,123728,0
72935452,6,-1,72935085,14,0,0
72935567,7,-1,72935085,123712,123696,0
72935678,8,-1,72935085,0,0,0
72935755,9,-1,72935085,1,0,0
72935837,11,-1,72935085,1,404,0
72935930,12,-1,72935085,0,0,0
72936115,15,0,12935159,0,0,0
72936268,18,0,12935159,0,0,0
72938856,19,0,12935159,0,0,0
72939020,24,0,12935159,0,0,0
72939109,1,0,12935159,2787959287,0,0
72939201,21,0,12935159,123676,123660,0
72939290,25,0,12935159,123676,123660,0
72939377,14,-1,12935159,0,0,0
72939465,13,-1,13135157,1,0,0
72939559,16,0,13135157,73135157,73235157,295600
72939673,17,0,13135157,0,0,0
72939748,20,0,13135157,123732,123660,0
73035074,4,-1,73035070,0,0,0
73035204,5,-1,73035070,123732,123660,0
73035326,6,-1,73035070,1,0,0
73035430,7,-1,73035070,123680,123660,0
73035546,8,-1,73035070,0,0,0
73035621,2,0,73035,0,0,0
73035693,9,-1,73035070,0,1,0
73035766,12,-1,73035070,0,0,0
73135073,4,-1,73135069,0,0,0
73135191,5,-1,73135069,123680,123660,0
73135332,6,-1,73135069,1,0,0
73135428,7,-1,73135069,123632,123632,0
73135543,8,-1,73135069,0,0,0
73135628,9,-1,73135069,1,0,0
73135714,11,-1,73135069,1,404,0
73135793,12,-1,73135069,0,0,0
73135960,15,0,13135157,0,0,0
73136122,18,0,13135157,0,0,0
73138709,19,0,13135157,0,0,0
73138869,24,0,13135157,0,0,0
73138954,1,0,13135157,168584446,0,0
73139055,21,0,13135157,123596,123596,0
73139144,25,0,13135157,123596,123596,0
73139232,14,-1,13135157,0,0,0
73139318,13,-1,13235157,1,0,0
73139408,16,0,13235157,73235157,73335157,195751
73139520,17,0,13235157,0,0,0
73139593,20,0,13235157,123632,123596,0
73235071,4,-1,73235067,0,0,0
73235196,5,-1,73235067,123632,123596,0
73235307,6,-1,73235067,51,0,0
73235408,7,-1,73235067,123540,123540,0
73235521,8,-1,73235067,0,0,0
73235599,2,0,73235,0,0,0
73235671,9,-1,73235067,0,1,0
73235750,12,-1,73235067,0,0,0
73235879,15,0,13235157,0,0,0
73236027,18,0,13235157,0,0,0
73238509,19,0,13235157,0,0,0
73238638,24,0,13235157,0,0,0
73238720,1,0,13235157,135029208,0,0
73238817,21,0,13235157,123540,123484,0
73238916,25,0,13235157,123540,123484,0
73239014,14,-1,13235157,0,0,0
73239104,13,-1,13435157,1,0,0
73239195,16,0,13435157,73435157,73535157,295964
73239308,17,0,13435157,0,0,0
73239386,20,0,13435157,123556,123484,0
73335069,4,-1,73335065,0,0,0
73335188,5,-1,73335065,123556,123484,0
73335287,6,-1,73335065,1,0,0
73335387,7,-1,73335065,123512,123484,0
73335495,8,-1,73335065,0,0,0
73335570,9,-1,73335065,1,0,0
73335651,11,-1,73335065,1,403,0
73335730,12,-1,73335065,0,0,0
73435074,4,-1,73435069,0,0,0
73435208,5,-1,73435069,123476,123476,0
73435326,6,-1,73435069,0,0,0
73435467,15,0,13435157,0,0,0
73435626,18,0,13435157,0,0,0
73438267,19,0,13435157,0,0,0
73438405,24,0,13435157,0,0,0
73438490,1,0,13435157,283786401,0,0
73438582,21,0,13435157,123476,123476,0
73438670,25,0,13435157,123476,123476,0
73438755,14,-1,13435157,0,0,0
73438849,13,-1,13535157,1,0,0
73438954,16,0,13535157,73535157,73635157,196205
73439082,17,0,13535157,0,0,0
73439157,20,0,13535157,123472,123400,0
