1226582,4,-1,1226576,0,0,0
1226881,5,-1,1226576,171040,171032,0
1227107,6,-1,1226576,21,0,0
1227357,7,-1,1226576,170984,170984,0
1227755,8,-1,1226576,0,0,0
1228056,2,0,1226,0,0,0
1228323,9,-1,1226576,0,1,0
1228647,12,-1,1226576,0,0,0
1326650,4,-1,1326621,0,0,0
1326981,5,-1,1326621,170984,170956,0
1327126,6,-1,1326621,1,0,0
1327299,7,-1,1326621,170940,170940,0
1327458,8,-1,1326621,0,0,0
1327725,9,-1,1326621,1,0,0
1328034,11,-1,1326621,1,2,0
1328163,12,-1,1326621,0,0,0
1426667,4,-1,1426662,0,0,0
1426919,5,-1,1426662,170904,170904,0
1427044,6,-1,1426662,10,0,0
1427215,7,-1,1426662,170860,170860,0
1427373,8,-1,1426662,0,0,0
1427576,9,-1,1426662,1,0,0
1427730,11,-1,1426662,1,3,0
1427893,12,-1,1426662,0,0,0
1526623,4,-1,1526609,0,0,0
1526977,5,-1,1526609,170824,170824,0
1527169,6,-1,1526609,1,0,0
1527355,7,-1,1526609,170780,170780,0
1527605,8,-1,1526609,0,0,0
1527890,2,0,1526,0,0,0
1527979,9,-1,1526609,0,1,0
1528130,12,-1,1526609,0,0,0
1627767,4,-1,1627754,0,0,0
1628211,5,-1,1627754,170780,170764,0
1628566,6,-1,1627754,21,0,0
1629222,7,-1,1627754,170724,170724,0
1635758,8,-1,1627754,0,0,0
1636244,9,-1,1627754,1,0,0
1638149,11,-1,1627754,1,4,0
1638610,12,-1,1627754,0,0,0
1726693,4,-1,1726672,0,0,0
1726958,5,-1,1726672,170688,170688,0
1727302,6,-1,1726672,1,0,0
1727605,7,-1,1726672,170644,170644,0
1727833,8,-1,1726672,0,0,0
1727984,2,0,1726,0,0,0
1728127,9,-1,1726672,0,1,0
1728253,12,-1,1726672,0,0,0
1826624,4,-1,1826611,0,0,0
1826979,5,-1,1826611,170644,170628,0
1827294,6,-1,1826611,12,0,0
1827649,7,-1,1826611,170600,170600,0
1827992,8,-1,1826611,0,0,0
1828198,9,-1,1826611,1,0,0
1828395,11,-1,1826611,1,5,0
1828651,12,-1,1826611,0,0,0
1926684,4,-1,1926678,0,0,0
1927039,5,-1,1926678,170564,170564,0
1927226,6,-1,1926678,5,0,0
1927397,7,-1,1926678,170520,170520,0
1927742,8,-1,1926678,0,0,0
1928028,9,-1,1926678,1,0,0
1928207,11,-1,1926678,1,6,0
1928385,12,-1,1926678,0,0,0
2026658,4,-1,2026652,0,0,0
2026963,5,-1,2026652,170484,170484,0
2027149,6,-1,2026652,1,0,0
2027342,7,-1,2026652,170440,170440,0
2027621,8,-1,2026652,0,0,0
2027744,2,0,2026,0,0,0
2027940,9,-1,2026652,0,1,0
2028163,12,-1,2026652,0,0,0
2126656,4,-1,2126648,0,0,0
2126977,5,-1,2126648,170440,170424,0
2127185,6,-1,2126648,27,0,0
2127413,7,-1,2126648,170380,170380,0
2127776,8,-1,2126648,0,0,0
2127971,9,-1,2126648,1,0,0
2128175,11,-1,2126648,1,7,0
2128363,12,-1,2126648,0,0,0
2226597,4,-1,2226591,0,0,0
2226960,5,-1,2226591,170344,170344,0
2227098,6,-1,2226591,9,0,0
2227266,7,-1,2226591,170300,170300,0
2227453,8,-1,2226591,0,0,0
2227685,2,0,2226,0,0,0
2227868,9,-1,2226591,0,1,0
2228020,12,-1,2226591,0,0,0
2326672,4,-1,2326666,0,0,0
2326953,5,-1,2326666,170300,170284,0
2327080,6,-1,2326666,1,0,0
2327195,7,-1,2326666,170256,170256,0
2327318,8,-1,2326666,0,0,0
2327411,9,-1,2326666,1,0,0
2327621,11,-1,2326666,1,8,0
2327772,12,-1,2326666,0,0,0
2426651,4,-1,2426643,0,0,0
2427006,5,-1,2426643,170220,170220,0
2427195,6,-1,2426643,1,0,0
2427373,7,-1,2426643,170176,170176,0
2427664,8,-1,2426643,0,0,0
2427937,2,0,2426,0,0,0
2428088,9,-1,2426643,0,1,0
2428245,12,-1,2426643,0,0,0
2526658,4,-1,2526653,0,0,0
2526915,5,-1,2526653,170176,170160,0
2527055,6,-1,2526653,0,0,0
2626595,4,-1,2626583,0,0,0
2627131,5,-1,2626583,170176,170160,0
2627408,6,-1,2626583,8,0,0
2627712,7,-1,2626583,170132,170132,0
2628104,8,-1,2626583,0,0,0
2628353,9,-1,2626583,1,0,0
2628666,11,-1,2626583,1,9,0
2628944,12,-1,2626583,0,0,0
2726576,4,-1,2726570,0,0,0
2726917,5,-1,2726570,170096,170096,0
2727120,6,-1,2726570,1,0,0
2727303,7,-1,2726570,170052,170052,0
2727665,8,-1,2726570,0,0,0
2727969,2,0,2726,0,0,0
2728123,9,-1,2726570,0,1,0
2728282,12,-1,2726570,0,0,0
2826654,4,-1,2826626,0,0,0
2826985,5,-1,2826626,170052,170036,0
2827115,6,-1,2826626,23,0,0
2827288,7,-1,2826626,169996,169996,0
2827447,8,-1,2826626,0,0,0
2827771,9,-1,2826626,1,0,0
2828060,11,-1,2826626,1,10,0
2828181,12,-1,2826626,0,0,0
2926648,4,-1,2926621,0,0,0
2926953,5,-1,2926621,169960,169960,0
2927146,6,-1,2926621,17,0,0
2927328,7,-1,2926621,169908,169908,0
2927624,8,-1,2926621,0,0,0
2927952,2,0,2926,0,0,0
2928164,9,-1,2926621,0,1,0
2928410,12,-1,2926621,0,0,0
3026536,4,-1,3026526,0,0,0
3026939,5,-1,3026526,169908,169884,0
3027280,6,-1,3026526,1,0,0
3027734,7,-1,3026526,169864,169864,0
3028274,8,-1,3026526,0,0,0
3028648,9,-1,3026526,1,0,0
3028978,11,-1,3026526,1,11,0
3029226,12,-1,3026526,0,0,0
3126700,4,-1,3126695,0,0,0
3126962,5,-1,3126695,169828,169828,0
3127121,6,-1,3126695,1,0,0
3127281,7,-1,3126695,169784,169784,0
3127423,8,-1,3126695,0,0,0
3127572,9,-1,3126695,1,0,0
3127756,11,-1,3126695,1,12,0
3127969,12,-1,3126695,0,0,0
3226651,4,-1,3226645,0,0,0
3226983,5,-1,3226645,169748,169748,0
3227105,6,-1,3226645,18,0,0
3227331,7,-1,3226645,169696,169696,0
3227741,8,-1,3226645,0,0,0
3228006,2,0,3226,0,0,0
3228204,9,-1,3226645,0,1,0
3228403,12,-1,3226645,0,0,0
3326643,4,-1,3326611,0,0,0
3326963,5,-1,3326611,169696,169672,0
3327118,6,-1,3326611,0,0,0
3426610,4,-1,3426602,0,0,0
3426951,5,-1,3426602,169696,169672,0
3427178,6,-1,3426602,3,0,0
3427352,7,-1,3426602,169652,169652,0
3427666,8,-1,3426602,0,0,0
3427926,9,-1,3426602,1,0,0
3428263,11,-1,3426602,1,13,0
3428565,12,-1,3426602,0,0,0
3526578,4,-1,3526570,0,0,0
3526976,5,-1,3526570,169616,169616,0
3527203,6,-1,3526570,36,0,0
3527391,7,-1,3526570,169548,169548,0
3527688,8,-1,3526570,0,0,0
3527920,2,0,3526,0,0,0
3528095,9,-1,3526570,0,1,0
3528326,12,-1,3526570,0,0,0
3626552,4,-1,3626541,0,0,0
3627009,5,-1,3626541,169548,169508,0
3627180,6,-1,3626541,5,0,0
3627343,7,-1,3626541,169504,169504,0
3627587,8,-1,3626541,0,0,0
3627881,9,-1,3626541,1,0,0
3628029,11,-1,3626541,1,14,0
3628160,12,-1,3626541,0,0,0
3726676,4,-1,3726669,0,0,0
3727013,5,-1,3726669,169468,169468,0
3727266,6,-1,3726669,20,0,0
3727440,7,-1,3726669,169416,169416,0
3727694,8,-1,3726669,0,0,0
3727865,9,-1,3726669,1,0,0
3728040,11,-1,3726669,1,15,0
3728190,12,-1,3726669,0,0,0
3826675,4,-1,3826640,0,0,0
3826900,5,-1,3826640,169380,169380,0
3827118,6,-1,3826640,3,0,0
3827285,7,-1,3826640,169336,169336,0
3827588,8,-1,3826640,0,0,0
3827860,2,0,3826,0,0,0
3827985,9,-1,3826640,0,1,0
3828121,12,-1,3826640,0,0,0
3926577,4,-1,3926567,0,0,0
3926937,5,-1,3926567,169336,169320,0
3927101,6,-1,3926567,2,0,0
3927268,7,-1,3926567,169292,169292,0
3927452,8,-1,3926567,0,0,0
3927732,9,-1,3926567,1,0,0
3927955,11,-1,3926567,1,16,0
3928101,12,-1,3926567,0,0,0
4026659,4,-1,4026653,0,0,0
4026943,5,-1,4026653,169256,169256,0
4027131,6,-1,4026653,0,0,0
4126662,4,-1,4126656,0,0,0
4126969,5,-1,4126656,169256,169256,0
4127159,6,-1,4126656,27,0,0
4127344,7,-1,4126656,169196,169196,0
4127645,8,-1,4126656,0,0,0
4127824,9,-1,4126656,1,0,0
4128016,11,-1,4126656,1,17,0
4128200,12,-1,4126656,0,0,0
4226653,4,-1,4226647,0,0,0
4227049,5,-1,4226647,169160,169160,0
4227268,6,-1,4226647,2,0,0
4227524,7,-1,4226647,169116,169116,0
4227731,8,-1,4226647,0,0,0
4227936,2,0,4226,0,0,0
4228059,9,-1,4226647,0,1,0
4228192,12,-1,4226647,0,0,0
4326614,4,-1,4326606,0,0,0
4326929,5,-1,4326606,169116,169100,0
4327152,6,-1,4326606,11,0,0
4327358,7,-1,4326606,169072,169072,0
4327728,8,-1,4326606,0,0,0
4327978,9,-1,4326606,1,0,0
4328273,11,-1,4326606,1,18,0
4328568,12,-1,4326606,0,0,0
4426573,4,-1,4426563,0,0,0
4426894,5,-1,4426563,169036,169036,0
4427130,6,-1,4426563,31,0,0
4427377,7,-1,4426563,168972,168972,0
4427754,8,-1,4426563,0,0,0
4427995,2,0,4426,0,0,0
4428201,9,-1,4426563,0,1,0
4428402,12,-1,4426563,0,0,0
4526701,4,-1,4526681,0,0,0
4526961,5,-1,4526681,168972,168936,0
4527153,6,-1,4526681,1,0,0
4527335,7,-1,4526681,168928,168928,0
4527625,8,-1,4526681,0,0,0
4527890,9,-1,4526681,1,0,0
4528108,11,-1,4526681,1,19,0
4528291,12,-1,4526681,0,0,0
4626596,4,-1,4626572,0,0,0
4626961,5,-1,4626572,168892,168892,0
4627153,6,-1,4626572,1,0,0
4627300,7,-1,4626572,168848,168848,0
4627447,8,-1,4626572,0,0,0
4627630,2,0,4626,0,0,0
4627730,9,-1,4626572,0,1,0
4627985,12,-1,4626572,0,0,0
4726677,4,-1,4726672,0,0,0
4726962,5,-1,4726672,168848,168832,0
4727092,6,-1,4726672,1,0,0
4727264,7,-1,4726672,168804,168804,0
4727422,8,-1,4726672,0,0,0
4727630,9,-1,4726672,1,0,0
4727833,11,-1,4726672,1,20,0
4727972,12,-1,4726672,0,0,0
4826579,4,-1,4826570,0,0,0
4826935,5,-1,4826570,168768,168768,0
4827208,6,-1,4826570,48,0,0
4827630,7,-1,4826570,168688,168688,0
4828095,8,-1,4826570,0,0,0
4828352,2,0,4826,0,0,0
4828698,9,-1,4826570,0,1,0
4829067,12,-1,4826570,0,0,0
4926612,4,-1,4926605,0,0,0
4926894,5,-1,4926605,168688,168636,0
4927014,6,-1,4926605,25,0,0
4927203,7,-1,4926605,168628,168628,0
4927452,8,-1,4926605,0,0,0
4927682,9,-1,4926605,1,0,0
4928014,11,-1,4926605,1,21,0
4928297,12,-1,4926605,0,0,0
5026699,4,-1,5026694,0,0,0
5026987,5,-1,5026694,168592,168592,0
5027189,6,-1,5026694,2,0,0
5027424,7,-1,5026694,168548,168548,0
5027754,8,-1,5026694,0,0,0
5027895,9,-1,5026694,1,0,0
5028094,11,-1,5026694,1,22,0
5028247,12,-1,5026694,0,0,0
5126612,4,-1,5126607,0,0,0
5126992,5,-1,5126607,168512,168512,0
5127128,6,-1,5126607,1,0,0
5127285,7,-1,5126607,168468,168468,0
5127449,8,-1,5126607,0,0,0
5127621,2,0,5126,0,0,0
5127802,9,-1,5126607,0,1,0
5127962,12,-1,5126607,0,0,0
5226701,4,-1,5226671,0,0,0
5227004,5,-1,5226671,168468,168452,0
5227158,6,-1,5226671,3,0,0
5227317,7,-1,5226671,168424,168424,0
5227576,8,-1,5226671,0,0,0
5227742,9,-1,5226671,1,0,0
5228043,11,-1,5226671,1,23,0
5228192,12,-1,5226671,0,0,0
5326678,4,-1,5326660,0,0,0
5326960,5,-1,5326660,168388,168388,0
5327093,6,-1,5326660,0,0,0
5426680,4,-1,5426673,0,0,0
5426975,5,-1,5426673,168388,168388,0
5427232,6,-1,5426673,19,0,0
5427601,7,-1,5426673,168336,168336,0
5427943,8,-1,5426673,0,0,0
5428149,9,-1,5426673,1,0,0
5428385,11,-1,5426673,1,24,0
5428840,12,-1,5426673,0,0,0
5526680,4,-1,5526673,0,0,0
5526979,5,-1,5526673,168300,168300,0
5527091,6,-1,5526673,2,0,0
5527262,7,-1,5526673,168256,168256,0
5527422,8,-1,5526673,0,0,0
5527589,9,-1,5526673,1,0,0
5527825,11,-1,5526673,1,25,0
5527965,12,-1,5526673,0,0,0
5626558,4,-1,5626548,0,0,0
5627003,5,-1,5626548,168220,168220,0
5627159,6,-1,5626548,1,0,0
5627335,7,-1,5626548,168176,168176,0
5627530,8,-1,5626548,0,0,0
5627665,2,0,5626,0,0,0
5627770,9,-1,5626548,0,1,0
5627918,12,-1,5626548,0,0,0
5726701,4,-1,5726682,0,0,0
5726961,5,-1,5726682,168176,168160,0
5727078,6,-1,5726682,0,0,0
5826673,4,-1,5826665,0,0,0
5826950,5,-1,5826665,168176,168160,0
5827154,6,-1,5826665,22,0,0
5827284,7,-1,5826665,168120,168120,0
5827424,8,-1,5826665,0,0,0
5827659,9,-1,5826665,1,0,0
5827960,11,-1,5826665,1,26,0
5828079,12,-1,5826665,0,0,0
5926679,4,-1,5926673,0,0,0
5927010,5,-1,5926673,168084,168084,0
5927124,6,-1,5926673,10,0,0
5927252,7,-1,5926673,168040,168040,0
5927384,8,-1,5926673,0,0,0
5927547,9,-1,5926673,1,0,0
5927821,11,-1,5926673,1,27,0
5927937,12,-1,5926673,0,0,0
6026656,4,-1,6026651,0,0,0
6026925,5,-1,6026651,168004,168004,0
6027042,6,-1,6026651,3,0,0
6027190,7,-1,6026651,167960,167960,0
6027321,8,-1,6026651,0,0,0
6027416,2,0,6026,0,0,0
6027657,9,-1,6026651,0,1,0
6027910,12,-1,6026651,0,0,0
6126682,4,-1,6126676,0,0,0
6127003,5,-1,6126676,167960,167944,0
6127193,6,-1,6126676,5,0,0
6127368,7,-1,6126676,167916,167916,0
6127649,8,-1,6126676,0,0,0
6127839,9,-1,6126676,1,0,0
6128031,11,-1,6126676,1,28,0
6128231,12,-1,6126676,0,0,0
6226569,4,-1,6226545,0,0,0
6227098,5,-1,6226545,167880,167880,0
6227306,6,-1,6226545,1,0,0
6227552,7,-1,6226545,167836,167836,0
6227724,8,-1,6226545,0,0,0
6227942,2,0,6226,0,0,0
6228087,9,-1,6226545,0,1,0
6228240,12,-1,6226545,0,0,0
6326692,4,-1,6326672,0,0,0
6326945,5,-1,6326672,167836,167820,0
6327077,6,-1,6326672,7,0,0
6327254,7,-1,6326672,167792,167792,0
6327569,8,-1,6326672,0,0,0
6327913,9,-1,6326672,1,0,0
6328171,11,-1,6326672,1,29,0
6328310,12,-1,6326672,0,0,0
6426677,4,-1,6426671,0,0,0
6427017,5,-1,6426671,167756,167756,0
6427143,6,-1,6426671,1,0,0
6427315,7,-1,6426671,167712,167712,0
6427562,8,-1,6426671,0,0,0
6427720,2,0,6426,0,0,0
6427879,9,-1,6426671,0,1,0
6428011,12,-1,6426671,0,0,0
6526558,4,-1,6526550,0,0,0
6526978,5,-1,6526550,167712,167696,0
6527257,6,-1,6526550,48,0,0
6527476,7,-1,6526550,167632,167632,0
6527830,8,-1,6526550,0,0,0
6528025,9,-1,6526550,1,0,0
6528257,11,-1,6526550,1,30,0
6528435,12,-1,6526550,0,0,0
6626538,4,-1,6626531,0,0,0
6626950,5,-1,6626531,167596,167580,0
6627151,6,-1,6626531,14,0,0
6627420,7,-1,6626531,167548,167548,0
6627792,8,-1,6626531,0,0,0
6628062,2,0,6626,0,0,0
6628245,9,-1,6626531,0,1,0
6628377,12,-1,6626531,0,0,0
6726683,4,-1,6726676,0,0,0
6726937,5,-1,6726676,167548,167528,0
6727063,6,-1,6726676,1,0,0
6727191,7,-1,6726676,167504,167504,0
6727321,8,-1,6726676,0,0,0
6727416,9,-1,6726676,1,0,0
6727719,11,-1,6726676,1,31,0
6727962,12,-1,6726676,0,0,0
6826578,4,-1,6826572,0,0,0
6826851,5,-1,6826572,167468,167468,0
6827016,6,-1,6826572,3,0,0
6827177,7,-1,6826572,167424,167424,0
6827366,8,-1,6826572,0,0,0
6827656,2,0,6826,0,0,0
6827949,9,-1,6826572,0,1,0
6828210,12,-1,6826572,0,0,0
6926633,4,-1,6926626,0,0,0
6926964,5,-1,6926626,167424,167408,0
6927186,6,-1,6926626,4,0,0
6927410,7,-1,6926626,167380,167380,0
6927756,8,-1,6926626,0,0,0
6927950,9,-1,6926626,1,0,0
6928130,11,-1,6926626,1,32,0
6928319,12,-1,6926626,0,0,0
7026675,4,-1,7026669,0,0,0
7026961,5,-1,7026669,167344,167344,0
7027087,6,-1,7026669,3,0,0
7027258,7,-1,7026669,167300,167300,0
7027417,8,-1,7026669,0,0,0
7027612,9,-1,7026669,1,0,0
7027833,11,-1,7026669,1,33,0
7027945,12,-1,7026669,0,0,0
7126596,4,-1,7126588,0,0,0
7126895,5,-1,7126588,167264,167264,0
7127088,6,-1,7126588,41,0,0
7127271,7,-1,7126588,167188,167188,0
7127557,8,-1,7126588,0,0,0
7127819,2,0,7126,0,0,0
7127979,9,-1,7126588,0,1,0
7128141,12,-1,7126588,0,0,0
7226664,4,-1,7226658,0,0,0
7226986,5,-1,7226658,167188,167140,0
7227264,6,-1,7226658,20,0,0
7227563,7,-1,7226658,167136,167136,0
7227855,8,-1,7226658,0,0,0
7228061,9,-1,7226658,1,0,0
7228289,11,-1,7226658,1,34,0
7228459,12,-1,7226658,0,0,0
7326655,4,-1,7326647,0,0,0
7326988,5,-1,7326647,167100,167100,0
7327179,6,-1,7326647,7,0,0
7327369,7,-1,7326647,167056,167056,0
7327624,8,-1,7326647,0,0,0
7327852,2,0,7326,0,0,0
7328049,9,-1,7326647,0,1,0
7328258,12,-1,7326647,0,0,0
7426697,4,-1,7426692,0,0,0
7426961,5,-1,7426692,167056,167040,0
7427121,6,-1,7426692,28,0,0
7427296,7,-1,7426692,166996,166996,0
7427457,8,-1,7426692,0,0,0
7427612,9,-1,7426692,1,0,0
7427773,11,-1,7426692,1,35,0
7427971,12,-1,7426692,0,0,0
7526534,4,-1,7526529,0,0,0
7526734,5,-1,7526529,166960,166960,0
7527084,6,-1,7526529,1,0,0
7527275,7,-1,7526529,166916,166916,0
7527486,8,-1,7526529,0,0,0
7527762,2,0,7526,0,0,0
7527950,9,-1,7526529,0,1,0
7528049,12,-1,7526529,0,0,0
7626548,4,-1,7626542,0,0,0
7626832,5,-1,7626542,166916,166900,0
7627001,6,-1,7626542,4,0,0
7627144,7,-1,7626542,166872,166872,0
7627329,8,-1,7626542,0,0,0
7627443,9,-1,7626542,1,0,0
7627652,11,-1,7626542,1,36,0
7627812,12,-1,7626542,0,0,0
7726695,4,-1,7726676,0,0,0
7726980,5,-1,7726676,166836,166836,0
7727097,6,-1,7726676,145,0,0
7727274,7,-1,7726676,166652,166652,0
7727434,8,-1,7726676,0,0,0
7727597,9,-1,7726676,1,0,0
7727823,11,-1,7726676,1,37,0
7727957,12,-1,7726676,0,0,0
7826670,4,-1,7826664,0,0,0
7826978,5,-1,7826664,166616,166496,0
7827123,6,-1,7826664,3,0,0
7827296,7,-1,7826664,166572,166496,0
7827489,8,-1,7826664,0,0,0
7827664,2,0,7826,0,0,0
7827850,9,-1,7826664,0,1,0
7828000,12,-1,7826664,0,0,0
7926722,4,-1,7926703,0,0,0
7927009,5,-1,7926703,166572,166496,0
7927134,6,-1,7926703,7,0,0
7927306,7,-1,7926703,166528,166496,0
7927508,8,-1,7926703,0,0,0
7927629,9,-1,7926703,1,0,0
7927834,11,-1,7926703,1,38,0
7927976,12,-1,7926703,0,0,0
8026672,4,-1,8026666,0,0,0
8026942,5,-1,8026666,166492,166492,0
8027073,6,-1,8026666,9,0,0
8027246,7,-1,8026666,166448,166448,0
8027405,8,-1,8026666,0,0,0
8027591,2,0,8026,0,0,0
8027722,9,-1,8026666,0,1,0
8027933,12,-1,8026666,0,0,0
8126642,4,-1,8126637,0,0,0
8126931,5,-1,8126637,166448,166432,0
8127116,6,-1,8126637,1,0,0
8127357,7,-1,8126637,166404,166404,0
8127594,8,-1,8126637,0,0,0
8127753,9,-1,8126637,1,0,0
8127994,11,-1,8126637,1,39,0
8128174,12,-1,8126637,0,0,0
8226580,4,-1,8226574,0,0,0
8227057,5,-1,8226574,166368,166368,0
8227324,6,-1,8226574,3,0,0
8227693,7,-1,8226574,166324,166324,0
8228080,8,-1,8226574,0,0,0
8228368,2,0,8226,0,0,0
8228638,9,-1,8226574,0,1,0
8228894,12,-1,8226574,0,0,0
8326681,4,-1,8326675,0,0,0
8326970,5,-1,8326675,166324,166308,0
8327112,6,-1,8326675,18,0,0
8327281,7,-1,8326675,166272,166272,0
8327452,8,-1,8326675,0,0,0
8327607,9,-1,8326675,1,0,0
8327761,11,-1,8326675,1,40,0
8327923,12,-1,8326675,0,0,0
8426580,4,-1,8426574,0,0,0
8426939,5,-1,8426574,166236,166236,0
8427077,6,-1,8426574,0,0,0
8526668,4,-1,8526659,0,0,0
8526911,5,-1,8526659,166236,166236,0
8527050,6,-1,8526659,0,0,0
8626550,4,-1,8626542,0,0,0
8626930,5,-1,8626542,166236,166236,0
8627176,6,-1,8626542,0,0,0
8726718,4,-1,8726697,0,0,0
8727074,5,-1,8726697,166236,166236,0
8727283,6,-1,8726697,27,0,0
8727547,7,-1,8726697,166176,166176,0
8727919,8,-1,8726697,0,0,0
8728165,9,-1,8726697,1,0,0
8728408,11,-1,8726697,1,41,0
8728665,12,-1,8726697,0,0,0
8826690,4,-1,8826671,0,0,0
8827043,5,-1,8826671,166140,166140,0
8827260,6,-1,8826671,7,0,0
8827529,7,-1,8826671,166096,166096,0
8827867,8,-1,8826671,0,0,0
8828029,2,0,8826,0,0,0
8828171,9,-1,8826671,0,1,0
8828334,12,-1,8826671,0,0,0
8926699,4,-1,8926692,0,0,0
8927050,5,-1,8926692,166096,166080,0
8927283,6,-1,8926692,3,0,0
8927625,7,-1,8926692,166052,166052,0
8927891,8,-1,8926692,0,0,0
8928066,9,-1,8926692,1,0,0
8928290,11,-1,8926692,1,42,0
8928525,12,-1,8926692,0,0,0
9026639,4,-1,9026631,0,0,0
9026923,5,-1,9026631,166016,166016,0
9027050,6,-1,9026631,1,0,0
9027222,7,-1,9026631,165972,165972,0
9027382,8,-1,9026631,0,0,0
9027597,2,0,9026,0,0,0
9027881,9,-1,9026631,0,1,0
9028030,12,-1,9026631,0,0,0
9126680,4,-1,9126674,0,0,0
9127079,5,-1,9126674,165972,165956,0
9127280,6,-1,9126674,3,0,0
9127526,7,-1,9126674,165928,165928,0
9127863,8,-1,9126674,0,0,0
9128062,9,-1,9126674,1,0,0
9128250,11,-1,9126674,1,43,0
9128445,12,-1,9126674,0,0,0
9226686,4,-1,9226680,0,0,0
9226919,5,-1,9226680,165892,165892,0
9227071,6,-1,9226680,73,0,0
9227245,7,-1,9226680,165784,165784,0
9227404,8,-1,9226680,0,0,0
9227609,9,-1,9226680,1,0,0
9227835,11,-1,9226680,1,44,0
9227979,12,-1,9226680,0,0,0
9326705,4,-1,9326698,0,0,0
9327060,5,-1,9326698,165748,165704,0
9327256,6,-1,9326698,13,0,0
9327472,7,-1,9326698,165700,165700,0
9327748,8,-1,9326698,0,0,0
9327991,9,-1,9326698,1,0,0
9328164,11,-1,9326698,1,45,0
9328307,12,-1,9326698,0,0,0
9426694,4,-1,9426675,0,0,0
9426954,5,-1,9426675,165664,165664,0
9427082,6,-1,9426675,1,0,0
9427254,7,-1,9426675,165620,165620,0
9427415,8,-1,9426675,0,0,0
9427612,2,0,9426,0,0,0
9427786,9,-1,9426675,0,1,0
9427913,12,-1,9426675,0,0,0
9526664,4,-1,9526658,0,0,0
9526950,5,-1,9526658,165620,165604,0
9527078,6,-1,9526658,2,0,0
9527251,7,-1,9526658,165576,165576,0
9527410,8,-1,9526658,0,0,0
9527601,9,-1,9526658,1,0,0
9527861,11,-1,9526658,1,46,0
9528007,12,-1,9526658,0,0,0
9626560,4,-1,9626550,0,0,0
9626973,5,-1,9626550,165540,165540,0
9627152,6,-1,9626550,4,0,0
9627367,7,-1,9626550,165496,165496,0
9627692,8,-1,9626550,0,0,0
9627903,2,0,9626,0,0,0
9628051,9,-1,9626550,0,1,0
9628184,12,-1,9626550,0,0,0
9726662,4,-1,9726655,0,0,0
9727191,5,-1,9726655,165496,165480,0
9727556,6,-1,9726655,1,0,0
9727850,7,-1,9726655,165452,165452,0
9728208,8,-1,9726655,0,0,0
9728445,9,-1,9726655,1,0,0
9728720,11,-1,9726655,1,47,0
9728995,12,-1,9726655,0,0,0
9826555,4,-1,9826547,0,0,0
9826973,5,-1,9826547,165416,165416,0
9827270,6,-1,9826547,63,0,0
9827675,7,-1,9826547,165320,165320,0
9828059,8,-1,9826547,0,0,0
9828320,2,0,9826,0,0,0
9828684,9,-1,9826547,0,1,0
9829036,12,-1,9826547,0,0,0
9926584,4,-1,9926578,0,0,0
9926882,5,-1,9926578,165320,165252,0
9926995,6,-1,9926578,1,0,0
9927182,7,-1,9926578,165276,165252,0
9927329,8,-1,9926578,0,0,0
9927462,9,-1,9926578,1,0,0
9927628,11,-1,9926578,1,48,0
9927780,12,-1,9926578,0,0,0
10026695,4,-1,10026675,0,0,0
10026980,5,-1,10026675,165240,165240,0
10027124,6,-1,10026675,4,0,0
10027299,7,-1,10026675,165196,165196,0
10027515,8,-1,10026675,0,0,0
10027661,9,-1,10026675,1,0,0
10027860,11,-1,10026675,1,49,0
10027998,12,-1,10026675,0,0,0
10126658,4,-1,10126652,0,0,0
10126989,5,-1,10126652,165160,165160,0
10127139,6,-1,10126652,36,0,0
10127294,7,-1,10126652,165092,165092,0
10127454,8,-1,10126652,0,0,0
10127597,2,0,10126,0,0,0
10127771,9,-1,10126652,0,1,0
10128014,12,-1,10126652,0,0,0
10226668,4,-1,10226662,0,0,0
10226939,5,-1,10226662,165092,165052,0
10227156,6,-1,10226662,26,0,0
10227315,7,-1,10226662,165032,165032,0
10227498,8,-1,10226662,0,0,0
10227693,9,-1,10226662,1,0,0
10227898,11,-1,10226662,1,50,0
10228033,12,-1,10226662,0,0,0
10326706,4,-1,10326700,0,0,0
10326968,5,-1,10326700,164996,164996,0
10327100,6,-1,10326700,17,0,0
10327277,7,-1,10326700,164944,164944,0
10327627,8,-1,10326700,0,0,0
10327950,9,-1,10326700,1,0,0
10328169,11,-1,10326700,1,51,0
10328267,12,-1,10326700,0,0,0
10426540,4,-1,10426535,0,0,0
10426939,5,-1,10426535,164908,164908,0
10427107,6,-1,10426535,1,0,0
10427260,7,-1,10426535,164864,164864,0
10427419,8,-1,10426535,0,0,0
10427690,2,0,10426,0,0,0
10427917,9,-1,10426535,0,1,0
10428073,12,-1,10426535,0,0,0
10526542,4,-1,10526536,0,0,0
10526910,5,-1,10526536,164864,164848,0
10527036,6,-1,10526536,0,0,0
10626558,4,-1,10626551,0,0,0
10626789,5,-1,10626551,164864,164848,0
10626944,6,-1,10626551,1,0,0
10627122,7,-1,10626551,164820,164820,0
10627275,8,-1,10626551,0,0,0
10627389,9,-1,10626551,1,0,0
10627603,11,-1,10626551,1,52,0
10627761,12,-1,10626551,0,0,0
10726615,4,-1,10726608,0,0,0
10726969,5,-1,10726608,164784,164784,0
10727100,6,-1,10726608,0,0,0
10826651,4,-1,10826609,0,0,0
10827059,5,-1,10826609,164784,164784,0
10827413,6,-1,10826609,46,0,0
10827943,7,-1,10826609,164704,164704,0
10828270,8,-1,10826609,0,0,0
10828535,9,-1,10826609,1,0,0
10828750,11,-1,10826609,1,53,0
10828920,12,-1,10826609,0,0,0
10926654,4,-1,10926649,0,0,0
10926949,5,-1,10926649,164668,164652,0
10927196,6,-1,10926649,5,0,0
10927443,7,-1,10926649,164624,164624,0
10927753,8,-1,10926649,0,0,0
10927931,9,-1,10926649,1,0,0
10928053,11,-1,10926649,1,54,0
10928152,12,-1,10926649,0,0,0
11026664,4,-1,11026656,0,0,0
11027027,5,-1,11026656,164588,164588,0
11027248,6,-1,11026656,7,0,0
11027427,7,-1,11026656,164544,164544,0
11027626,8,-1,11026656,0,0,0
11027771,9,-1,11026656,1,0,0
11027984,11,-1,11026656,1,55,0
11028121,12,-1,11026656,0,0,0
11126531,4,-1,11126522,0,0,0
11126995,5,-1,11126522,164508,164508,0
11127287,6,-1,11126522,11,0,0
11127718,7,-1,11126522,164464,164464,0
11127987,8,-1,11126522,0,0,0
11128108,2,0,11126,0,0,0
11128216,9,-1,11126522,0,1,0
11128334,12,-1,11126522,0,0,0
11226678,4,-1,11226670,0,0,0
11226958,5,-1,11226670,164464,164448,0
11227093,6,-1,11226670,2,0,0
11227269,7,-1,11226670,164420,164420,0
11227432,8,-1,11226670,0,0,0
11227635,9,-1,11226670,1,0,0
11227928,11,-1,11226670,1,56,0
11228087,12,-1,11226670,0,0,0
11326680,4,-1,11326674,0,0,0
11326975,5,-1,11326674,164384,164384,0
11327121,6,-1,11326674,1,0,0
11327296,7,-1,11326674,164340,164340,0
11327509,8,-1,11326674,0,0,0
11327633,9,-1,11326674,1,0,0
11327761,11,-1,11326674,1,57,0
11327945,12,-1,11326674,0,0,0
11426652,4,-1,11426646,0,0,0
11426958,5,-1,11426646,164304,164304,0
11427093,6,-1,11426646,1,0,0
11427269,7,-1,11426646,164260,164260,0
11427431,8,-1,11426646,0,0,0
11427707,2,0,11426,0,0,0
11427880,9,-1,11426646,0,1,0
11428063,12,-1,11426646,0,0,0
11526652,4,-1,11526626,0,0,0
11526955,5,-1,11526626,164260,164244,0
11527118,6,-1,11526626,2,0,0
11527278,7,-1,11526626,164216,164216,0
11527437,8,-1,11526626,0,0,0
11527606,9,-1,11526626,1,0,0
11527834,11,-1,11526626,1,58,0
11527999,12,-1,11526626,0,0,0
11626548,4,-1,11626540,0,0,0
11626929,5,-1,11626540,164180,164180,0
11627183,6,-1,11626540,0,0,0
11726680,4,-1,11726673,0,0,0
11726989,5,-1,11726673,164180,164180,0
11727130,6,-1,11726673,1,0,0
11727303,7,-1,11726673,164136,164136,0
11727541,8,-1,11726673,0,0,0
11727709,9,-1,11726673,1,0,0
11727898,11,-1,11726673,1,59,0
11728033,12,-1,11726673,0,0,0
11826564,4,-1,11826535,0,0,0
11827220,5,-1,11826535,164100,164100,0
11827574,6,-1,11826535,1,0,0
11827971,7,-1,11826535,164056,164056,0
11828175,8,-1,11826535,0,0,0
11828285,2,0,11826,0,0,0
11828382,9,-1,11826535,0,1,0
11828557,12,-1,11826535,0,0,0
11926657,4,-1,11926651,0,0,0
11926969,5,-1,11926651,164056,164040,0
11927168,6,-1,11926651,36,0,0
11927436,7,-1,11926651,163988,163988,0
11927817,8,-1,11926651,0,0,0
11927977,9,-1,11926651,1,0,0
11928145,11,-1,11926651,1,60,0
11928285,12,-1,11926651,0,0,0
12026577,4,-1,12026571,0,0,0
12026860,5,-1,12026571,163952,163948,0
12027045,6,-1,12026571,4,0,0
12027247,7,-1,12026571,163908,163908,0
12027460,8,-1,12026571,0,0,0
12027774,2,0,12026,0,0,0
12027981,9,-1,12026571,0,1,0
12028095,12,-1,12026571,0,0,0
12126650,4,-1,12126621,0,0,0
12126941,5,-1,12126621,163908,163892,0
12127085,6,-1,12126621,1,0,0
12127238,7,-1,12126621,163864,163864,0
12127420,8,-1,12126621,0,0,0
12127659,9,-1,12126621,1,0,0
12127918,11,-1,12126621,1,61,0
12128039,12,-1,12126621,0,0,0
12226652,4,-1,12226629,0,0,0
12227020,5,-1,12226629,163828,163828,0
12227244,6,-1,12226629,1,0,0
12227428,7,-1,12226629,163784,163784,0
12227736,8,-1,12226629,0,0,0
12228142,9,-1,12226629,1,0,0
12228364,11,-1,12226629,1,62,0
12228687,12,-1,12226629,0,0,0
12326658,4,-1,12326652,0,0,0
12326966,5,-1,12326652,163748,163748,0
12327113,6,-1,12326652,0,0,0
12426668,4,-1,12426661,0,0,0
12426999,5,-1,12426661,163748,163748,0
12427123,6,-1,12426661,0,0,0
12526696,4,-1,12526688,0,0,0
12526988,5,-1,12526688,163748,163748,0
12527117,6,-1,12526688,0,0,0
12626520,4,-1,12626510,0,0,0
12626885,5,-1,12626510,163748,163748,0
12627201,6,-1,12626510,0,0,0
12726604,4,-1,12726575,0,0,0
12727006,5,-1,12726575,163748,163748,0
12727204,6,-1,12726575,4,0,0
12727442,7,-1,12726575,163704,163704,0
12727687,8,-1,12726575,0,0,0
12727980,9,-1,12726575,1,0,0
12728272,11,-1,12726575,1,63,0
12728460,12,-1,12726575,0,0,0
12826697,4,-1,12826678,0,0,0
12826972,5,-1,12826678,163668,163668,0
12827110,6,-1,12826678,4,0,0
12827239,7,-1,12826678,163624,163624,0
12827375,8,-1,12826678,0,0,0
12827692,9,-1,12826678,1,0,0
12827977,11,-1,12826678,1,64,0
12828100,12,-1,12826678,0,0,0
12926714,4,-1,12926694,0,0,0
12926924,5,-1,12926694,163588,163588,0
12927046,6,-1,12926694,17,0,0
12927181,7,-1,12926694,163536,163536,0
12927316,8,-1,12926694,0,0,0
12927413,9,-1,12926694,1,0,0
12927719,11,-1,12926694,1,65,0
12928027,12,-1,12926694,0,0,0
13026679,4,-1,13026674,0,0,0
13026903,5,-1,13026674,163500,163500,0
13027031,6,-1,13026674,1,0,0
13027160,7,-1,13026674,163456,163456,0
13027296,8,-1,13026674,0,0,0
13027393,2,0,13026,0,0,0
13027515,9,-1,13026674,0,1,0
13027747,12,-1,13026674,0,0,0
13126681,4,-1,13126676,0,0,0
13126887,5,-1,13126676,163456,163440,0
13127054,6,-1,13126676,20,0,0
13127225,7,-1,13126676,163404,163404,0
13127386,8,-1,13126676,0,0,0
13127572,9,-1,13126676,1,0,0
13127738,11,-1,13126676,1,66,0
13127952,12,-1,13126676,0,0,0
13226711,4,-1,13226706,0,0,0
13226976,5,-1,13226706,163368,163368,0
13227123,6,-1,13226706,1,0,0
13227298,7,-1,13226706,163324,163324,0
13227454,8,-1,13226706,0,0,0
13227607,9,-1,13226706,1,0,0
13227815,11,-1,13226706,1,67,0
13227966,12,-1,13226706,0,0,0
13326690,4,-1,13326671,0,0,0
13326986,5,-1,13326671,163288,163288,0
13327104,6,-1,13326671,31,0,0
13327279,7,-1,13326671,163224,163224,0
13327441,8,-1,13326671,0,0,0
13327651,2,0,13326,0,0,0
13327821,9,-1,13326671,0,1,0
13327947,12,-1,13326671,0,0,0
13426673,4,-1,13426667,0,0,0
13426991,5,-1,13426667,163224,163188,0
13427136,6,-1,13426667,0,0,0
13526586,4,-1,13526575,0,0,0
13527006,5,-1,13526575,163224,163188,0
13527203,6,-1,13526575,67,0,0
13527448,7,-1,13526575,163124,163124,0
13527904,8,-1,13526575,0,0,0
13528025,9,-1,13526575,1,0,0
13528149,11,-1,13526575,1,68,0
13528279,12,-1,13526575,0,0,0
13626573,4,-1,13626563,0,0,0
13626980,5,-1,13626563,163088,163052,0
13627240,6,-1,13626563,5,0,0
13627410,7,-1,13626563,163044,163044,0
13627715,8,-1,13626563,0,0,0
13627938,2,0,13626,0,0,0
13628088,9,-1,13626563,0,1,0
13628245,12,-1,13626563,0,0,0
13726615,4,-1,13726608,0,0,0
13727195,5,-1,13726608,163044,163028,0
13727461,6,-1,13726608,10,0,0
13727766,7,-1,13726608,163000,163000,0
13728056,8,-1,13726608,0,0,0
13728275,9,-1,13726608,1,0,0
13728673,11,-1,13726608,1,69,0
13729150,12,-1,13726608,0,0,0
13826673,4,-1,13826667,0,0,0
13826931,5,-1,13826667,162964,162964,0
13827060,6,-1,13826667,1,0,0
13827188,7,-1,13826667,162920,162920,0
13827326,8,-1,13826667,0,0,0
13827516,9,-1,13826667,1,0,0
13827745,11,-1,13826667,1,70,0
13827968,12,-1,13826667,0,0,0
13926624,4,-1,13926619,0,0,0
13926995,5,-1,13926619,162884,162884,0
13927199,6,-1,13926619,2,0,0
13927354,7,-1,13926619,162840,162840,0
13927581,8,-1,13926619,0,0,0
13927734,2,0,13926,0,0,0
13927906,9,-1,13926619,0,1,0
13928042,12,-1,13926619,0,0,0
14026578,4,-1,14026571,0,0,0
14026954,5,-1,14026571,162840,162824,0
14027074,6,-1,14026571,0,0,0
14126541,4,-1,14126530,0,0,0
14126902,5,-1,14126530,162840,162824,0
14127174,6,-1,14126530,3,0,0
14127587,7,-1,14126530,162796,162796,0
14127964,8,-1,14126530,0,0,0
14128203,9,-1,14126530,1,0,0
14128559,11,-1,14126530,1,71,0
14128785,12,-1,14126530,0,0,0
14226610,4,-1,14226600,0,0,0
14227035,5,-1,14226600,162760,162760,0
14227213,6,-1,14226600,6,0,0
14227392,7,-1,14226600,162716,162716,0
14227670,8,-1,14226600,0,0,0
14227881,9,-1,14226600,1,0,0
14228045,11,-1,14226600,1,72,0
14228190,12,-1,14226600,0,0,0
14326677,4,-1,14326672,0,0,0
14326997,5,-1,14326672,162680,162680,0
14327119,6,-1,14326672,0,0,0
14426612,4,-1,14426604,0,0,0
14426964,5,-1,14426604,162680,162680,0
14427163,6,-1,14426604,1,0,0
14427358,7,-1,14426604,162636,162636,0
14427619,8,-1,14426604,0,0,0
14427897,9,-1,14426604,1,0,0
14428070,11,-1,14426604,1,73,0
14428195,12,-1,14426604,0,0,0
14526625,4,-1,14526609,0,0,0
14527119,5,-1,14526609,162600,162600,0
14527528,6,-1,14526609,1,0,0
14527885,7,-1,14526609,162556,162556,0
14528180,8,-1,14526609,0,0,0
14528390,9,-1,14526609,1,0,0
14528706,11,-1,14526609,1,74,0
14528971,12,-1,14526609,0,0,0
14626555,4,-1,14626545,0,0,0
14627216,5,-1,14626545,162520,162520,0
14627570,6,-1,14626545,1,0,0
14627953,7,-1,14626545,162476,162476,0
14628390,8,-1,14626545,0,0,0
14629027,2,0,14626,0,0,0
14629236,9,-1,14626545,0,1,0
14629471,12,-1,14626545,0,0,0
14726663,4,-1,14726657,0,0,0
14726952,5,-1,14726657,162476,162460,0
14727070,6,-1,14726657,11,0,0
14727192,7,-1,14726657,162432,162432,0
14727321,8,-1,14726657,0,0,0
14727417,9,-1,14726657,1,0,0
14727578,11,-1,14726657,1,75,0
14727700,12,-1,14726657,0,0,0
14826559,4,-1,14826551,0,0,0
14826915,5,-1,14826551,162396,162396,0
14827097,6,-1,14826551,1,0,0
14827367,7,-1,14826551,162352,162352,0
14827692,8,-1,14826551,0,0,0
14827915,2,0,14826,0,0,0
14828087,9,-1,14826551,0,1,0
14828206,12,-1,14826551,0,0,0
14926691,4,-1,14926672,0,0,0
14926962,5,-1,14926672,162352,162336,0
14927098,6,-1,14926672,1,0,0
14927227,7,-1,14926672,162308,162308,0
14927363,8,-1,14926672,0,0,0
14927460,9,-1,14926672,1,0,0
14927817,11,-1,14926672,1,76,0
14928057,12,-1,14926672,0,0,0
15026653,4,-1,15026647,0,0,0
15026917,5,-1,15026647,162272,162272,0
15027205,6,-1,15026647,7,0,0
15027469,7,-1,15026647,162228,162228,0
15027846,8,-1,15026647,0,0,0
15028003,2,0,15026,0,0,0
15028145,9,-1,15026647,0,1,0
15028293,12,-1,15026647,0,0,0
15126698,4,-1,15126679,0,0,0
15126958,5,-1,15126679,162228,162212,0
15127094,6,-1,15126679,3,0,0
15127222,7,-1,15126679,162184,162184,0
15127357,8,-1,15126679,0,0,0
15127454,9,-1,15126679,1,0,0
15127819,11,-1,15126679,1,77,0
15128045,12,-1,15126679,0,0,0
15226652,4,-1,15226647,0,0,0
15226976,5,-1,15226647,162148,162148,0
15227104,6,-1,15226647,13,0,0
15227399,7,-1,15226647,162100,162100,0
15227693,8,-1,15226647,0,0,0
15227925,2,0,15226,0,0,0
15228051,9,-1,15226647,0,1,0
15228170,12,-1,15226647,0,0,0
15326654,4,-1,15326649,0,0,0
15326981,5,-1,15326649,162100,162080,0
15327129,6,-1,15326649,3,0,0
15327281,7,-1,15326649,162056,162056,0
15327440,8,-1,15326649,0,0,0
15327672,9,-1,15326649,1,0,0
15327859,11,-1,15326649,1,78,0
15328005,12,-1,15326649,0,0,0
15426658,4,-1,15426626,0,0,0
15426982,5,-1,15426626,162020,162020,0
15427110,6,-1,15426626,0,0,0
15526671,4,-1,15526648,0,0,0
15526984,5,-1,15526648,162020,162020,0
15527178,6,-1,15526648,8,0,0
15527369,7,-1,15526648,161976,161976,0
15527678,8,-1,15526648,0,0,0
15527946,9,-1,15526648,1,0,0
15528128,11,-1,15526648,1,79,0
15528295,12,-1,15526648,0,0,0
15626552,4,-1,15626525,0,0,0
15626963,5,-1,15626525,161940,161940,0
15627237,6,-1,15626525,1,0,0
15627597,7,-1,15626525,161896,161896,0
15628081,8,-1,15626525,0,0,0
15628334,2,0,15626,0,0,0
15628638,9,-1,15626525,0,1,0
15628919,12,-1,15626525,0,0,0
15726655,4,-1,15726650,0,0,0
15727072,5,-1,15726650,161896,161880,0
15727260,6,-1,15726650,1,0,0
15727442,7,-1,15726650,161852,161852,0
15727762,8,-1,15726650,0,0,0
15728036,9,-1,15726650,1,0,0
15728229,11,-1,15726650,1,80,0
15728403,12,-1,15726650,0,0,0
15826677,4,-1,15826671,0,0,0
15827102,5,-1,15826671,161816,161816,0
15827301,6,-1,15826671,20,0,0
15827549,7,-1,15826671,161764,161764,0
15827865,8,-1,15826671,0,0,0
15828046,9,-1,15826671,1,0,0
15828218,11,-1,15826671,1,81,0
15828394,12,-1,15826671,0,0,0
15926658,4,-1,15926649,0,0,0
15927131,5,-1,15926649,161728,161728,0
15927349,6,-1,15926649,35,0,0
15927671,7,-1,15926649,161660,161660,0
15928138,8,-1,15926649,0,0,0
15928397,2,0,15926,0,0,0
15928661,9,-1,15926649,0,1,0
15929016,12,-1,15926649,0,0,0
16026697,4,-1,16026691,0,0,0
16026951,5,-1,16026691,161660,161620,0
16027103,6,-1,16026691,0,0,0
16126702,4,-1,16126682,0,0,0
16126948,5,-1,16126682,161660,161620,0
16127081,6,-1,16126682,83,0,0
16127257,7,-1,16126682,161544,161544,0
16127419,8,-1,16126682,0,0,0
16127631,9,-1,16126682,1,0,0
16127886,11,-1,16126682,1,82,0
16127987,12,-1,16126682,0,0,0
16226660,4,-1,16226652,0,0,0
16226974,5,-1,16226652,161508,161456,0
16227180,6,-1,16226652,3,0,0
16227589,7,-1,16226652,161464,161456,0
16227945,8,-1,16226652,0,0,0
16228132,2,0,16226,0,0,0
16228278,9,-1,16226652,0,1,0
16228436,12,-1,16226652,0,0,0
16326545,4,-1,16326538,0,0,0
16326954,5,-1,16326538,161464,161448,0
16327135,6,-1,16326538,45,0,0
16327313,7,-1,16326538,161384,161384,0
16327516,8,-1,16326538,0,0,0
16327677,9,-1,16326538,1,0,0
16327853,11,-1,16326538,1,83,0
16328006,12,-1,16326538,0,0,0
16426562,4,-1,16426555,0,0,0
16426866,5,-1,16426555,161348,161332,0
16427135,6,-1,16426555,2,0,0
16427372,7,-1,16426555,161304,161304,0
16427726,8,-1,16426555,0,0,0
16427928,9,-1,16426555,1,0,0
16428140,11,-1,16426555,1,84,0
16428268,12,-1,16426555,0,0,0
16526675,4,-1,16526670,0,0,0
16526970,5,-1,16526670,161268,161268,0
16527127,6,-1,16526670,1,0,0
16527280,7,-1,16526670,161224,161224,0
16527456,8,-1,16526670,0,0,0
16527643,9,-1,16526670,1,0,0
16527863,11,-1,16526670,1,85,0
16528023,12,-1,16526670,0,0,0
16626537,4,-1,16626528,0,0,0
16626861,5,-1,16626528,161188,161188,0
16627084,6,-1,16626528,35,0,0
16627278,7,-1,16626528,161120,161120,0
16627464,8,-1,16626528,0,0,0
16627673,2,0,16626,0,0,0
16627843,9,-1,16626528,0,1,0
16627995,12,-1,16626528,0,0,0
16726560,4,-1,16726554,0,0,0
16726850,5,-1,16726554,161120,161080,0
16727011,6,-1,16726554,0,0,0
16826693,4,-1,16826673,0,0,0
16826952,5,-1,16826673,161120,161080,0
16827073,6,-1,16826673,3,0,0
16827268,7,-1,16826673,161076,161076,0
16827557,8,-1,16826673,0,0,0
16827750,9,-1,16826673,1,0,0
16827931,11,-1,16826673,1,86,0
16828030,12,-1,16826673,0,0,0
16926683,4,-1,16926676,0,0,0
16926979,5,-1,16926676,161040,161040,0
16927108,6,-1,16926676,1,0,0
16927280,7,-1,16926676,160996,160996,0
16927453,8,-1,16926676,0,0,0
16927678,9,-1,16926676,1,0,0
16927852,11,-1,16926676,1,87,0
16927970,12,-1,16926676,0,0,0
17026657,4,-1,17026625,0,0,0
17027038,5,-1,17026625,160960,160960,0
17027154,6,-1,17026625,11,0,0
17027330,7,-1,17026625,160916,160916,0
17027578,8,-1,17026625,0,0,0
17027818,2,0,17026,0,0,0
17027956,9,-1,17026625,0,1,0
17028163,12,-1,17026625,0,0,0
17126682,4,-1,17126676,0,0,0
17126969,5,-1,17126676,160916,160900,0
17127099,6,-1,17126676,10,0,0
17127220,7,-1,17126676,160872,160872,0
17127349,8,-1,17126676,0,0,0
17127463,9,-1,17126676,1,0,0
17127676,11,-1,17126676,1,88,0
17127845,12,-1,17126676,0,0,0
17226630,4,-1,17226624,0,0,0
17226945,5,-1,17226624,160836,160836,0
17227100,6,-1,17226624,1,0,0
17227271,7,-1,17226624,160792,160792,0
17227431,8,-1,17226624,0,0,0
17227594,2,0,17226,0,0,0
17227809,9,-1,17226624,0,1,0
17227959,12,-1,17226624,0,0,0
17326565,4,-1,17326554,0,0,0
17327125,5,-1,17326554,160792,160776,0
17327327,6,-1,17326554,12,0,0
17327722,7,-1,17326554,160748,160748,0
17328034,8,-1,17326554,0,0,0
17328150,9,-1,17326554,1,0,0
17328299,11,-1,17326554,1,89,0
17328422,12,-1,17326554,0,0,0
17426643,4,-1,17426608,0,0,0
17427166,5,-1,17426608,160712,160712,0
17427436,6,-1,17426608,5,0,0
17427730,7,-1,17426608,160668,160668,0
17427915,8,-1,17426608,0,0,0
17428031,9,-1,17426608,1,0,0
17428157,11,-1,17426608,1,90,0
17428338,12,-1,17426608,0,0,0
17526698,4,-1,17526677,0,0,0
17527011,5,-1,17526677,160632,160632,0
17527206,6,-1,17526677,10,0,0
17527426,7,-1,17526677,160588,160588,0
17527690,8,-1,17526677,0,0,0
17527859,9,-1,17526677,1,0,0
17527975,11,-1,17526677,1,91,0
17528082,12,-1,17526677,0,0,0
17626571,4,-1,17626561,0,0,0
17627092,5,-1,17626561,160552,160552,0
17627398,6,-1,17626561,0,0,0
17726566,4,-1,17726559,0,0,0
17726929,5,-1,17726559,160552,160552,0
17727042,6,-1,17726559,0,0,0
17826686,4,-1,17826679,0,0,0
17827048,5,-1,17826679,160552,160552,0
17827213,6,-1,17826679,0,0,0
17926676,4,-1,17926669,0,0,0
17926946,5,-1,17926669,160552,160552,0
17927164,6,-1,17926669,0,0,0
18026659,4,-1,18026653,0,0,0
18026953,5,-1,18026653,160552,160552,0
18027086,6,-1,18026653,19,0,0
18027216,7,-1,18026653,160500,160500,0
18027380,8,-1,18026653,0,0,0
18027673,9,-1,18026653,1,0,0
18027835,11,-1,18026653,1,92,0
18027946,12,-1,18026653,0,0,0
18126653,4,-1,18126648,0,0,0
18126964,5,-1,18126648,160464,160464,0
18127111,6,-1,18126648,115,0,0
18127326,7,-1,18126648,160316,160316,0
18127534,8,-1,18126648,0,0,0
18127667,2,0,18126,0,0,0
18127817,9,-1,18126648,0,1,0
18128048,12,-1,18126648,0,0,0
18226692,4,-1,18226673,0,0,0
18226942,5,-1,18226673,160316,160196,0
18227144,6,-1,18226673,1,0,0
18227328,7,-1,18226673,160272,160196,0
18227604,8,-1,18226673,0,0,0
18227950,9,-1,18226673,1,0,0
18228124,11,-1,18226673,1,93,0
18228327,12,-1,18226673,0,0,0
18326563,4,-1,18326556,0,0,0
18327193,5,-1,18326556,160236,160196,0
18327409,6,-1,18326556,0,0,0
18426653,4,-1,18426647,0,0,0
18426948,5,-1,18426647,160236,160196,0
18427207,6,-1,18426647,4,0,0
18427358,7,-1,18426647,160192,160192,0
18427640,8,-1,18426647,0,0,0
18427843,9,-1,18426647,1,0,0
18427969,11,-1,18426647,1,94,0
18428102,12,-1,18426647,0,0,0
18526710,4,-1,18526704,0,0,0
18526950,5,-1,18526704,160156,160156,0
18527099,6,-1,18526704,31,0,0
18527292,7,-1,18526704,160092,160092,0
18527478,8,-1,18526704,0,0,0
18527672,9,-1,18526704,1,0,0
18527889,11,-1,18526704,1,95,0
18528028,12,-1,18526704,0,0,0
18626567,4,-1,18626557,0,0,0
18626881,5,-1,18626557,160056,160056,0
18627045,6,-1,18626557,62,0,0
18627230,7,-1,18626557,159960,159960,0
18627392,8,-1,18626557,0,0,0
18627657,2,0,18626,0,0,0
18627871,9,-1,18626557,0,1,0
18628033,12,-1,18626557,0,0,0
18726678,4,-1,18726672,0,0,0
18726926,5,-1,18726672,159960,159892,0
18727099,6,-1,18726672,1,0,0
18727269,7,-1,18726672,159916,159892,0
18727434,8,-1,18726672,0,0,0
18727612,9,-1,18726672,1,0,0
18727773,11,-1,18726672,1,96,0
18727939,12,-1,18726672,0,0,0
18826673,4,-1,18826666,0,0,0
18826975,5,-1,18826666,159880,159880,0
18827178,6,-1,18826666,0,0,0
18926568,4,-1,18926555,0,0,0
18926958,5,-1,18926555,159880,159880,0
18927256,6,-1,18926555,35,0,0
18927598,7,-1,18926555,159812,159812,0
18927885,8,-1,18926555,0,0,0
18928102,9,-1,18926555,1,0,0
18928311,11,-1,18926555,1,97,0
18928576,12,-1,18926555,0,0,0
19026698,4,-1,19026679,0,0,0
19026953,5,-1,19026679,159776,159772,0
19027114,6,-1,19026679,37,0,0
19027290,7,-1,19026679,159704,159704,0
19027455,8,-1,19026679,0,0,0
19027625,9,-1,19026679,1,0,0
19027846,11,-1,19026679,1,98,0
19027988,12,-1,19026679,0,0,0
19126656,4,-1,19126651,0,0,0
19126963,5,-1,19126651,159668,159660,0
19127095,6,-1,19126651,49,0,0
19127270,7,-1,19126651,159584,159584,0
19127434,8,-1,19126651,0,0,0
19127601,2,0,19126,0,0,0
19127775,9,-1,19126651,0,1,0
19127917,12,-1,19126651,0,0,0
19226580,4,-1,19226570,0,0,0
19227231,5,-1,19226570,159584,159528,0
19227450,6,-1,19226570,1,0,0
19227741,7,-1,19226570,159540,159528,0
19228049,8,-1,19226570,0,0,0
19228199,9,-1,19226570,1,0,0
19228377,11,-1,19226570,1,99,0
19228794,12,-1,19226570,0,0,0
19326526,4,-1,19326519,0,0,0
19326983,5,-1,19326519,159504,159504,0
19327122,6,-1,19326519,1,0,0
19327304,7,-1,19326519,159460,159460,0
19327509,8,-1,19326519,0,0,0
19327658,2,0,19326,0,0,0
19327817,9,-1,19326519,0,1,0
19327950,12,-1,19326519,0,0,0
19426654,4,-1,19426648,0,0,0
19427047,5,-1,19426648,159460,159444,0
19427179,6,-1,19426648,1,0,0
19427331,7,-1,19426648,159416,159416,0
19427510,8,-1,19426648,0,0,0
19427708,9,-1,19426648,1,0,0
19427966,11,-1,19426648,1,100,0
19428096,12,-1,19426648,0,0,0
19526646,4,-1,19526640,0,0,0
19526942,5,-1,19526640,159380,159380,0
19527085,6,-1,19526640,2,0,0
19527230,7,-1,19526640,159336,159336,0
19527391,8,-1,19526640,0,0,0
19527565,2,0,19526,0,0,0
19527707,9,-1,19526640,0,1,0
19527931,12,-1,19526640,0,0,0
19626515,4,-1,19626506,0,0,0
19626860,5,-1,19626506,159336,159320,0
19626991,6,-1,19626506,6,0,0
19627141,7,-1,19626506,159292,159292,0
19627312,8,-1,19626506,0,0,0
19627450,9,-1,19626506,1,0,0
19627724,11,-1,19626506,1,101,0
19627954,12,-1,19626506,0,0,0
19726696,4,-1,19726676,0,0,0
19727016,5,-1,19726676,159256,159256,0
19727216,6,-1,19726676,20,0,0
19727421,7,-1,19726676,159204,159204,0
19727646,8,-1,19726676,0,0,0
19727842,9,-1,19726676,1,0,0
19728005,11,-1,19726676,1,102,0
19728104,12,-1,19726676,0,0,0
19826586,4,-1,19826580,0,0,0
19826903,5,-1,19826580,159168,159168,0
19827049,6,-1,19826580,16,0,0
19827193,7,-1,19826580,159120,159120,0
19827341,8,-1,19826580,0,0,0
19827587,2,0,19826,0,0,0
19827834,9,-1,19826580,0,1,0
19828063,12,-1,19826580,0,0,0
19926695,4,-1,19926689,0,0,0
19926962,5,-1,19926689,159120,159100,0
19927109,6,-1,19926689,4,0,0
19927286,7,-1,19926689,159076,159076,0
19927450,8,-1,19926689,0,0,0
19927629,9,-1,19926689,1,0,0
19927924,11,-1,19926689,1,103,0
19928106,12,-1,19926689,0,0,0
20026675,4,-1,20026669,0,0,0
20027010,5,-1,20026669,159040,159040,0
20027139,6,-1,20026669,3,0,0
20027314,7,-1,20026669,158996,158996,0
20027556,8,-1,20026669,0,0,0
20027697,2,0,20026,0,0,0
20027846,9,-1,20026669,0,1,0
20027978,12,-1,20026669,0,0,0
20126655,4,-1,20126647,0,0,0
20126948,5,-1,20126647,158996,158980,0
20127098,6,-1,20126647,3,0,0
20127256,7,-1,20126647,158952,158952,0
20127419,8,-1,20126647,0,0,0
20127649,9,-1,20126647,1,0,0
20127830,11,-1,20126647,1,104,0
20128007,12,-1,20126647,0,0,0
20226597,4,-1,20226584,0,0,0
20227094,5,-1,20226584,158916,158916,0
20227265,6,-1,20226584,26,0,0
20227454,7,-1,20226584,158856,158856,0
20227702,8,-1,20226584,0,0,0
20227919,2,0,20226,0,0,0
20228110,9,-1,20226584,0,1,0
20228238,12,-1,20226584,0,0,0
20326645,4,-1,20326612,0,0,0
20327024,5,-1,20326612,158856,158824,0
20327267,6,-1,20326612,2,0,0
20327426,7,-1,20326612,158812,158812,0
20327669,8,-1,20326612,0,0,0
20327823,9,-1,20326612,1,0,0
20327988,11,-1,20326612,1,105,0
20328112,12,-1,20326612,0,0,0
20426704,4,-1,20426696,0,0,0
20426913,5,-1,20426696,158776,158776,0
20427063,6,-1,20426696,21,0,0
20427235,7,-1,20426696,158720,158720,0
20427437,8,-1,20426696,0,0,0
20427613,9,-1,20426696,1,0,0
20427819,11,-1,20426696,1,106,0
20428004,12,-1,20426696,0,0,0
20526653,4,-1,20526647,0,0,0
20526944,5,-1,20526647,158684,158684,0
20527078,6,-1,20526647,1,0,0
20527254,7,-1,20526647,158640,158640,0
20527413,8,-1,20526647,0,0,0
20527628,2,0,20526,0,0,0
20527754,9,-1,20526647,0,1,0
20527897,12,-1,20526647,0,0,0
20626518,4,-1,20626507,0,0,0
20626851,5,-1,20626507,158640,158624,0
20626999,6,-1,20626507,48,0,0
20627161,7,-1,20626507,158560,158560,0
20627317,8,-1,20626507,0,0,0
20627434,9,-1,20626507,1,0,0
20627684,11,-1,20626507,1,107,0
20627913,12,-1,20626507,0,0,0
20726682,4,-1,20726676,0,0,0
20726911,5,-1,20726676,158524,158508,0
20727025,6,-1,20726676,9,0,0
20727147,7,-1,20726676,158480,158480,0
20727302,8,-1,20726676,0,0,0
20727403,9,-1,20726676,1,0,0
20727575,11,-1,20726676,1,108,0
20727707,12,-1,20726676,0,0,0
20826684,4,-1,20826677,0,0,0
20826913,5,-1,20826677,158444,158444,0
20827061,6,-1,20826677,1,0,0
20827261,7,-1,20826677,158400,158400,0
20827427,8,-1,20826677,0,0,0
20827593,9,-1,20826677,1,0,0
20827728,11,-1,20826677,1,109,0
20827942,12,-1,20826677,0,0,0
20926680,4,-1,20926675,0,0,0
20926953,5,-1,20926675,158364,158364,0
20927082,6,-1,20926675,1,0,0
20927258,7,-1,20926675,158320,158320,0
20927422,8,-1,20926675,0,0,0
20927632,2,0,20926,0,0,0
20927775,9,-1,20926675,0,1,0
20927939,12,-1,20926675,0,0,0
21026739,4,-1,21026720,0,0,0
21026954,5,-1,21026720,158320,158304,0
21027083,6,-1,21026720,2,0,0
21027212,7,-1,21026720,158276,158276,0
21027346,8,-1,21026720,0,0,0
21027444,9,-1,21026720,1,0,0
21027733,11,-1,21026720,1,110,0
21028012,12,-1,21026720,0,0,0
21126677,4,-1,21126671,0,0,0
21126948,5,-1,21126671,158240,158240,0
21127091,6,-1,21126671,1,0,0
21127221,7,-1,21126671,158196,158196,0
21127358,8,-1,21126671,0,0,0
21127456,2,0,21126,0,0,0
21127684,9,-1,21126671,0,1,0
21128008,12,-1,21126671,0,0,0
21226672,4,-1,21226667,0,0,0
21226958,5,-1,21226667,158196,158180,0
21227080,6,-1,21226667,38,0,0
21227209,7,-1,21226667,158124,158124,0
21227344,8,-1,21226667,0,0,0
21227441,9,-1,21226667,1,0,0
21227759,11,-1,21226667,1,111,0
21227939,12,-1,21226667,0,0,0
21326679,4,-1,21326673,0,0,0
21326920,5,-1,21326673,158088,158080,0
21327090,6,-1,21326673,1,0,0
21327246,7,-1,21326673,158044,158044,0
21327409,8,-1,21326673,0,0,0
21327607,9,-1,21326673,1,0,0
21327835,11,-1,21326673,1,112,0
21328051,12,-1,21326673,0,0,0
21426715,4,-1,21426710,0,0,0
21427092,5,-1,21426710,158008,158008,0
21427222,6,-1,21426710,1,0,0
21427396,7,-1,21426710,157964,157964,0
21427609,8,-1,21426710,0,0,0
21427791,9,-1,21426710,1,0,0
21427980,11,-1,21426710,1,113,0
21428092,12,-1,21426710,0,0,0
21527550,4,-1,21527469,0,0,0
21528305,5,-1,21527469,157928,157928,0
21528993,6,-1,21527469,10,0,0
21529452,7,-1,21527469,157884,157884,0
21529910,8,-1,21527469,0,0,0
21530232,9,-1,21527469,1,0,0
21530580,11,-1,21527469,1,114,0
21530946,12,-1,21527469,0,0,0
21626535,4,-1,21626524,0,0,0
21627018,5,-1,21626524,157848,157848,0
21627310,6,-1,21626524,2,0,0
21627590,7,-1,21626524,157804,157804,0
21627874,8,-1,21626524,0,0,0
21628059,2,0,21626,0,0,0
21628225,9,-1,21626524,0,1,0
21628405,12,-1,21626524,0,0,0
21726626,4,-1,21726614,0,0,0
21726946,5,-1,21726614,157804,157788,0
21727074,6,-1,21726614,1,0,0
21727249,7,-1,21726614,157760,157760,0
21727528,8,-1,21726614,0,0,0
21727671,9,-1,21726614,1,0,0
21727828,11,-1,21726614,1,115,0
21727962,12,-1,21726614,0,0,0
21826602,4,-1,21826597,0,0,0
21826940,5,-1,21826597,157724,157724,0
21827057,6,-1,21826597,13,0,0
21827235,7,-1,21826597,157676,157676,0
21827401,8,-1,21826597,0,0,0
21827593,2,0,21826,0,0,0
21827768,9,-1,21826597,0,1,0
21827915,12,-1,21826597,0,0,0
21926592,4,-1,21926584,0,0,0
21926916,5,-1,21926584,157676,157656,0
21927078,6,-1,21926584,17,0,0
21927221,7,-1,21926584,157624,157624,0
21927372,8,-1,21926584,0,0,0
21927541,9,-1,21926584,1,0,0
21927739,11,-1,21926584,1,116,0
21928061,12,-1,21926584,0,0,0
22026545,4,-1,22026539,0,0,0
22026763,5,-1,22026539,157588,157588,0
22026994,6,-1,22026539,19,0,0
22027223,7,-1,22026539,157536,157536,0
22027443,8,-1,22026539,0,0,0
22027669,2,0,22026,0,0,0
22027942,9,-1,22026539,0,1,0
22028115,12,-1,22026539,0,0,0
22126592,4,-1,22126587,0,0,0
22127079,5,-1,22126587,157536,157512,0
22127402,6,-1,22126587,2,0,0
22127880,7,-1,22126587,157492,157492,0
22128153,8,-1,22126587,0,0,0
22128339,9,-1,22126587,1,0,0
22128574,11,-1,22126587,1,117,0
22128754,12,-1,22126587,0,0,0
22226613,4,-1,22226605,0,0,0
22227145,5,-1,22226605,157456,157456,0
22227320,6,-1,22226605,15,0,0
22227597,7,-1,22226605,157408,157408,0
22227893,8,-1,22226605,0,0,0
22228078,9,-1,22226605,1,0,0
22228316,11,-1,22226605,1,118,0
22228589,12,-1,22226605,0,0,0
22326656,4,-1,22326629,0,0,0
22326943,5,-1,22326629,157372,157372,0
22327073,6,-1,22326629,0,0,0
22426658,4,-1,22426629,0,0,0
22426959,5,-1,22426629,157372,157372,0
22427115,6,-1,22426629,2,0,0
22427274,7,-1,22426629,157328,157328,0
22427441,8,-1,22426629,0,0,0
22427623,9,-1,22426629,1,0,0
22427870,11,-1,22426629,1,119,0
22428053,12,-1,22426629,0,0,0
22526648,4,-1,22526624,0,0,0
22526939,5,-1,22526624,157292,157292,0
22527070,6,-1,22526624,7,0,0
22527192,7,-1,22526624,157248,157248,0
22527322,8,-1,22526624,0,0,0
22527424,2,0,22526,0,0,0
22527576,9,-1,22526624,0,1,0
22527732,12,-1,22526624,0,0,0
22626520,4,-1,22626510,0,0,0
22626859,5,-1,22626510,157248,157232,0
22627078,6,-1,22626510,3,0,0
22627262,7,-1,22626510,157204,157204,0
22627462,8,-1,22626510,0,0,0
22627721,9,-1,22626510,1,0,0
22627935,11,-1,22626510,1,120,0
22628074,12,-1,22626510,0,0,0
22726698,4,-1,22726678,0,0,0
22726983,5,-1,22726678,157168,157168,0
22727127,6,-1,22726678,0,0,0
22826675,4,-1,22826667,0,0,0
22826972,5,-1,22826667,157168,157168,0
22827096,6,-1,22826667,4,0,0
22827300,7,-1,22826667,157124,157124,0
22827450,8,-1,22826667,0,0,0
22827729,9,-1,22826667,1,0,0
22827941,11,-1,22826667,1,121,0
22828055,12,-1,22826667,0,0,0
22926697,4,-1,22926679,0,0,0
22926945,5,-1,22926679,157088,157088,0
22927075,6,-1,22926679,1,0,0
22927273,7,-1,22926679,157044,157044,0
22927536,8,-1,22926679,0,0,0
22927791,9,-1,22926679,1,0,0
22927983,11,-1,22926679,1,122,0
22928148,12,-1,22926679,0,0,0
23026672,4,-1,23026666,0,0,0
23027001,5,-1,23026666,157008,157008,0
23027123,6,-1,23026666,1,0,0
23027298,7,-1,23026666,156964,156964,0
23027463,8,-1,23026666,0,0,0
23027765,2,0,23026,0,0,0
23027954,9,-1,23026666,0,1,0
23028092,12,-1,23026666,0,0,0
23126678,4,-1,23126671,0,0,0
23126994,5,-1,23126671,156964,156948,0
23127158,6,-1,23126671,3,0,0
23127316,7,-1,23126671,156920,156920,0
23127564,8,-1,23126671,0,0,0
23127749,9,-1,23126671,1,0,0
23127960,11,-1,23126671,1,123,0
23128086,12,-1,23126671,0,0,0
23226680,4,-1,23226674,0,0,0
23226955,5,-1,23226674,156884,156884,0
23227086,6,-1,23226674,8,0,0
23227274,7,-1,23226674,156840,156840,0
23227431,8,-1,23226674,0,0,0
23227613,9,-1,23226674,1,0,0
23227776,11,-1,23226674,1,124,0
23227925,12,-1,23226674,0,0,0
23326694,4,-1,23326675,0,0,0
23326923,5,-1,23326675,156804,156804,0
23327056,6,-1,23326675,16,0,0
23327232,7,-1,23326675,156756,156756,0
23327514,8,-1,23326675,0,0,0
23327759,9,-1,23326675,1,0,0
23327937,11,-1,23326675,1,125,0
23328040,12,-1,23326675,0,0,0
23426696,4,-1,23426677,0,0,0
23426961,5,-1,23426677,156720,156720,0
23427107,6,-1,23426677,29,0,0
23427231,7,-1,23426677,156656,156656,0
23427368,8,-1,23426677,0,0,0
23427528,9,-1,23426677,1,0,0
23427711,11,-1,23426677,1,126,0
23427894,12,-1,23426677,0,0,0
23526576,4,-1,23526570,0,0,0
23526921,5,-1,23526570,156620,156620,0
23527064,6,-1,23526570,8,0,0
23527237,7,-1,23526570,156576,156576,0
23527459,8,-1,23526570,0,0,0
23527668,2,0,23526,0,0,0
23527808,9,-1,23526570,0,1,0
23527941,12,-1,23526570,0,0,0
23626582,4,-1,23626574,0,0,0
23627005,5,-1,23626574,156576,156560,0
23627182,6,-1,23626574,6,0,0
23627349,7,-1,23626574,156532,156532,0
23627543,8,-1,23626574,0,0,0
23627694,9,-1,23626574,1,0,0
23627903,11,-1,23626574,1,127,0
23628039,12,-1,23626574,0,0,0
23726695,4,-1,23726677,0,0,0
23726962,5,-1,23726677,156496,156496,0
23727082,6,-1,23726677,1,0,0
23727253,7,-1,23726677,156452,156452,0
23727442,8,-1,23726677,0,0,0
23727613,9,-1,23726677,1,0,0
23727883,11,-1,23726677,1,128,0
23728038,12,-1,23726677,0,0,0
23826671,4,-1,23826663,0,0,0
23827098,5,-1,23826663,156416,156416,0
23827297,6,-1,23826663,10,0,0
23827682,7,-1,23826663,156372,156372,0
23828034,8,-1,23826663,0,0,0
23828179,2,0,23826,0,0,0
23828312,9,-1,23826663,0,1,0
23828469,12,-1,23826663,0,0,0
23926654,4,-1,23926625,0,0,0
23926992,5,-1,23926625,156372,156356,0
23927122,6,-1,23926625,4,0,0
23927298,7,-1,23926625,156328,156328,0
23927463,8,-1,23926625,0,0,0
23927768,9,-1,23926625,1,0,0
23928061,11,-1,23926625,1,129,0
23928214,12,-1,23926625,0,0,0
24026608,4,-1,24026602,0,0,0
24026856,5,-1,24026602,156292,156292,0
24026972,6,-1,24026602,2,0,0
24027147,7,-1,24026602,156248,156248,0
24027311,8,-1,24026602,0,0,0
24027479,2,0,24026,0,0,0
24027627,9,-1,24026602,0,1,0
24027738,12,-1,24026602,0,0,0
24126570,4,-1,24126561,0,0,0
24126908,5,-1,24126561,156248,156232,0
24127070,6,-1,24126561,3,0,0
24127362,7,-1,24126561,156204,156204,0
24127699,8,-1,24126561,0,0,0
24127999,9,-1,24126561,1,0,0
24128251,11,-1,24126561,1,130,0
24128555,12,-1,24126561,0,0,0
24226606,4,-1,24226600,0,0,0
24227089,5,-1,24226600,156168,156168,0
24227289,6,-1,24226600,0,0,0
24326679,4,-1,24326672,0,0,0
24327005,5,-1,24326672,156168,156168,0
24327131,6,-1,24326672,0,0,0
24426673,4,-1,24426666,0,0,0
24426973,5,-1,24426666,156168,156168,0
24427128,6,-1,24426666,83,0,0
24427282,7,-1,24426666,156052,156052,0
24427471,8,-1,24426666,0,0,0
24427657,9,-1,24426666,1,0,0
24427869,11,-1,24426666,1,131,0
24428034,12,-1,24426666,0,0,0
24526654,4,-1,24526649,0,0,0
24526937,5,-1,24526649,156016,155964,0
24527097,6,-1,24526649,4,0,0
24527277,7,-1,24526649,155972,155964,0
24527448,8,-1,24526649,0,0,0
24527603,2,0,24526,0,0,0
24527776,9,-1,24526649,0,1,0
24527973,12,-1,24526649,0,0,0
24626549,4,-1,24626541,0,0,0
24626851,5,-1,24626541,155972,155956,0
24627026,6,-1,24626541,0,0,0
24726680,4,-1,24726673,0,0,0
24727052,5,-1,24726673,155972,155956,0
24727254,6,-1,24726673,19,0,0
24727438,7,-1,24726673,155920,155920,0
24727766,8,-1,24726673,0,0,0
24728002,9,-1,24726673,1,0,0
24728171,11,-1,24726673,1,132,0
24728339,12,-1,24726673,0,0,0
24826564,4,-1,24826556,0,0,0
24827017,5,-1,24826556,155884,155884,0
24827289,6,-1,24826556,1,0,0
24827601,7,-1,24826556,155840,155840,0
24827992,8,-1,24826556,0,0,0
24828247,2,0,24826,0,0,0
24828538,9,-1,24826556,0,1,0
24828882,12,-1,24826556,0,0,0
24926701,4,-1,24926682,0,0,0
24927039,5,-1,24926682,155840,155824,0
24927154,6,-1,24926682,8,0,0
24927328,7,-1,24926682,155796,155796,0
24927549,8,-1,24926682,0,0,0
24927721,9,-1,24926682,1,0,0
24927935,11,-1,24926682,1,133,0
24928063,12,-1,24926682,0,0,0
25026656,4,-1,25026626,0,0,0
25026954,5,-1,25026626,155760,155760,0
25027084,6,-1,25026626,1,0,0
25027259,7,-1,25026626,155716,155716,0
25027424,8,-1,25026626,0,0,0
25027648,2,0,25026,0,0,0
25027895,9,-1,25026626,0,1,0
25028010,12,-1,25026626,0,0,0
25126573,4,-1,25126566,0,0,0
25126976,5,-1,25126566,155716,155700,0
25127192,6,-1,25126566,9,0,0
25127413,7,-1,25126566,155672,155672,0
25127754,8,-1,25126566,0,0,0
25127950,9,-1,25126566,1,0,0
25128133,11,-1,25126566,1,134,0
25128332,12,-1,25126566,0,0,0
25226543,4,-1,25226538,0,0,0
25226904,5,-1,25226538,155636,155636,0
25227094,6,-1,25226538,0,0,0
25326664,4,-1,25326657,0,0,0
25326952,5,-1,25326657,155636,155636,0
25327102,6,-1,25326657,1,0,0
25327273,7,-1,25326657,155592,155592,0
25327470,8,-1,25326657,0,0,0
25327630,9,-1,25326657,1,0,0
25327911,11,-1,25326657,1,135,0
25328060,12,-1,25326657,0,0,0
25426670,4,-1,25426664,0,0,0
25426954,5,-1,25426664,155556,155556,0
25427107,6,-1,25426664,18,0,0
25427265,7,-1,25426664,155504,155504,0
25427430,8,-1,25426664,0,0,0
25427675,9,-1,25426664,1,0,0
25427876,11,-1,25426664,1,136,0
25427976,12,-1,25426664,0,0,0
25526659,4,-1,25526627,0,0,0
25526912,5,-1,25526627,155468,155468,0
25527061,6,-1,25526627,0,0,0
25626541,4,-1,25626530,0,0,0
25626936,5,-1,25626530,155468,155468,0
25627182,6,-1,25626530,0,0,0
25726705,4,-1,25726684,0,0,0
25726971,5,-1,25726684,155468,155468,0
25727098,6,-1,25726684,3,0,0
25727227,7,-1,25726684,155424,155424,0
25727374,8,-1,25726684,0,0,0
25727603,9,-1,25726684,1,0,0
25727911,11,-1,25726684,1,137,0
25728035,12,-1,25726684,0,0,0
25826728,4,-1,25826723,0,0,0
25827144,5,-1,25826723,155388,155388,0
25827345,6,-1,25826723,1,0,0
25827689,7,-1,25826723,155344,155344,0
25828064,8,-1,25826723,0,0,0
25828306,9,-1,25826723,1,0,0
25828628,11,-1,25826723,1,138,0
25828886,12,-1,25826723,0,0,0
25926701,4,-1,25926682,0,0,0
25926912,5,-1,25926682,155308,155308,0
25927062,6,-1,25926682,1,0,0
25927235,7,-1,25926682,155264,155264,0
25927397,8,-1,25926682,0,0,0
25927591,2,0,25926,0,0,0
25927775,9,-1,25926682,0,1,0
25928045,12,-1,25926682,0,0,0
26026655,4,-1,26026649,0,0,0
26027052,5,-1,26026649,155264,155248,0
26027362,6,-1,26026649,3,0,0
26027549,7,-1,26026649,155220,155220,0
26027722,8,-1,26026649,0,0,0
26027914,9,-1,26026649,1,0,0
26028076,11,-1,26026649,1,139,0
26028225,12,-1,26026649,0,0,0
26126649,4,-1,26126642,0,0,0
26126960,5,-1,26126642,155184,155184,0
26127110,6,-1,26126642,85,0,0
26127264,7,-1,26126642,155064,155064,0
26127425,8,-1,26126642,0,0,0
26127597,2,0,26126,0,0,0
26127772,9,-1,26126642,0,1,0
26127991,12,-1,26126642,0,0,0
26226662,4,-1,26226653,0,0,0
26227108,5,-1,26226653,155064,154972,0
26227241,6,-1,26226653,0,0,0
26326675,4,-1,26326668,0,0,0
26326952,5,-1,26326668,155064,154972,0
26327071,6,-1,26326668,9,0,0
26327192,7,-1,26326668,155020,154972,0
26327323,8,-1,26326668,0,0,0
26327424,9,-1,26326668,1,0,0
26327609,11,-1,26326668,1,140,0
26327735,12,-1,26326668,0,0,0
26426658,4,-1,26426627,0,0,0
26426958,5,-1,26426627,154984,154972,0
26427130,6,-1,26426627,1,0,0
26427293,7,-1,26426627,154940,154940,0
26427485,8,-1,26426627,0,0,0
26427766,2,0,26426,0,0,0
26427902,9,-1,26426627,0,1,0
26428063,12,-1,26426627,0,0,0
26526679,4,-1,26526673,0,0,0
26526988,5,-1,26526673,154940,154924,0
26527117,6,-1,26526673,3,0,0
26527244,7,-1,26526673,154896,154896,0
26527385,8,-1,26526673,0,0,0
26527546,9,-1,26526673,1,0,0
26527720,11,-1,26526673,1,141,0
26527982,12,-1,26526673,0,0,0
26626587,4,-1,26626580,0,0,0
26626865,5,-1,26626580,154860,154860,0
26627074,6,-1,26626580,1,0,0
26627326,7,-1,26626580,154816,154816,0
26627570,8,-1,26626580,0,0,0
26627728,2,0,26626,0,0,0
26627980,9,-1,26626580,0,1,0
26628211,12,-1,26626580,0,0,0
26726669,4,-1,26726663,0,0,0
26727019,5,-1,26726663,154816,154800,0
26727204,6,-1,26726663,11,0,0
26727421,7,-1,26726663,154772,154772,0
26727650,8,-1,26726663,0,0,0
26727888,9,-1,26726663,1,0,0
26728077,11,-1,26726663,1,142,0
26728258,12,-1,26726663,0,0,0
26826601,4,-1,26826595,0,0,0
26826924,5,-1,26826595,154736,154736,0
26827074,6,-1,26826595,33,0,0
26827227,7,-1,26826595,154668,154668,0
26827386,8,-1,26826595,0,0,0
26827593,2,0,26826,0,0,0
26827777,9,-1,26826595,0,1,0
26827930,12,-1,26826595,0,0,0
26926570,4,-1,26926564,0,0,0
26926950,5,-1,26926564,154668,154628,0
26927164,6,-1,26926564,51,0,0
26927355,7,-1,26926564,154584,154584,0
26927573,8,-1,26926564,0,0,0
26927730,9,-1,26926564,1,0,0
26928050,11,-1,26926564,1,143,0
26928176,12,-1,26926564,0,0,0
27026660,4,-1,27026651,0,0,0
27026938,5,-1,27026651,154548,154528,0
27027072,6,-1,27026651,0,0,0
27126692,4,-1,27126672,0,0,0
27126915,5,-1,27126672,154548,154528,0
27127049,6,-1,27126672,35,0,0
27127173,7,-1,27126672,154480,154480,0
27127309,8,-1,27126672,0,0,0
27127415,9,-1,27126672,1,0,0
27127607,11,-1,27126672,1,144,0
27127890,12,-1,27126672,0,0,0
27226698,4,-1,27226679,0,0,0
27227004,5,-1,27226679,154444,154440,0
27227197,6,-1,27226679,52,0,0
27227382,7,-1,27226679,154360,154360,0
27227682,8,-1,27226679,0,0,0
27227900,9,-1,27226679,1,0,0
27228085,11,-1,27226679,1,145,0
27228285,12,-1,27226679,0,0,0
27326681,4,-1,27326675,0,0,0
27326973,5,-1,27326675,154324,154304,0
27327116,6,-1,27326675,3,0,0
27327289,7,-1,27326675,154280,154280,0
27327540,8,-1,27326675,0,0,0
27327694,2,0,27326,0,0,0
27327986,9,-1,27326675,0,1,0
27328107,12,-1,27326675,0,0,0
27426702,4,-1,27426682,0,0,0
27426965,5,-1,27426682,154280,154264,0
27427115,6,-1,27426682,6,0,0
27427305,7,-1,27426682,154236,154236,0
27427470,8,-1,27426682,0,0,0
27427652,9,-1,27426682,1,0,0
27427808,11,-1,27426682,1,146,0
27427948,12,-1,27426682,0,0,0
27526705,4,-1,27526697,0,0,0
27527061,5,-1,27526697,154200,154200,0
27527328,6,-1,27526697,48,0,0
27527591,7,-1,27526697,154120,154120,0
27527887,8,-1,27526697,0,0,0
27528033,9,-1,27526697,1,0,0
27528209,11,-1,27526697,1,147,0
27528353,12,-1,27526697,0,0,0
27626592,4,-1,27626581,0,0,0
27626945,5,-1,27626581,154084,154068,0
27627177,6,-1,27626581,1,0,0
27627414,7,-1,27626581,154040,154040,0
27627823,8,-1,27626581,0,0,0
27628067,2,0,27626,0,0,0
27628300,9,-1,27626581,0,1,0
27628554,12,-1,27626581,0,0,0
27726563,4,-1,27726555,0,0,0
27726993,5,-1,27726555,154040,154024,0
27727141,6,-1,27726555,1,0,0
27727285,7,-1,27726555,153996,153996,0
27727432,8,-1,27726555,0,0,0
27727715,9,-1,27726555,1,0,0
27728080,11,-1,27726555,1,148,0
27728289,12,-1,27726555,0,0,0
27826633,4,-1,27826627,0,0,0
27826919,5,-1,27826627,153960,153960,0
27827059,6,-1,27826627,41,0,0
27827214,7,-1,27826627,153884,153884,0
27827379,8,-1,27826627,0,0,0
27827572,9,-1,27826627,1,0,0
27827737,11,-1,27826627,1,149,0
27828010,12,-1,27826627,0,0,0
27926688,4,-1,27926669,0,0,0
27926933,5,-1,27926669,153848,153836,0
27927078,6,-1,27926669,8,0,0
27927206,7,-1,27926669,153804,153804,0
27927342,8,-1,27926669,0,0,0
27927531,9,-1,27926669,1,0,0
27927768,11,-1,27926669,1,150,0
27927976,12,-1,27926669,0,0,0
28026624,4,-1,28026611,0,0,0
28026958,5,-1,28026611,153768,153768,0
28027109,6,-1,28026611,1,0,0
28027285,7,-1,28026611,153724,153724,0
28027452,8,-1,28026611,0,0,0
28027728,2,0,28026,0,0,0
28027931,9,-1,28026611,0,1,0
28028043,12,-1,28026611,0,0,0
28126672,4,-1,28126666,0,0,0
28126929,5,-1,28126666,153724,153708,0
28127075,6,-1,28126666,6,0,0
28127248,7,-1,28126666,153680,153680,0
28127412,8,-1,28126666,0,0,0
28127593,9,-1,28126666,1,0,0
28127821,11,-1,28126666,1,151,0
28128001,12,-1,28126666,0,0,0
28226666,4,-1,28226660,0,0,0
28226927,5,-1,28226660,153644,153644,0
28227128,6,-1,28226660,1,0,0
28227288,7,-1,28226660,153600,153600,0
28227452,8,-1,28226660,0,0,0
28227656,2,0,28226,0,0,0
28227903,9,-1,28226660,0,1,0
28228051,12,-1,28226660,0,0,0
28326603,4,-1,28326598,0,0,0
28326969,5,-1,28326598,153600,153584,0
28327101,6,-1,28326598,1,0,0
28327269,7,-1,28326598,153556,153556,0
28327445,8,-1,28326598,0,0,0
28327605,9,-1,28326598,1,0,0
28327838,11,-1,28326598,1,152,0
28328014,12,-1,28326598,0,0,0
28426654,4,-1,28426649,0,0,0
28426946,5,-1,28426649,153520,153520,0
28427141,6,-1,28426649,1,0,0
28427287,7,-1,28426649,153476,153476,0
28427599,8,-1,28426649,0,0,0
28427834,9,-1,28426649,1,0,0
28427948,11,-1,28426649,1,153,0
28428132,12,-1,28426649,0,0,0
28526663,4,-1,28526656,0,0,0
28526908,5,-1,28526656,153440,153440,0
28527035,6,-1,28526656,1,0,0
28527174,7,-1,28526656,153396,153396,0
28527426,8,-1,28526656,0,0,0
28527720,9,-1,28526656,1,0,0
28527949,11,-1,28526656,1,154,0
28528154,12,-1,28526656,0,0,0
28626586,4,-1,28626580,0,0,0
28626819,5,-1,28626580,153360,153360,0
28626967,6,-1,28626580,4,0,0
28627121,7,-1,28626580,153316,153316,0
28627286,8,-1,28626580,0,0,0
28627409,2,0,28626,0,0,0
28627613,9,-1,28626580,0,1,0
28627840,12,-1,28626580,0,0,0
28726681,4,-1,28726674,0,0,0
28726938,5,-1,28726674,153316,153300,0
28727108,6,-1,28726674,9,0,0
28727264,7,-1,28726674,153272,153272,0
28727428,8,-1,28726674,0,0,0
28727630,9,-1,28726674,1,0,0
28727836,11,-1,28726674,1,155,0
28727950,12,-1,28726674,0,0,0
28826647,4,-1,28826623,0,0,0
28827077,5,-1,28826623,153236,153236,0
28827254,6,-1,28826623,8,0,0
28827416,7,-1,28826623,153192,153192,0
28827651,8,-1,28826623,0,0,0
28827893,2,0,28826,0,0,0
28828034,9,-1,28826623,0,1,0
28828203,12,-1,28826623,0,0,0
28926568,4,-1,28926559,0,0,0
28927001,5,-1,28926559,153192,153176,0
28927167,6,-1,28926559,23,0,0
28927371,7,-1,28926559,153136,153136,0
28927635,8,-1,28926559,0,0,0
28927839,9,-1,28926559,1,0,0
28928006,11,-1,28926559,1,156,0
28928139,12,-1,28926559,0,0,0
29026675,4,-1,29026669,0,0,0
29026983,5,-1,29026669,153100,153100,0
29027117,6,-1,29026669,0,0,0
29126695,4,-1,29126675,0,0,0
29127003,5,-1,29126675,153100,153100,0
29127134,6,-1,29126675,1,0,0
29127303,7,-1,29126675,153056,153056,0
29127516,8,-1,29126675,0,0,0
29127663,9,-1,29126675,1,0,0
29127865,11,-1,29126675,1,157,0
29128003,12,-1,29126675,0,0,0
29226695,4,-1,29226676,0,0,0
29226990,5,-1,29226676,153020,153020,0
29227136,6,-1,29226676,3,0,0
29227323,7,-1,29226676,152976,152976,0
29227535,8,-1,29226676,0,0,0
29227699,9,-1,29226676,1,0,0
29227890,11,-1,29226676,1,158,0
29228045,12,-1,29226676,0,0,0
29326558,4,-1,29326550,0,0,0
29326873,5,-1,29326550,152940,152940,0
29327148,6,-1,29326550,1,0,0
29327431,7,-1,29326550,152896,152896,0
29327894,8,-1,29326550,0,0,0
29328109,2,0,29326,0,0,0
29328304,9,-1,29326550,0,1,0
29328587,12,-1,29326550,0,0,0
29426654,4,-1,29426648,0,0,0
29426902,5,-1,29426648,152896,152880,0
29427032,6,-1,29426648,13,0,0
29427155,7,-1,29426648,152848,152848,0
29427290,8,-1,29426648,0,0,0
29427395,9,-1,29426648,1,0,0
29427562,11,-1,29426648,1,159,0
29427684,12,-1,29426648,0,0,0
29526781,4,-1,29526772,0,0,0
29527088,5,-1,29526772,152812,152812,0
29527266,6,-1,29526772,11,0,0
29527430,7,-1,29526772,152768,152768,0
29527774,8,-1,29526772,0,0,0
29528012,9,-1,29526772,1,0,0
29528166,11,-1,29526772,1,160,0
29528287,12,-1,29526772,0,0,0
29626609,4,-1,29626601,0,0,0
29627114,5,-1,29626601,152732,152732,0
29627422,6,-1,29626601,9,0,0
29627829,7,-1,29626601,152688,152688,0
29628142,8,-1,29626601,0,0,0
29628362,2,0,29626,0,0,0
29628656,9,-1,29626601,0,1,0
29628935,12,-1,29626601,0,0,0
29726535,4,-1,29726530,0,0,0
29726900,5,-1,29726530,152688,152672,0
29727097,6,-1,29726530,3,0,0
29727282,7,-1,29726530,152644,152644,0
29727571,8,-1,29726530,0,0,0
29727854,9,-1,29726530,1,0,0
29728049,11,-1,29726530,1,161,0
29728247,12,-1,29726530,0,0,0
29826602,4,-1,29826595,0,0,0
29827086,5,-1,29826595,152608,152608,0
29827334,6,-1,29826595,5,0,0
29827683,7,-1,29826595,152564,152564,0
29828074,8,-1,29826595,0,0,0
29828302,9,-1,29826595,1,0,0
29828669,11,-1,29826595,1,162,0
29829070,12,-1,29826595,0,0,0
29926672,4,-1,29926666,0,0,0
29926920,5,-1,29926666,152528,152528,0
29927090,6,-1,29926666,11,0,0
29927249,7,-1,29926666,152484,152484,0
29927413,8,-1,29926666,0,0,0
29927587,9,-1,29926666,1,0,0
29927806,11,-1,29926666,1,163,0
29927928,12,-1,29926666,0,0,0
30026592,4,-1,30026584,0,0,0
30026941,5,-1,30026584,152448,152448,0
30027214,6,-1,30026584,1,0,0
30027489,7,-1,30026584,152404,152404,0
30028030,8,-1,30026584,0,0,0
30028311,2,0,30026,0,0,0
30028640,9,-1,30026584,0,1,0
30028982,12,-1,30026584,0,0,0
30126646,4,-1,30126621,0,0,0
30126988,5,-1,30126621,152404,152388,0
30127139,6,-1,30126621,1,0,0
30127315,7,-1,30126621,152360,152360,0
30127525,8,-1,30126621,0,0,0
30127668,9,-1,30126621,1,0,0
30127830,11,-1,30126621,1,164,0
30127953,12,-1,30126621,0,0,0
30226657,4,-1,30226649,0,0,0
30226911,5,-1,30226649,152324,152324,0
30227028,6,-1,30226649,0,0,0
30326630,4,-1,30326621,0,0,0
30326928,5,-1,30326621,152324,152324,0
30327067,6,-1,30326621,3,0,0
30327204,7,-1,30326621,152280,152280,0
30327428,8,-1,30326621,0,0,0
30327731,9,-1,30326621,1,0,0
30328009,11,-1,30326621,1,165,0
30328196,12,-1,30326621,0,0,0
30426699,4,-1,30426680,0,0,0
30426921,5,-1,30426680,152244,152244,0
30427070,6,-1,30426680,0,0,0
30526660,4,-1,30526649,0,0,0
30527002,5,-1,30526649,152244,152244,0
30527144,6,-1,30526649,7,0,0
30527378,7,-1,30526649,152200,152200,0
30527638,8,-1,30526649,0,0,0
30527919,9,-1,30526649,1,0,0
30528090,11,-1,30526649,1,166,0
30528222,12,-1,30526649,0,0,0
30626781,4,-1,30626762,0,0,0
30627136,5,-1,30626762,152164,152164,0
30627352,6,-1,30626762,8,0,0
30627649,7,-1,30626762,152120,152120,0
30628088,8,-1,30626762,0,0,0
30628364,9,-1,30626762,1,0,0
30628688,11,-1,30626762,1,167,0
30629080,12,-1,30626762,0,0,0
30726544,4,-1,30726537,0,0,0
30726954,5,-1,30726537,152084,152084,0
30727161,6,-1,30726537,6,0,0
30727376,7,-1,30726537,152040,152040,0
30727583,8,-1,30726537,0,0,0
30727749,2,0,30726,0,0,0
30727928,9,-1,30726537,0,1,0
30728097,12,-1,30726537,0,0,0
30826680,4,-1,30826674,0,0,0
30826926,5,-1,30826674,152040,152024,0
30827073,6,-1,30826674,27,0,0
30827244,7,-1,30826674,151980,151980,0
30827402,8,-1,30826674,0,0,0
30827607,9,-1,30826674,1,0,0
30827771,11,-1,30826674,1,168,0
30827923,12,-1,30826674,0,0,0
30926596,4,-1,30926591,0,0,0
30927058,5,-1,30926591,151944,151944,0
30927271,6,-1,30926591,0,0,0
31026551,4,-1,31026541,0,0,0
31027005,5,-1,31026541,151944,151944,0
31027243,6,-1,31026541,3,0,0
31027414,7,-1,31026541,151900,151900,0
31027693,8,-1,31026541,0,0,0
31027923,9,-1,31026541,1,0,0
31028099,11,-1,31026541,1,169,0
31028266,12,-1,31026541,0,0,0
31126664,4,-1,31126657,0,0,0
31127010,5,-1,31126657,151864,151864,0
31127165,6,-1,31126657,17,0,0
31127334,7,-1,31126657,151812,151812,0
31127552,8,-1,31126657,0,0,0
31127713,9,-1,31126657,1,0,0
31127916,11,-1,31126657,1,170,0
31128053,12,-1,31126657,0,0,0
31226576,4,-1,31226568,0,0,0
31226959,5,-1,31226568,151776,151776,0
31227164,6,-1,31226568,1,0,0
31227359,7,-1,31226568,151732,151732,0
31227666,8,-1,31226568,0,0,0
31227878,2,0,31226,0,0,0
31228037,9,-1,31226568,0,1,0
31228234,12,-1,31226568,0,0,0
31326553,4,-1,31326545,0,0,0
31326938,5,-1,31326545,151732,151716,0
31327093,6,-1,31326545,17,0,0
31327257,7,-1,31326545,151680,151680,0
31327427,8,-1,31326545,0,0,0
31327758,9,-1,31326545,1,0,0
31327977,11,-1,31326545,1,171,0
31328102,12,-1,31326545,0,0,0
31426525,4,-1,31426517,0,0,0
31426901,5,-1,31426517,151644,151644,0
31427113,6,-1,31426517,1,0,0
31427294,7,-1,31426517,151600,151600,0
31427605,8,-1,31426517,0,0,0
31427836,2,0,31426,0,0,0
31427945,9,-1,31426517,0,1,0
31428053,12,-1,31426517,0,0,0
31526634,4,-1,31526626,0,0,0
31526947,5,-1,31526626,151600,151584,0
31527210,6,-1,31526626,7,0,0
31527544,7,-1,31526626,151556,151556,0
31527867,8,-1,31526626,0,0,0
31528010,9,-1,31526626,1,0,0
31528163,11,-1,31526626,1,172,0
31528318,12,-1,31526626,0,0,0
31626534,4,-1,31626524,0,0,0
31626855,5,-1,31626524,151520,151520,0
31627085,6,-1,31626524,4,0,0
31627306,7,-1,31626524,151476,151476,0
31627653,8,-1,31626524,0,0,0
31627913,2,0,31626,0,0,0
31628119,9,-1,31626524,0,1,0
31628397,12,-1,31626524,0,0,0
31726691,4,-1,31726673,0,0,0
31727009,5,-1,31726673,151476,151460,0
31727207,6,-1,31726673,6,0,0
31727392,7,-1,31726673,151432,151432,0
31727707,8,-1,31726673,0,0,0
31728029,9,-1,31726673,1,0,0
31728233,11,-1,31726673,1,173,0
31728408,12,-1,31726673,0,0,0
31826548,4,-1,31826543,0,0,0
31827021,5,-1,31826543,151396,151396,0
31827234,6,-1,31826543,15,0,0
31827558,7,-1,31826543,151348,151348,0
31827906,8,-1,31826543,0,0,0
31828102,2,0,31826,0,0,0
31828292,9,-1,31826543,0,1,0
31828614,12,-1,31826543,0,0,0
31926663,4,-1,31926631,0,0,0
31926999,5,-1,31926631,151348,151328,0
31927205,6,-1,31926631,0,0,0
32026650,4,-1,32026614,0,0,0
32027014,5,-1,32026614,151348,151328,0
32027209,6,-1,32026614,1,0,0
32027516,7,-1,32026614,151304,151304,0
32027842,8,-1,32026614,0,0,0
32028066,9,-1,32026614,1,0,0
32028298,11,-1,32026614,1,174,0
32028572,12,-1,32026614,0,0,0
32126652,4,-1,32126624,0,0,0
32126961,5,-1,32126624,151268,151268,0
32127157,6,-1,32126624,13,0,0
32127405,7,-1,32126624,151220,151220,0
32127664,8,-1,32126624,0,0,0
32127882,9,-1,32126624,1,0,0
32128024,11,-1,32126624,1,175,0
32128138,12,-1,32126624,0,0,0
32226545,4,-1,32226537,0,0,0
32226957,5,-1,32226537,151184,151184,0
32227110,6,-1,32226537,44,0,0
32227299,7,-1,32226537,151108,151108,0
32227589,8,-1,32226537,0,0,0
32227833,2,0,32226,0,0,0
32227992,9,-1,32226537,0,1,0
32228127,12,-1,32226537,0,0,0
32326542,4,-1,32326537,0,0,0
32326786,5,-1,32326537,151108,151060,0
32326984,6,-1,32326537,7,0,0
32327145,7,-1,32326537,151064,151060,0
32327358,8,-1,32326537,0,0,0
32327474,9,-1,32326537,1,0,0
32327744,11,-1,32326537,1,176,0
32327948,12,-1,32326537,0,0,0
32426651,4,-1,32426622,0,0,0
32426928,5,-1,32426622,151028,151028,0
32427122,6,-1,32426622,1,0,0
32427350,7,-1,32426622,150984,150984,0
32427553,8,-1,32426622,0,0,0
32427724,9,-1,32426622,1,0,0
32427926,11,-1,32426622,1,177,0
32428067,12,-1,32426622,0,0,0
32526674,4,-1,32526668,0,0,0
32526941,5,-1,32526668,150948,150948,0
32527095,6,-1,32526668,1,0,0
32527266,7,-1,32526668,150904,150904,0
32527432,8,-1,32526668,0,0,0
32527605,9,-1,32526668,1,0,0
32527771,11,-1,32526668,1,178,0
32527931,12,-1,32526668,0,0,0
32626593,4,-1,32626583,0,0,0
32627064,5,-1,32626583,150868,150868,0
32627285,6,-1,32626583,1,0,0
32627491,7,-1,32626583,150824,150824,0
32627823,8,-1,32626583,0,0,0
32628012,2,0,32626,0,0,0
32628190,9,-1,32626583,0,1,0
32628381,12,-1,32626583,0,0,0
32726668,4,-1,32726663,0,0,0
32726982,5,-1,32726663,150824,150808,0
32727126,6,-1,32726663,59,0,0
32727277,7,-1,32726663,150732,150732,0
32727435,8,-1,32726663,0,0,0
32727599,9,-1,32726663,1,0,0
32727825,11,-1,32726663,1,179,0
32727997,12,-1,32726663,0,0,0
32826549,4,-1,32826540,0,0,0
32826864,5,-1,32826540,150696,150668,0
32827055,6,-1,32826540,6,0,0
32827297,7,-1,32826540,150652,150652,0
32827566,8,-1,32826540,0,0,0
32827785,2,0,32826,0,0,0
32827963,9,-1,32826540,0,1,0
32828120,12,-1,32826540,0,0,0
32926635,4,-1,32926627,0,0,0
32926941,5,-1,32926627,150652,150636,0
32927102,6,-1,32926627,6,0,0
32927258,7,-1,32926627,150608,150608,0
32927435,8,-1,32926627,0,0,0
32927651,9,-1,32926627,1,0,0
32927939,11,-1,32926627,1,180,0
32928097,12,-1,32926627,0,0,0
33026718,4,-1,33026712,0,0,0
33027001,5,-1,33026712,150572,150572,0
33027169,6,-1,33026712,0,0,0
33126657,4,-1,33126651,0,0,0
33126962,5,-1,33126651,150572,150572,0
33127119,6,-1,33126651,1,0,0
33127283,7,-1,33126651,150528,150528,0
33127431,8,-1,33126651,0,0,0
33127581,9,-1,33126651,1,0,0
33127736,11,-1,33126651,1,181,0
33127984,12,-1,33126651,0,0,0
33226733,4,-1,33226711,0,0,0
33227050,5,-1,33226711,150492,150492,0
33227293,6,-1,33226711,0,0,0
33326665,4,-1,33326659,0,0,0
33326989,5,-1,33326659,150492,150492,0
33327197,6,-1,33326659,1,0,0
33327382,7,-1,33326659,150448,150448,0
33327667,8,-1,33326659,0,0,0
33327917,9,-1,33326659,1,0,0
33328088,11,-1,33326659,1,182,0
33328263,12,-1,33326659,0,0,0
33426586,4,-1,33426581,0,0,0
33426898,5,-1,33426581,150412,150412,0
33427088,6,-1,33426581,3,0,0
33427261,7,-1,33426581,150368,150368,0
33427433,8,-1,33426581,0,0,0
33427585,2,0,33426,0,0,0
33427750,9,-1,33426581,0,1,0
33428061,12,-1,33426581,0,0,0
33526689,4,-1,33526682,0,0,0
33526981,5,-1,33526682,150368,150352,0
33527121,6,-1,33526682,37,0,0
33527299,7,-1,33526682,150296,150296,0
33527516,8,-1,33526682,0,0,0
33527672,9,-1,33526682,1,0,0
33527874,11,-1,33526682,1,183,0
33528004,12,-1,33526682,0,0,0
33626549,4,-1,33626541,0,0,0
33626815,5,-1,33626541,150260,150252,0
33626947,6,-1,33626541,5,0,0
33627085,7,-1,33626541,150216,150216,0
33627244,8,-1,33626541,0,0,0
33627395,2,0,33626,0,0,0
33627555,9,-1,33626541,0,1,0
33627718,12,-1,33626541,0,0,0
33726611,4,-1,33726603,0,0,0
33727005,5,-1,33726603,150216,150200,0
33727142,6,-1,33726603,4,0,0
33727263,7,-1,33726603,150172,150172,0
33727396,8,-1,33726603,0,0,0
33727575,9,-1,33726603,1,0,0
33727859,11,-1,33726603,1,184,0
33727989,12,-1,33726603,0,0,0
33826626,4,-1,33826612,0,0,0
33827040,5,-1,33826612,150136,150136,0
33827247,6,-1,33826612,1,0,0
33827443,7,-1,33826612,150092,150092,0
33827750,8,-1,33826612,0,0,0
33827926,9,-1,33826612,1,0,0
33828041,11,-1,33826612,1,185,0
33828152,12,-1,33826612,0,0,0
33926636,4,-1,33926629,0,0,0
33926978,5,-1,33926629,150056,150056,0
33927108,6,-1,33926629,1,0,0
33927229,7,-1,33926629,150012,150012,0
33927359,8,-1,33926629,0,0,0
33927511,9,-1,33926629,1,0,0
33927734,11,-1,33926629,1,186,0
33927964,12,-1,33926629,0,0,0
34026596,4,-1,34026590,0,0,0
34026885,5,-1,34026590,149976,149976,0
34027049,6,-1,34026590,1,0,0
34027179,7,-1,34026590,149932,149932,0
34027320,8,-1,34026590,0,0,0
34027422,2,0,34026,0,0,0
34027566,9,-1,34026590,0,1,0
34027718,12,-1,34026590,0,0,0
34126653,4,-1,34126648,0,0,0
34126969,5,-1,34126648,149932,149916,0
34127096,6,-1,34126648,1,0,0
34127221,7,-1,34126648,149888,149888,0
34127357,8,-1,34126648,0,0,0
34127462,9,-1,34126648,1,0,0
34127643,11,-1,34126648,1,187,0
34127767,12,-1,34126648,0,0,0
34226647,4,-1,34226610,0,0,0
34227026,5,-1,34226610,149852,149852,0
34227159,6,-1,34226610,3,0,0
34227291,7,-1,34226610,149808,149808,0
34227434,8,-1,34226610,0,0,0
34227741,2,0,34226,0,0,0
34227957,9,-1,34226610,0,1,0
34228128,12,-1,34226610,0,0,0
34326686,4,-1,34326680,0,0,0
34327008,5,-1,34326680,149808,149792,0
34327131,6,-1,34326680,12,0,0
34327261,7,-1,34326680,149764,149764,0
34327398,8,-1,34326680,0,0,0
34327567,9,-1,34326680,1,0,0
34327732,11,-1,34326680,1,188,0
34327954,12,-1,34326680,0,0,0
34426673,4,-1,34426666,0,0,0
34426992,5,-1,34426666,149728,149728,0
34427168,6,-1,34426666,15,0,0
34427596,7,-1,34426666,149680,149680,0
34427872,8,-1,34426666,0,0,0
34428021,2,0,34426,0,0,0
34428168,9,-1,34426666,0,1,0
34428302,12,-1,34426666,0,0,0
34526659,4,-1,34526650,0,0,0
34526929,5,-1,34526650,149680,149660,0
34527091,6,-1,34526650,2,0,0
34527243,7,-1,34526650,149636,149636,0
34527406,8,-1,34526650,0,0,0
34527594,9,-1,34526650,1,0,0
34527871,11,-1,34526650,1,189,0
34528065,12,-1,34526650,0,0,0
34626536,4,-1,34626529,0,0,0
34626900,5,-1,34626529,149600,149600,0
34627164,6,-1,34626529,25,0,0
34627454,7,-1,34626529,149540,149540,0
34627773,8,-1,34626529,0,0,0
34627967,2,0,34626,0,0,0
34628136,9,-1,34626529,0,1,0
34628314,12,-1,34626529,0,0,0
34726667,4,-1,34726661,0,0,0
34726973,5,-1,34726661,149540,149508,0
34727113,6,-1,34726661,1,0,0
34727268,7,-1,34726661,149496,149496,0
34727433,8,-1,34726661,0,0,0
34727661,9,-1,34726661,1,0,0
34727950,11,-1,34726661,1,190,0
34728129,12,-1,34726661,0,0,0
34826579,4,-1,34826573,0,0,0
34826967,5,-1,34826573,149460,149460,0
34827122,6,-1,34826573,2,0,0
34827265,7,-1,34826573,149416,149416,0
34827443,8,-1,34826573,0,0,0
34827610,2,0,34826,0,0,0
34827738,9,-1,34826573,0,1,0
34827964,12,-1,34826573,0,0,0
34926683,4,-1,34926677,0,0,0
34926986,5,-1,34926677,149416,149400,0
34927124,6,-1,34926677,1,0,0
34927299,7,-1,34926677,149372,149372,0
34927465,8,-1,34926677,0,0,0
34927691,9,-1,34926677,1,0,0
34927944,11,-1,34926677,1,191,0
34928072,12,-1,34926677,0,0,0
35026678,4,-1,35026672,0,0,0
35026962,5,-1,35026672,149336,149336,0
35027093,6,-1,35026672,0,0,0
35126701,4,-1,35126681,0,0,0
35127063,5,-1,35126681,149336,149336,0
35127180,6,-1,35126681,2,0,0
35127357,7,-1,35126681,149292,149292,0
35127584,8,-1,35126681,0,0,0
35127775,9,-1,35126681,1,0,0
35127921,11,-1,35126681,1,192,0
35128084,12,-1,35126681,0,0,0
35226762,4,-1,35226757,0,0,0
35226964,5,-1,35226757,149256,149256,0
35227078,6,-1,35226757,1,0,0
35227199,7,-1,35226757,149212,149212,0
35227332,8,-1,35226757,0,0,0
35227429,9,-1,35226757,1,0,0
35227711,11,-1,35226757,1,193,0
35227903,12,-1,35226757,0,0,0
35326592,4,-1,35326582,0,0,0
35327033,5,-1,35326582,149176,149176,0
35327341,6,-1,35326582,48,0,0
35327580,7,-1,35326582,149096,149096,0
35327834,8,-1,35326582,0,0,0
35327944,2,0,35326,0,0,0
35328067,9,-1,35326582,0,1,0
35328249,12,-1,35326582,0,0,0
35426649,4,-1,35426642,0,0,0
35426951,5,-1,35426642,149096,149044,0
35427066,6,-1,35426642,1,0,0
35427240,7,-1,35426642,149052,149044,0
35427406,8,-1,35426642,0,0,0
35427605,9,-1,35426642,1,0,0
35427842,11,-1,35426642,1,194,0
35427985,12,-1,35426642,0,0,0
35526675,4,-1,35526669,0,0,0
35526922,5,-1,35526669,149016,149016,0
35527070,6,-1,35526669,25,0,0
35527245,7,-1,35526669,148956,148956,0
35527409,8,-1,35526669,0,0,0
35527592,9,-1,35526669,1,0,0
35527750,11,-1,35526669,1,195,0
35527991,12,-1,35526669,0,0,0
35626535,4,-1,35626526,0,0,0
35626822,5,-1,35626526,148920,148920,0
35626953,6,-1,35626526,1,0,0
35627104,7,-1,35626526,148876,148876,0
35627249,8,-1,35626526,0,0,0
35627369,2,0,35626,0,0,0
35627577,9,-1,35626526,0,1,0
35627828,12,-1,35626526,0,0,0
35726631,4,-1,35726625,0,0,0
35726931,5,-1,35726625,148876,148860,0
35727062,6,-1,35726625,3,0,0
35727239,7,-1,35726625,148832,148832,0
35727414,8,-1,35726625,0,0,0
35727625,9,-1,35726625,1,0,0
35727879,11,-1,35726625,1,196,0
35727985,12,-1,35726625,0,0,0
35826572,4,-1,35826566,0,0,0
35826882,5,-1,35826566,148796,148796,0
35827003,6,-1,35826566,54,0,0
35827130,7,-1,35826566,148708,148708,0
35827274,8,-1,35826566,0,0,0
35827371,2,0,35826,0,0,0
35827567,9,-1,35826566,0,1,0
35827871,12,-1,35826566,0,0,0
35926595,4,-1,35926590,0,0,0
35926910,5,-1,35926590,148708,148648,0
35927059,6,-1,35926590,15,0,0
35927218,7,-1,35926590,148660,148648,0
35927398,8,-1,35926590,0,0,0
35927582,9,-1,35926590,1,0,0
35927802,11,-1,35926590,1,197,0
35927973,12,-1,35926590,0,0,0
36026560,4,-1,36026553,0,0,0
36026838,5,-1,36026553,148624,148624,0
36026970,6,-1,36026553,23,0,0
36027092,7,-1,36026553,148568,148568,0
36027280,8,-1,36026553,0,0,0
36027460,2,0,36026,0,0,0
36027760,9,-1,36026553,0,1,0
36027945,12,-1,36026553,0,0,0
36126599,4,-1,36126593,0,0,0
36126956,5,-1,36126593,148568,148540,0
36127110,6,-1,36126593,0,0,0
36226520,4,-1,36226510,0,0,0
36226967,5,-1,36226510,148568,148540,0
36227111,6,-1,36226510,65,0,0
36227240,7,-1,36226510,148468,148468,0
36227379,8,-1,36226510,0,0,0
36227536,9,-1,36226510,1,0,0
36227702,11,-1,36226510,1,198,0
36227856,12,-1,36226510,0,0,0
36326597,4,-1,36326592,0,0,0
36326899,5,-1,36326592,148432,148396,0
36327035,6,-1,36326592,14,0,0
36327165,7,-1,36326592,148384,148384,0
36327305,8,-1,36326592,0,0,0
36327410,9,-1,36326592,1,0,0
36327612,11,-1,36326592,1,199,0
36327801,12,-1,36326592,0,0,0
36426658,4,-1,36426653,0,0,0
36426942,5,-1,36426653,148348,148348,0
36427073,6,-1,36426653,1,0,0
36427204,7,-1,36426653,148304,148304,0
36427342,8,-1,36426653,0,0,0
36427526,9,-1,36426653,1,0,0
36427814,11,-1,36426653,1,200,0
36428018,12,-1,36426653,0,0,0
36526627,4,-1,36526622,0,0,0
36527077,5,-1,36526622,148268,148268,0
36527267,6,-1,36526622,2,0,0
36527452,7,-1,36526622,148224,148224,0
36527820,8,-1,36526622,0,0,0
36527989,2,0,36526,0,0,0
36528134,9,-1,36526622,0,1,0
36528292,12,-1,36526622,0,0,0
36626546,4,-1,36626539,0,0,0
36626910,5,-1,36626539,148224,148208,0
36627078,6,-1,36626539,1,0,0
36627231,7,-1,36626539,148180,148180,0
36627399,8,-1,36626539,0,0,0
36627608,9,-1,36626539,1,0,0
36627805,11,-1,36626539,1,201,0
36627967,12,-1,36626539,0,0,0
36726674,4,-1,36726669,0,0,0
36726953,5,-1,36726669,148144,148144,0
36727084,6,-1,36726669,1,0,0
36727209,7,-1,36726669,148100,148100,0
36727359,8,-1,36726669,0,0,0
36727489,9,-1,36726669,1,0,0
36727674,11,-1,36726669,1,202,0
36727853,12,-1,36726669,0,0,0
36826672,4,-1,36826666,0,0,0
36827123,5,-1,36826666,148064,148064,0
36827425,6,-1,36826666,1,0,0
36827730,7,-1,36826666,148020,148020,0
36828070,8,-1,36826666,0,0,0
36828252,2,0,36826,0,0,0
36828396,9,-1,36826666,0,1,0
36828653,12,-1,36826666,0,0,0
36926655,4,-1,36926650,0,0,0
36926942,5,-1,36926650,148020,148004,0
36927168,6,-1,36926650,1,0,0
36927450,7,-1,36926650,147976,147976,0
36927893,8,-1,36926650,0,0,0
36928088,9,-1,36926650,1,0,0
36928300,11,-1,36926650,1,203,0
36928532,12,-1,36926650,0,0,0
37026672,4,-1,37026665,0,0,0
37026949,5,-1,37026665,147940,147940,0
37027098,6,-1,37026665,27,0,0
37027286,7,-1,37026665,147880,147880,0
37027447,8,-1,37026665,0,0,0
37027623,9,-1,37026665,1,0,0
37027834,11,-1,37026665,1,204,0
37027976,12,-1,37026665,0,0,0
37126642,4,-1,37126612,0,0,0
37126978,5,-1,37126612,147844,147844,0
37127171,6,-1,37126612,30,0,0
37127355,7,-1,37126612,147780,147780,0
37127649,8,-1,37126612,0,0,0
37127869,2,0,37126,0,0,0
37128048,9,-1,37126612,0,1,0
37128229,12,-1,37126612,0,0,0
37226542,4,-1,37226536,0,0,0
37226850,5,-1,37226536,147780,147744,0
37227135,6,-1,37226536,11,0,0
37227441,7,-1,37226536,147736,147736,0
37227938,8,-1,37226536,0,0,0
37228124,9,-1,37226536,1,0,0
37228291,11,-1,37226536,1,205,0
37228444,12,-1,37226536,0,0,0
37326677,4,-1,37326672,0,0,0
37326956,5,-1,37326672,147700,147700,0
37327085,6,-1,37326672,7,0,0
37327266,7,-1,37326672,147656,147656,0
37327855,8,-1,37326672,0,0,0
37328046,9,-1,37326672,1,0,0
37328250,11,-1,37326672,1,206,0
37328439,12,-1,37326672,0,0,0
37426595,4,-1,37426589,0,0,0
37426900,5,-1,37426589,147620,147620,0
37427032,6,-1,37426589,43,0,0
37427170,7,-1,37426589,147544,147544,0
37427322,8,-1,37426589,0,0,0
37427433,2,0,37426,0,0,0
37427598,9,-1,37426589,0,1,0
37427736,12,-1,37426589,0,0,0
37526674,4,-1,37526669,0,0,0
37526984,5,-1,37526669,147544,147496,0
37527117,6,-1,37526669,41,0,0
37527294,7,-1,37526669,147468,147468,0
37527520,8,-1,37526669,0,0,0
37527663,9,-1,37526669,1,0,0
37527882,11,-1,37526669,1,207,0
37528013,12,-1,37526669,0,0,0
37626595,4,-1,37626589,0,0,0
37626925,5,-1,37626589,147432,147420,0
37627281,6,-1,37626589,7,0,0
37627604,7,-1,37626589,147388,147388,0
37627954,8,-1,37626589,0,0,0
37628189,2,0,37626,0,0,0
37628376,9,-1,37626589,0,1,0
37628654,12,-1,37626589,0,0,0
37726591,4,-1,37726585,0,0,0
37726991,5,-1,37726585,147388,147372,0
37727293,6,-1,37726585,11,0,0
37727557,7,-1,37726585,147344,147344,0
37727837,8,-1,37726585,0,0,0
37728025,9,-1,37726585,1,0,0
37728196,11,-1,37726585,1,208,0
37728365,12,-1,37726585,0,0,0
37826720,4,-1,37826713,0,0,0
37827074,5,-1,37826713,147308,147308,0
37827408,6,-1,37826713,1,0,0
37827667,7,-1,37826713,147264,147264,0
37827964,8,-1,37826713,0,0,0
37828162,9,-1,37826713,1,0,0
37828354,11,-1,37826713,1,209,0
37828658,12,-1,37826713,0,0,0
37926691,4,-1,37926672,0,0,0
37926956,5,-1,37926672,147228,147228,0
37927089,6,-1,37926672,25,0,0
37927266,7,-1,37926672,147168,147168,0
37927433,8,-1,37926672,0,0,0
37927631,2,0,37926,0,0,0
37927803,9,-1,37926672,0,1,0
37927926,12,-1,37926672,0,0,0
38026658,4,-1,38026653,0,0,0
38026947,5,-1,38026653,147168,147136,0
38027097,6,-1,38026653,19,0,0
38027273,7,-1,38026653,147116,147116,0
38027439,8,-1,38026653,0,0,0
38027654,9,-1,38026653,1,0,0
38027861,11,-1,38026653,1,210,0
38028004,12,-1,38026653,0,0,0
38126534,4,-1,38126528,0,0,0
38126899,5,-1,38126528,147080,147080,0
38127096,6,-1,38126528,1,0,0
38127279,7,-1,38126528,147036,147036,0
38127580,8,-1,38126528,0,0,0
38127850,2,0,38126,0,0,0
38128040,9,-1,38126528,0,1,0
38128213,12,-1,38126528,0,0,0
38226570,4,-1,38226564,0,0,0
38226851,5,-1,38226564,147036,147020,0
38226984,6,-1,38226564,2,0,0
38227161,7,-1,38226564,146992,146992,0
38227329,8,-1,38226564,0,0,0
38227439,9,-1,38226564,1,0,0
38227688,11,-1,38226564,1,211,0
38227890,12,-1,38226564,0,0,0
38326633,4,-1,38326625,0,0,0
38326944,5,-1,38326625,146956,146956,0
38327080,6,-1,38326625,6,0,0
38327257,7,-1,38326625,146912,146912,0
38327422,8,-1,38326625,0,0,0
38327642,9,-1,38326625,1,0,0
38327896,11,-1,38326625,1,212,0
38328098,12,-1,38326625,0,0,0
38426675,4,-1,38426669,0,0,0
38427055,5,-1,38426669,146876,146876,0
38427187,6,-1,38426669,1,0,0
38427363,7,-1,38426669,146832,146832,0
38427596,8,-1,38426669,0,0,0
38427758,9,-1,38426669,1,0,0
38427933,11,-1,38426669,1,213,0
38428072,12,-1,38426669,0,0,0
38526697,4,-1,38526678,0,0,0
38527054,5,-1,38526678,146796,146796,0
38527169,6,-1,38526678,11,0,0
38527295,7,-1,38526678,146752,146752,0
38527435,8,-1,38526678,0,0,0
38527597,9,-1,38526678,1,0,0
38527774,11,-1,38526678,1,214,0
38527915,12,-1,38526678,0,0,0
38626640,4,-1,38626630,0,0,0
38626921,5,-1,38626630,146716,146716,0
38627103,6,-1,38626630,3,0,0
38627355,7,-1,38626630,146672,146672,0
38627705,8,-1,38626630,0,0,0
38627938,2,0,38626,0,0,0
38628077,9,-1,38626630,0,1,0
38628235,12,-1,38626630,0,0,0
38726702,4,-1,38726683,0,0,0
38726949,5,-1,38726683,146672,146656,0
38727072,6,-1,38726683,22,0,0
38727204,7,-1,38726683,146616,146616,0
38727341,8,-1,38726683,0,0,0
38727532,9,-1,38726683,1,0,0
38727815,11,-1,38726683,1,215,0
38727994,12,-1,38726683,0,0,0
38826712,4,-1,38826707,0,0,0
38827031,5,-1,38826707,146580,146580,0
38827206,6,-1,38826707,48,0,0
38827370,7,-1,38826707,146500,146500,0
38827718,8,-1,38826707,0,0,0
38827994,9,-1,38826707,1,0,0
38828159,11,-1,38826707,1,216,0
38828276,12,-1,38826707,0,0,0
38926695,4,-1,38926676,0,0,0
38926926,5,-1,38926676,146464,146448,0
38927060,6,-1,38926676,0,0,0
39026697,4,-1,39026677,0,0,0
39026963,5,-1,39026677,146464,146448,0
39027109,6,-1,39026677,4,0,0
39027239,7,-1,39026677,146420,146420,0
39027376,8,-1,39026677,0,0,0
39027492,9,-1,39026677,1,0,0
39027752,11,-1,39026677,1,217,0
39028018,12,-1,39026677,0,0,0
39126728,4,-1,39126722,0,0,0
39126925,5,-1,39126722,146384,146384,0
39127093,6,-1,39126722,23,0,0
39127250,7,-1,39126722,146328,146328,0
39127441,8,-1,39126722,0,0,0
39127652,9,-1,39126722,1,0,0
39127864,11,-1,39126722,1,218,0
39128004,12,-1,39126722,0,0,0
39226675,4,-1,39226669,0,0,0
39226996,5,-1,39226669,146292,146292,0
39227123,6,-1,39226669,3,0,0
39227246,7,-1,39226669,146248,146248,0
39227378,8,-1,39226669,0,0,0
39227494,2,0,39226,0,0,0
39227663,9,-1,39226669,0,1,0
39227852,12,-1,39226669,0,0,0
39326658,4,-1,39326652,0,0,0
39326988,5,-1,39326652,146248,146232,0
39327119,6,-1,39326652,17,0,0
39327290,7,-1,39326652,146196,146196,0
39327513,8,-1,39326652,0,0,0
39327647,9,-1,39326652,1,0,0
39327834,11,-1,39326652,1,219,0
39328011,12,-1,39326652,0,0,0
39426676,4,-1,39426670,0,0,0
39427118,5,-1,39426670,146160,146160,0
39427249,6,-1,39426670,1,0,0
39427380,7,-1,39426670,146116,146116,0
39427601,8,-1,39426670,0,0,0
39427828,9,-1,39426670,1,0,0
39428010,11,-1,39426670,1,220,0
39428177,12,-1,39426670,0,0,0
39526600,4,-1,39526593,0,0,0
39526985,5,-1,39526593,146080,146080,0
39527157,6,-1,39526593,49,0,0
39527320,7,-1,39526593,145996,145996,0
39527542,8,-1,39526593,0,0,0
39527854,2,0,39526,0,0,0
39528012,9,-1,39526593,0,1,0
39528140,12,-1,39526593,0,0,0
39626558,4,-1,39626550,0,0,0
39626887,5,-1,39626550,145996,145940,0
39627024,6,-1,39626550,5,0,0
39627161,7,-1,39626550,145952,145940,0
39627309,8,-1,39626550,0,0,0
39627431,9,-1,39626550,1,0,0
39627676,11,-1,39626550,1,221,0
39627991,12,-1,39626550,0,0,0
39726632,4,-1,39726625,0,0,0
39726926,5,-1,39726625,145916,145916,0
39727072,6,-1,39726625,2,0,0
39727247,7,-1,39726625,145872,145872,0
39727413,8,-1,39726625,0,0,0
39727624,9,-1,39726625,1,0,0
39727906,11,-1,39726625,1,222,0
39728007,12,-1,39726625,0,0,0
39826518,4,-1,39826512,0,0,0
39826754,5,-1,39826512,145836,145836,0
39826938,6,-1,39826512,2,0,0
39827086,7,-1,39826512,145792,145792,0
39827247,8,-1,39826512,0,0,0
39827366,2,0,39826,0,0,0
39827474,9,-1,39826512,0,1,0
39827742,12,-1,39826512,0,0,0
39926677,4,-1,39926671,0,0,0
39926940,5,-1,39926671,145792,145776,0
39927071,6,-1,39926671,1,0,0
39927246,7,-1,39926671,145748,145748,0
39927411,8,-1,39926671,0,0,0
39927606,9,-1,39926671,1,0,0
39927811,11,-1,39926671,1,223,0
39927935,12,-1,39926671,0,0,0
40026713,4,-1,40026707,0,0,0
40026988,5,-1,40026707,145712,145712,0
40027186,6,-1,40026707,1,0,0
40027383,7,-1,40026707,145668,145668,0
40027605,8,-1,40026707,0,0,0
40027742,9,-1,40026707,1,0,0
40027934,11,-1,40026707,1,224,0
40028073,12,-1,40026707,0,0,0
40126681,4,-1,40126675,0,0,0
40126980,5,-1,40126675,145632,145632,0
40127114,6,-1,40126675,0,0,0
40226700,4,-1,40226693,0,0,0
40226958,5,-1,40226693,145632,145632,0
40227090,6,-1,40226693,1,0,0
40227264,7,-1,40226693,145588,145588,0
40227496,8,-1,40226693,0,0,0
40227672,9,-1,40226693,1,0,0
40227891,11,-1,40226693,1,225,0
40228014,12,-1,40226693,0,0,0
40326691,4,-1,40326672,0,0,0
40326962,5,-1,40326672,145552,145552,0
40327092,6,-1,40326672,1,0,0
40327212,7,-1,40326672,145508,145508,0
40327356,8,-1,40326672,0,0,0
40327462,2,0,40326,0,0,0
40327623,9,-1,40326672,0,1,0
40327775,12,-1,40326672,0,0,0
40426663,4,-1,40426657,0,0,0
40426962,5,-1,40426657,145508,145492,0
40427085,6,-1,40426657,0,0,0
40526660,4,-1,40526652,0,0,0
40526925,5,-1,40526652,145508,145492,0
40527072,6,-1,40526652,1,0,0
40527253,7,-1,40526652,145464,145464,0
40527420,8,-1,40526652,0,0,0
40527635,9,-1,40526652,1,0,0
40527840,11,-1,40526652,1,226,0
40527942,12,-1,40526652,0,0,0
40626614,4,-1,40626608,0,0,0
40626967,5,-1,40626608,145428,145428,0
40627210,6,-1,40626608,3,0,0
40627407,7,-1,40626608,145384,145384,0
40627742,8,-1,40626608,0,0,0
40627975,2,0,40626,0,0,0
40628156,9,-1,40626608,0,1,0
40628352,12,-1,40626608,0,0,0
40726659,4,-1,40726653,0,0,0
40727065,5,-1,40726653,145384,145368,0
40727265,6,-1,40726653,0,0,0
40826703,4,-1,40826682,0,0,0
40826977,5,-1,40826682,145384,145368,0
40827123,6,-1,40826682,1,0,0
40827251,7,-1,40826682,145340,145340,0
40827388,8,-1,40826682,0,0,0
40827563,9,-1,40826682,1,0,0
40827817,11,-1,40826682,1,227,0
40828019,12,-1,40826682,0,0,0
40926653,4,-1,40926624,0,0,0
40926998,5,-1,40926624,145304,145304,0
40927177,6,-1,40926624,3,0,0
40927334,7,-1,40926624,145260,145260,0
40927561,8,-1,40926624,0,0,0
40927749,2,0,40926,0,0,0
40927905,9,-1,40926624,0,1,0
40928044,12,-1,40926624,0,0,0
41026677,4,-1,41026670,0,0,0
41027005,5,-1,41026670,145260,145244,0
41027240,6,-1,41026670,1,0,0
41027476,7,-1,41026670,145216,145216,0
41027737,8,-1,41026670,0,0,0
41027971,9,-1,41026670,1,0,0
41028155,11,-1,41026670,1,228,0
41028331,12,-1,41026670,0,0,0
41126634,4,-1,41126626,0,0,0
41126905,5,-1,41126626,145180,145180,0
41127055,6,-1,41126626,5,0,0
41127212,7,-1,41126626,145136,145136,0
41127378,8,-1,41126626,0,0,0
41127590,2,0,41126,0,0,0
41127758,9,-1,41126626,0,1,0
41127958,12,-1,41126626,0,0,0
41226675,4,-1,41226668,0,0,0
41226953,5,-1,41226668,145136,145120,0
41227134,6,-1,41226668,23,0,0
41227295,7,-1,41226668,145080,145080,0
41227461,8,-1,41226668,0,0,0
41227733,9,-1,41226668,1,0,0
41228023,11,-1,41226668,1,229,0
41228164,12,-1,41226668,0,0,0
41326632,4,-1,41326624,0,0,0
41326980,5,-1,41326624,145044,145044,0
41327132,6,-1,41326624,4,0,0
41327306,7,-1,41326624,145000,145000,0
41327472,8,-1,41326624,0,0,0
41327658,2,0,41326,0,0,0
41327810,9,-1,41326624,0,1,0
41328004,12,-1,41326624,0,0,0
41426652,4,-1,41426646,0,0,0
41426916,5,-1,41426646,145000,144984,0
41427095,6,-1,41426646,1,0,0
41427277,7,-1,41426646,144956,144956,0
41427439,8,-1,41426646,0,0,0
41427601,9,-1,41426646,1,0,0
41427757,11,-1,41426646,1,230,0
41427945,12,-1,41426646,0,0,0
41526604,4,-1,41526593,0,0,0
41527021,5,-1,41526593,144920,144920,0
41527182,6,-1,41526593,34,0,0
41527351,7,-1,41526593,144852,144852,0
41527611,8,-1,41526593,0,0,0
41527778,2,0,41526,0,0,0
41527935,9,-1,41526593,0,1,0
41528074,12,-1,41526593,0,0,0
41626551,4,-1,41626542,0,0,0
41626856,5,-1,41626542,144852,144812,0
41627038,6,-1,41626542,8,0,0
41627188,7,-1,41626542,144808,144808,0
41627355,8,-1,41626542,0,0,0
41627490,9,-1,41626542,1,0,0
41627716,11,-1,41626542,1,231,0
41627916,12,-1,41626542,0,0,0
41726666,4,-1,41726655,0,0,0
41727005,5,-1,41726655,144772,144772,0
41727133,6,-1,41726655,1,0,0
41727255,7,-1,41726655,144728,144728,0
41727390,8,-1,41726655,0,0,0
41727546,9,-1,41726655,1,0,0
41727709,11,-1,41726655,1,232,0
41727980,12,-1,41726655,0,0,0
41826659,4,-1,41826654,0,0,0
41827006,5,-1,41826654,144692,144692,0
41827195,6,-1,41826654,1,0,0
41827392,7,-1,41826654,144648,144648,0
41827667,8,-1,41826654,0,0,0
41827892,2,0,41826,0,0,0
41828062,9,-1,41826654,0,1,0
41828220,12,-1,41826654,0,0,0
41926691,4,-1,41926673,0,0,0
41926989,5,-1,41926673,144648,144632,0
41927180,6,-1,41926673,0,0,0
42026587,4,-1,42026580,0,0,0
42026991,5,-1,42026580,144648,144632,0
42027269,6,-1,42026580,1,0,0
42027572,7,-1,42026580,144604,144604,0
42027900,8,-1,42026580,0,0,0
42028110,9,-1,42026580,1,0,0
42028337,11,-1,42026580,1,233,0
42028647,12,-1,42026580,0,0,0
42126657,4,-1,42126652,0,0,0
42127138,5,-1,42126652,144568,144568,0
42127277,6,-1,42126652,25,0,0
42127435,7,-1,42126652,144508,144508,0
42127674,8,-1,42126652,0,0,0
42127935,9,-1,42126652,1,0,0
42128079,11,-1,42126652,1,234,0
42128203,12,-1,42126652,0,0,0
42226626,4,-1,42226612,0,0,0
42226930,5,-1,42226612,144472,144472,0
42227078,6,-1,42226612,0,0,0
42326588,4,-1,42326580,0,0,0
42326936,5,-1,42326580,144472,144472,0
42327188,6,-1,42326580,1,0,0
42327430,7,-1,42326580,144428,144428,0
42327778,8,-1,42326580,0,0,0
42328006,9,-1,42326580,1,0,0
42328256,11,-1,42326580,1,235,0
42328561,12,-1,42326580,0,0,0
42426653,4,-1,42426647,0,0,0
42426929,5,-1,42426647,144392,144392,0
42427064,6,-1,42426647,3,0,0
42427182,7,-1,42426647,144348,144348,0
42427327,8,-1,42426647,0,0,0
42427428,9,-1,42426647,1,0,0
42427568,11,-1,42426647,1,236,0
42427723,12,-1,42426647,0,0,0
42526652,4,-1,42526613,0,0,0
42527202,5,-1,42526613,144312,144312,0
42527326,6,-1,42526613,55,0,0
42527453,7,-1,42526613,144224,144224,0
42527691,8,-1,42526613,0,0,0
42527875,2,0,42526,0,0,0
42527971,9,-1,42526613,0,1,0
42528070,12,-1,42526613,0,0,0
42626584,4,-1,42626578,0,0,0
42626954,5,-1,42626578,144224,144164,0
42627097,6,-1,42626578,3,0,0
42627305,7,-1,42626578,144180,144164,0
42627560,8,-1,42626578,0,0,0
42627728,9,-1,42626578,1,0,0
42628037,11,-1,42626578,1,237,0
42628190,12,-1,42626578,0,0,0
42726675,4,-1,42726670,0,0,0
42726959,5,-1,42726670,144144,144144,0
42727090,6,-1,42726670,12,0,0
42727211,7,-1,42726670,144100,144100,0
42727341,8,-1,42726670,0,0,0
42727436,9,-1,42726670,1,0,0
42727607,11,-1,42726670,1,238,0
42727735,12,-1,42726670,0,0,0
42826588,4,-1,42826583,0,0,0
42826864,5,-1,42826583,144064,144064,0
42826981,6,-1,42826583,20,0,0
42827165,7,-1,42826583,144012,144012,0
42827312,8,-1,42826583,0,0,0
42827408,2,0,42826,0,0,0
42827554,9,-1,42826583,0,1,0
42827676,12,-1,42826583,0,0,0
42926684,4,-1,42926678,0,0,0
42927008,5,-1,42926678,144012,143988,0
42927255,6,-1,42926678,1,0,0
42927452,7,-1,42926678,143968,143968,0
42927663,8,-1,42926678,0,0,0
42927811,9,-1,42926678,1,0,0
42927965,11,-1,42926678,1,239,0
42928080,12,-1,42926678,0,0,0
43026676,4,-1,43026670,0,0,0
43026948,5,-1,43026670,143932,143932,0
43027116,6,-1,43026670,1,0,0
43027235,7,-1,43026670,143888,143888,0
43027364,8,-1,43026670,0,0,0
43027459,2,0,43026,0,0,0
43027656,9,-1,43026670,0,1,0
43027796,12,-1,43026670,0,0,0
43126676,4,-1,43126670,0,0,0
43126974,5,-1,43126670,143888,143872,0
43127093,6,-1,43126670,11,0,0
43127224,7,-1,43126670,143844,143844,0
43127366,8,-1,43126670,0,0,0
43127597,9,-1,43126670,1,0,0
43127918,11,-1,43126670,1,240,0
43128079,12,-1,43126670,0,0,0
43226660,4,-1,43226652,0,0,0
43226942,5,-1,43226652,143808,143808,0
43227072,6,-1,43226652,35,0,0
43227194,7,-1,43226652,143740,143740,0
43227325,8,-1,43226652,0,0,0
43227420,2,0,43226,0,0,0
43227588,9,-1,43226652,0,1,0
43227868,12,-1,43226652,0,0,0
43326656,4,-1,43326651,0,0,0
43326973,5,-1,43326651,143740,143700,0
43327098,6,-1,43326651,0,0,0
43426706,4,-1,43426682,0,0,0
43426921,5,-1,43426682,143740,143700,0
43427035,6,-1,43426682,1,0,0
43427153,7,-1,43426682,143696,143696,0
43427282,8,-1,43426682,0,0,0
43427378,9,-1,43426682,1,0,0
43427538,11,-1,43426682,1,241,0
43427706,12,-1,43426682,0,0,0
43526554,4,-1,43526544,0,0,0
43527115,5,-1,43526544,143660,143660,0
43527463,6,-1,43526544,30,0,0
43528042,7,-1,43526544,143596,143596,0
43528580,8,-1,43526544,0,0,0
43528877,2,0,43526,0,0,0
43529171,9,-1,43526544,0,1,0
43529531,12,-1,43526544,0,0,0
43626551,4,-1,43626542,0,0,0
43626881,5,-1,43626542,143596,143560,0
43627110,6,-1,43626542,10,0,0
43627343,7,-1,43626542,143552,143552,0
43627726,8,-1,43626542,0,0,0
43628035,9,-1,43626542,1,0,0
43628309,11,-1,43626542,1,242,0
43628754,12,-1,43626542,0,0,0
43726686,4,-1,43726680,0,0,0
43727046,5,-1,43726680,143516,143516,0
43727376,6,-1,43726680,0,0,0
43826565,4,-1,43826556,0,0,0
43826902,5,-1,43826556,143516,143516,0
43827051,6,-1,43826556,17,0,0
43827209,7,-1,43826556,143464,143464,0
43827376,8,-1,43826556,0,0,0
43827571,9,-1,43826556,1,0,0
43827862,11,-1,43826556,1,243,0
43828024,12,-1,43826556,0,0,0
43926673,4,-1,43926667,0,0,0
43926925,5,-1,43926667,143428,143428,0
43927062,6,-1,43926667,0,0,0
44026592,4,-1,44026579,0,0,0
44027119,5,-1,44026579,143428,143428,0
44027362,6,-1,44026579,0,0,0
44126646,4,-1,44126614,0,0,0
44126969,5,-1,44126614,143428,143428,0
44127157,6,-1,44126614,3,0,0
44127307,7,-1,44126614,143384,143384,0
44127541,8,-1,44126614,0,0,0
44127758,9,-1,44126614,1,0,0
44127972,11,-1,44126614,1,244,0
44128138,12,-1,44126614,0,0,0
44226611,4,-1,44226606,0,0,0
44227041,5,-1,44226606,143348,143348,0
44227180,6,-1,44226606,17,0,0
44227344,7,-1,44226606,143296,143296,0
44227612,8,-1,44226606,0,0,0
44228025,2,0,44226,0,0,0
44228178,9,-1,44226606,0,1,0
44228368,12,-1,44226606,0,0,0
44326684,4,-1,44326677,0,0,0
44327105,5,-1,44326677,143296,143272,0
44327315,6,-1,44326677,4,0,0
44327558,7,-1,44326677,143252,143252,0
44328016,8,-1,44326677,0,0,0
44328255,9,-1,44326677,1,0,0
44328441,11,-1,44326677,1,245,0
44328700,12,-1,44326677,0,0,0
44426578,4,-1,44426571,0,0,0
44427052,5,-1,44426571,143216,143216,0
44427314,6,-1,44426571,32,0,0
44427604,7,-1,44426571,143152,143152,0
44427940,8,-1,44426571,0,0,0
44428105,2,0,44426,0,0,0
44428266,9,-1,44426571,0,1,0
44428435,12,-1,44426571,0,0,0
44526690,4,-1,44526684,0,0,0
44527103,5,-1,44526684,143152,143116,0
44527342,6,-1,44526684,1,0,0
44527608,7,-1,44526684,143108,143108,0
44528039,8,-1,44526684,0,0,0
44528231,9,-1,44526684,1,0,0
44528427,11,-1,44526684,1,246,0
44528697,12,-1,44526684,0,0,0
44626554,4,-1,44626547,0,0,0
44626935,5,-1,44626547,143072,143072,0
44627076,6,-1,44626547,29,0,0
44627214,7,-1,44626547,143008,143008,0
44627362,8,-1,44626547,0,0,0
44627545,2,0,44626,0,0,0
44627674,9,-1,44626547,0,1,0
44627877,12,-1,44626547,0,0,0
44726672,4,-1,44726665,0,0,0
44726957,5,-1,44726665,143008,142972,0
44727096,6,-1,44726665,3,0,0
44727225,7,-1,44726665,142964,142964,0
44727362,8,-1,44726665,0,0,0
44727459,9,-1,44726665,1,0,0
44727774,11,-1,44726665,1,247,0
44728033,12,-1,44726665,0,0,0
44826604,4,-1,44826597,0,0,0
44827083,5,-1,44826597,142928,142928,0
44827249,6,-1,44826597,16,0,0
44827446,7,-1,44826597,142880,142880,0
44827682,8,-1,44826597,0,0,0
44827827,2,0,44826,0,0,0
44827936,9,-1,44826597,0,1,0
44828072,12,-1,44826597,0,0,0
44926706,4,-1,44926700,0,0,0
44927044,5,-1,44926700,142880,142860,0
44927306,6,-1,44926700,3,0,0
44927603,7,-1,44926700,142836,142836,0
44928000,8,-1,44926700,0,0,0
44928158,9,-1,44926700,1,0,0
44928284,11,-1,44926700,1,248,0
44928391,12,-1,44926700,0,0,0
45026640,4,-1,45026634,0,0,0
45026880,5,-1,45026634,142800,142800,0
45027008,6,-1,45026634,2,0,0
45027204,7,-1,45026634,142756,142756,0
45027543,8,-1,45026634,0,0,0
45027763,2,0,45026,0,0,0
45027924,9,-1,45026634,0,1,0
45028097,12,-1,45026634,0,0,0
45126569,4,-1,45126561,0,0,0
45126961,5,-1,45126561,142756,142740,0
45127317,6,-1,45126561,19,0,0
45127756,7,-1,45126561,142704,142704,0
45128064,8,-1,45126561,0,0,0
45128281,9,-1,45126561,1,0,0
45128611,11,-1,45126561,1,249,0
45128989,12,-1,45126561,0,0,0
45226573,4,-1,45226567,0,0,0
45226766,5,-1,45226567,142668,142668,0
45226926,6,-1,45226567,102,0,0
45227067,7,-1,45226567,142532,142532,0
45227226,8,-1,45226567,0,0,0
45227337,9,-1,45226567,1,0,0
45227518,11,-1,45226567,1,250,0
45227662,12,-1,45226567,0,0,0
45326601,4,-1,45326593,0,0,0
45327009,5,-1,45326593,142496,142424,0
45327250,6,-1,45326593,8,0,0
45327409,7,-1,45326593,142452,142424,0
45327742,8,-1,45326593,0,0,0
45327935,9,-1,45326593,1,0,0
45328106,11,-1,45326593,1,251,0
45328234,12,-1,45326593,0,0,0
45426574,4,-1,45426566,0,0,0
45426908,5,-1,45426566,142416,142416,0
45427062,6,-1,45426566,0,0,0
45526601,4,-1,45526584,0,0,0
45527072,5,-1,45526584,142416,142416,0
45527442,6,-1,45526584,6,0,0
45527974,7,-1,45526584,142372,142372,0
45528187,8,-1,45526584,0,0,0
45528315,9,-1,45526584,1,0,0
45528453,11,-1,45526584,1,252,0
45528625,12,-1,45526584,0,0,0
45626587,4,-1,45626579,0,0,0
45627040,5,-1,45626579,142336,142336,0
45627283,6,-1,45626579,3,0,0
45627579,7,-1,45626579,142292,142292,0
45627939,8,-1,45626579,0,0,0
45628166,2,0,45626,0,0,0
45628379,9,-1,45626579,0,1,0
45628661,12,-1,45626579,0,0,0
45726657,4,-1,45726651,0,0,0
45726966,5,-1,45726651,142292,142276,0
45727103,6,-1,45726651,9,0,0
45727256,7,-1,45726651,142248,142248,0
45727432,8,-1,45726651,0,0,0
45727585,9,-1,45726651,1,0,0
45727743,11,-1,45726651,1,253,0
45727928,12,-1,45726651,0,0,0
45826584,4,-1,45826579,0,0,0
45826934,5,-1,45826579,142212,142212,0
45827082,6,-1,45826579,3,0,0
45827238,7,-1,45826579,142168,142168,0
45827405,8,-1,45826579,0,0,0
45827580,2,0,45826,0,0,0
45827760,9,-1,45826579,0,1,0
45827918,12,-1,45826579,0,0,0
45926680,4,-1,45926673,0,0,0
45926953,5,-1,45926673,142168,142152,0
45927098,6,-1,45926673,6,0,0
45927272,7,-1,45926673,142124,142124,0
45927439,8,-1,45926673,0,0,0
45927630,9,-1,45926673,1,0,0
45927851,11,-1,45926673,1,254,0
45927953,12,-1,45926673,0,0,0
46026638,4,-1,46026631,0,0,0
46026924,5,-1,46026631,142088,142088,0
46027082,6,-1,46026631,1,0,0
46027240,7,-1,46026631,142044,142044,0
46027410,8,-1,46026631,0,0,0
46027621,2,0,46026,0,0,0
46027799,9,-1,46026631,0,1,0
46027928,12,-1,46026631,0,0,0
46126582,4,-1,46126576,0,0,0
46126865,5,-1,46126576,142044,142028,0
46127021,6,-1,46126576,3,0,0
46127172,7,-1,46126576,142000,142000,0
46127355,8,-1,46126576,0,0,0
46127535,9,-1,46126576,1,0,0
46127698,11,-1,46126576,1,255,0
46127873,12,-1,46126576,0,0,0
46226570,4,-1,46226560,0,0,0
46227010,5,-1,46226560,141964,141964,0
46227275,6,-1,46226560,3,0,0
46227635,7,-1,46226560,141920,141920,0
46227996,8,-1,46226560,0,0,0
46228150,2,0,46226,0,0,0
46228291,9,-1,46226560,0,1,0
46228441,12,-1,46226560,0,0,0
46326589,4,-1,46326578,0,0,0
46327077,5,-1,46326578,141920,141904,0
46327456,6,-1,46326578,121,0,0
46327957,7,-1,46326578,141764,141764,0
46328398,8,-1,46326578,0,0,0
46328757,9,-1,46326578,1,0,0
46329058,11,-1,46326578,1,256,0
46329333,12,-1,46326578,0,0,0
46426600,4,-1,46426590,0,0,0
46426959,5,-1,46426590,141728,141636,0
46427158,6,-1,46426590,1,0,0
46427340,7,-1,46426590,141684,141636,0
46427600,8,-1,46426590,0,0,0
46427777,9,-1,46426590,1,0,0
46427968,11,-1,46426590,1,257,0
46428153,12,-1,46426590,0,0,0
46526595,4,-1,46526583,0,0,0
46527102,5,-1,46526583,141648,141636,0
46527451,6,-1,46526583,43,0,0
46527923,7,-1,46526583,141572,141572,0
46528313,8,-1,46526583,0,0,0
46528655,2,0,46526,0,0,0
46529017,9,-1,46526583,0,1,0
46529317,12,-1,46526583,0,0,0
46626540,4,-1,46626529,0,0,0
46627003,5,-1,46626529,141572,141524,0
46627316,6,-1,46626529,13,0,0
46627713,7,-1,46626529,141524,141524,0
46628029,8,-1,46626529,0,0,0
46628183,9,-1,46626529,1,0,0
46628355,11,-1,46626529,1,258,0
46628662,12,-1,46626529,0,0,0
46726551,4,-1,46726543,0,0,0
46726892,5,-1,46726543,141488,141488,0
46727134,6,-1,46726543,4,0,0
46727368,7,-1,46726543,141444,141444,0
46727726,8,-1,46726543,0,0,0
46727966,9,-1,46726543,1,0,0
46728200,11,-1,46726543,1,259,0
46728413,12,-1,46726543,0,0,0
46826527,4,-1,46826522,0,0,0
46826771,5,-1,46826522,141408,141408,0
46827106,6,-1,46826522,3,0,0
46827644,7,-1,46826522,141364,141364,0
46828149,8,-1,46826522,0,0,0
46828259,2,0,46826,0,0,0
46828353,9,-1,46826522,0,1,0
46828455,12,-1,46826522,0,0,0
46926595,4,-1,46926587,0,0,0
46927011,5,-1,46926587,141364,141348,0
46927327,6,-1,46926587,2,0,0
46927697,7,-1,46926587,141320,141320,0
46928172,8,-1,46926587,0,0,0
46928444,9,-1,46926587,1,0,0
46928870,11,-1,46926587,1,260,0
46929164,12,-1,46926587,0,0,0
47026671,4,-1,47026659,0,0,0
47027087,5,-1,47026659,141284,141284,0
47027454,6,-1,47026659,3,0,0
47027891,7,-1,47026659,141240,141240,0
47028122,8,-1,47026659,0,0,0
47028293,9,-1,47026659,1,0,0
47028551,11,-1,47026659,1,261,0
47028873,12,-1,47026659,0,0,0
47126595,4,-1,47126587,0,0,0
47126948,5,-1,47126587,141204,141204,0
47127152,6,-1,47126587,31,0,0
47127347,7,-1,47126587,141140,141140,0
47127611,8,-1,47126587,0,0,0
47127826,2,0,47126,0,0,0
47128009,9,-1,47126587,0,1,0
47128184,12,-1,47126587,0,0,0
47226573,4,-1,47226566,0,0,0
47227038,5,-1,47226566,141140,141104,0
47227237,6,-1,47226566,13,0,0
47227452,7,-1,47226566,141092,141092,0
47227737,8,-1,47226566,0,0,0
47228007,9,-1,47226566,1,0,0
47228254,11,-1,47226566,1,262,0
47228610,12,-1,47226566,0,0,0
47326765,4,-1,47326736,0,0,0
47327327,5,-1,47326736,141056,141056,0
47327810,6,-1,47326736,93,0,0
47328361,7,-1,47326736,140928,140928,0
47330884,8,-1,47326736,0,0,0
47331240,9,-1,47326736,1,0,0
47331624,11,-1,47326736,1,263,0
47331965,12,-1,47326736,0,0,0
47426571,4,-1,47426563,0,0,0
47427022,5,-1,47426563,140892,140828,0
47427343,6,-1,47426563,2,0,0
47427721,7,-1,47426563,140848,140828,0
47428189,8,-1,47426563,0,0,0
47428547,2,0,47426,0,0,0
47428873,9,-1,47426563,0,1,0
47429199,12,-1,47426563,0,0,0
47526577,4,-1,47526565,0,0,0
47527132,5,-1,47526565,140848,140828,0
47527504,6,-1,47526565,46,0,0
47528122,7,-1,47526565,140768,140768,0
47529794,8,-1,47526565,0,0,0
47530213,9,-1,47526565,1,0,0
47530689,11,-1,47526565,1,264,0
47531088,12,-1,47526565,0,0,0
47626526,4,-1,47626518,0,0,0
47629756,5,-1,47626518,140732,140716,0
47630137,6,-1,47626518,6,0,0
47630456,7,-1,47626518,140688,140688,0
47630891,8,-1,47626518,0,0,0
47631278,2,0,47626,0,0,0
47631725,9,-1,47626518,0,1,0
47631947,12,-1,47626518,0,0,0
47726551,4,-1,47726539,0,0,0
47726981,5,-1,47726539,140688,140672,0
47727193,6,-1,47726539,45,0,0
47727415,7,-1,47726539,140608,140608,0
47727991,8,-1,47726539,0,0,0
47728178,9,-1,47726539,1,0,0
47728366,11,-1,47726539,1,265,0
47728659,12,-1,47726539,0,0,0
47826552,4,-1,47826539,0,0,0
47827075,5,-1,47826539,140572,140556,0
47827427,6,-1,47826539,12,0,0
47827917,7,-1,47826539,140528,140528,0
47828310,8,-1,47826539,0,0,0
47828687,9,-1,47826539,1,0,0
47829099,11,-1,47826539,1,266,0
47829397,12,-1,47826539,0,0,0
47926596,4,-1,47926588,0,0,0
47926997,5,-1,47926588,140492,140492,0
47927215,6,-1,47926588,1,0,0
47927424,7,-1,47926588,140448,140448,0
47927714,8,-1,47926588,0,0,0
47928090,9,-1,47926588,1,0,0
47928291,11,-1,47926588,1,267,0
47928466,12,-1,47926588,0,0,0
48026593,4,-1,48026586,0,0,0
48026883,5,-1,48026586,140412,140412,0
48027087,6,-1,48026586,22,0,0
48027289,7,-1,48026586,140356,140356,0
48027555,8,-1,48026586,0,0,0
48027740,2,0,48026,0,0,0
48027922,9,-1,48026586,0,1,0
48028081,12,-1,48026586,0,0,0
48126578,4,-1,48126571,0,0,0
48126877,5,-1,48126571,140356,140328,0
48127067,6,-1,48126571,1,0,0
48127262,7,-1,48126571,140312,140312,0
48127481,8,-1,48126571,0,0,0
48127698,9,-1,48126571,1,0,0
48127936,11,-1,48126571,1,268,0
48128112,12,-1,48126571,0,0,0
48226589,4,-1,48226577,0,0,0
48227012,5,-1,48226577,140276,140276,0
48227345,6,-1,48226577,19,0,0
48227780,7,-1,48226577,140224,140224,0
48228173,8,-1,48226577,0,0,0
48228467,9,-1,48226577,1,0,0
48228889,11,-1,48226577,1,269,0
48229198,12,-1,48226577,0,0,0
48326554,4,-1,48326547,0,0,0
48326844,5,-1,48326547,140188,140188,0
48327020,6,-1,48326547,61,0,0
48327199,7,-1,48326547,140092,140092,0
48327402,8,-1,48326547,0,0,0
48327595,2,0,48326,0,0,0
48327748,9,-1,48326547,0,1,0
48327919,12,-1,48326547,0,0,0
48426600,4,-1,48426593,0,0,0
48427020,5,-1,48426593,140092,140024,0
48427343,6,-1,48426593,3,0,0
48427712,7,-1,48426593,140048,140024,0
48428141,8,-1,48426593,0,0,0
48428404,9,-1,48426593,1,0,0
48428753,11,-1,48426593,1,270,0
48429078,12,-1,48426593,0,0,0
48526542,4,-1,48526537,0,0,0
48527043,5,-1,48526537,140012,140012,0
48527290,6,-1,48526537,5,0,0
48527567,7,-1,48526537,139968,139968,0
48527907,8,-1,48526537,0,0,0
48528089,2,0,48526,0,0,0
48528234,9,-1,48526537,0,1,0
48528400,12,-1,48526537,0,0,0
48626552,4,-1,48626542,0,0,0
48626905,5,-1,48626542,139968,139952,0
48627088,6,-1,48626542,1,0,0
48627257,7,-1,48626542,139924,139924,0
48627428,8,-1,48626542,0,0,0
48627667,9,-1,48626542,1,0,0
48627943,11,-1,48626542,1,271,0
48628208,12,-1,48626542,0,0,0
48726540,4,-1,48726535,0,0,0
48726880,5,-1,48726535,139888,139888,0
48727016,6,-1,48726535,1,0,0
48727175,7,-1,48726535,139844,139844,0
48727358,8,-1,48726535,0,0,0
48727517,2,0,48726,0,0,0
48727646,9,-1,48726535,0,1,0
48727847,12,-1,48726535,0,0,0
48826599,4,-1,48826591,0,0,0
48826951,5,-1,48826591,139844,139828,0
48827124,6,-1,48826591,2,0,0
48827282,7,-1,48826591,139800,139800,0
48827451,8,-1,48826591,0,0,0
48827738,9,-1,48826591,1,0,0
48828016,11,-1,48826591,1,272,0
48828168,12,-1,48826591,0,0,0
48926680,4,-1,48926674,0,0,0
48926955,5,-1,48926674,139764,139764,0
48927071,6,-1,48926674,1,0,0
48927241,7,-1,48926674,139720,139720,0
48927403,8,-1,48926674,0,0,0
48927587,9,-1,48926674,1,0,0
48927784,11,-1,48926674,1,273,0
48927955,12,-1,48926674,0,0,0
49026697,4,-1,49026677,0,0,0
49026949,5,-1,49026677,139684,139684,0
49027099,6,-1,49026677,51,0,0
49027275,7,-1,49026677,139600,139600,0
49027442,8,-1,49026677,0,0,0
49027626,9,-1,49026677,1,0,0
49027872,11,-1,49026677,1,274,0
49028011,12,-1,49026677,0,0,0
49126602,4,-1,49126595,0,0,0
49127022,5,-1,49126595,139564,139544,0
49127156,6,-1,49126595,1,0,0
49127310,7,-1,49126595,139520,139520,0
49127494,8,-1,49126595,0,0,0
49127696,2,0,49126,0,0,0
49127844,9,-1,49126595,0,1,0
49127975,12,-1,49126595,0,0,0
49226641,4,-1,49226633,0,0,0
49226952,5,-1,49226633,139520,139504,0
49227150,6,-1,49226633,5,0,0
49227340,7,-1,49226633,139476,139476,0
49227682,8,-1,49226633,0,0,0
49227920,9,-1,49226633,1,0,0
49228095,11,-1,49226633,1,275,0
49228259,12,-1,49226633,0,0,0
49326620,4,-1,49326610,0,0,0
49327023,5,-1,49326610,139440,139440,0
49327168,6,-1,49326610,23,0,0
49327330,7,-1,49326610,139384,139384,0
49327544,8,-1,49326610,0,0,0
49327715,2,0,49326,0,0,0
49327980,9,-1,49326610,0,1,0
49328162,12,-1,49326610,0,0,0
49426658,4,-1,49426652,0,0,0
49426926,5,-1,49426652,139384,139356,0
49427049,6,-1,49426652,4,0,0
49427175,7,-1,49426652,139340,139340,0
49427314,8,-1,49426652,0,0,0
49427410,9,-1,49426652,1,0,0
49427711,11,-1,49426652,1,276,0
49427977,12,-1,49426652,0,0,0
49526646,4,-1,49526620,0,0,0
49526944,5,-1,49526620,139304,139304,0
49527099,6,-1,49526620,1,0,0
49527258,7,-1,49526620,139260,139260,0
49527425,8,-1,49526620,0,0,0
49527637,2,0,49526,0,0,0
49527814,9,-1,49526620,0,1,0
49527956,12,-1,49526620,0,0,0
49626551,4,-1,49626543,0,0,0
49626837,5,-1,49626543,139260,139244,0
49627035,6,-1,49626543,9,0,0
49627280,7,-1,49626543,139216,139216,0
49627587,8,-1,49626543,0,0,0
49627812,9,-1,49626543,1,0,0
49628058,11,-1,49626543,1,277,0
49628349,12,-1,49626543,0,0,0
49726665,4,-1,49726659,0,0,0
49726992,5,-1,49726659,139180,139180,0
49727141,6,-1,49726659,6,0,0
49727293,7,-1,49726659,139136,139136,0
49727455,8,-1,49726659,0,0,0
49727710,9,-1,49726659,1,0,0
49727969,11,-1,49726659,1,278,0
49728070,12,-1,49726659,0,0,0
49826588,4,-1,49826582,0,0,0
49826952,5,-1,49826582,139100,139100,0
49827179,6,-1,49826582,108,0,0
49827413,7,-1,49826582,138960,138960,0
49827807,8,-1,49826582,0,0,0
49828063,2,0,49826,0,0,0
49828287,9,-1,49826582,0,1,0
49828582,12,-1,49826582,0,0,0
49926679,4,-1,49926673,0,0,0
49926955,5,-1,49926673,138960,138848,0
49927086,6,-1,49926673,2,0,0
49927308,7,-1,49926673,138916,138848,0
49927525,8,-1,49926673,0,0,0
49927664,9,-1,49926673,1,0,0
49927828,11,-1,49926673,1,279,0
49927974,12,-1,49926673,0,0,0
50026652,4,-1,50026623,0,0,0
50027022,5,-1,50026623,138880,138848,0
50027236,6,-1,50026623,0,0,0
50126679,4,-1,50126672,0,0,0
50127025,5,-1,50126672,138880,138848,0
50127210,6,-1,50126672,2,0,0
50127403,7,-1,50126672,138836,138836,0
50127677,8,-1,50126672,0,0,0
50127849,9,-1,50126672,1,0,0
50127964,11,-1,50126672,1,280,0
50128069,12,-1,50126672,0,0,0
50226666,4,-1,50226658,0,0,0
50226991,5,-1,50226658,138800,138800,0
50227106,6,-1,50226658,1,0,0
50227225,7,-1,50226658,138756,138756,0
50227366,8,-1,50226658,0,0,0
50227526,2,0,50226,0,0,0
50227740,9,-1,50226658,0,1,0
50227922,12,-1,50226658,0,0,0
50326612,4,-1,50326607,0,0,0
50326911,5,-1,50326607,138756,138740,0
50327040,6,-1,50326607,2,0,0
50327163,7,-1,50326607,138712,138712,0
50327302,8,-1,50326607,0,0,0
50327406,9,-1,50326607,1,0,0
50327581,11,-1,50326607,1,281,0
50327768,12,-1,50326607,0,0,0
50426573,4,-1,50426565,0,0,0
50426858,5,-1,50426565,138676,138676,0
50427237,6,-1,50426565,0,0,0
50526698,4,-1,50526690,0,0,0
50526957,5,-1,50526690,138676,138676,0
50527106,6,-1,50526690,2,0,0
50527279,7,-1,50526690,138632,138632,0
50527630,8,-1,50526690,0,0,0
50527963,9,-1,50526690,1,0,0
50528207,11,-1,50526690,1,282,0
50528415,12,-1,50526690,0,0,0
50626595,4,-1,50626586,0,0,0
50627082,5,-1,50626586,138596,138596,0
50627459,6,-1,50626586,40,0,0
50627930,7,-1,50626586,138524,138524,0
50628301,8,-1,50626586,0,0,0
50628782,2,0,50626,0,0,0
50629050,9,-1,50626586,0,1,0
50629293,12,-1,50626586,0,0,0
50726595,4,-1,50726583,0,0,0
50726938,5,-1,50726583,138524,138480,0
50727099,6,-1,50726583,1,0,0
50727255,7,-1,50726583,138480,138480,0
50727429,8,-1,50726583,0,0,0
50727590,9,-1,50726583,1,0,0
50727742,11,-1,50726583,1,283,0
50727945,12,-1,50726583,0,0,0
50826643,4,-1,50826638,0,0,0
50826926,5,-1,50826638,138444,138444,0
50827055,6,-1,50826638,47,0,0
50827228,7,-1,50826638,138364,138364,0
50827390,8,-1,50826638,0,0,0
50827567,9,-1,50826638,1,0,0
50827740,11,-1,50826638,1,284,0
50827934,12,-1,50826638,0,0,0
50926693,4,-1,50926674,0,0,0
50926973,5,-1,50926674,138328,138312,0
50927122,6,-1,50926674,1,0,0
50927297,7,-1,50926674,138284,138284,0
50927508,8,-1,50926674,0,0,0
50927628,9,-1,50926674,1,0,0
50927821,11,-1,50926674,1,285,0
50927967,12,-1,50926674,0,0,0
51026612,4,-1,51026605,0,0,0
51026959,5,-1,51026605,138248,138248,0
51027093,6,-1,51026605,1,0,0
51027212,7,-1,51026605,138204,138204,0
51027349,8,-1,51026605,0,0,0
51027451,2,0,51026,0,0,0
51027712,9,-1,51026605,0,1,0
51027945,12,-1,51026605,0,0,0
51126647,4,-1,51126615,0,0,0
51126937,5,-1,51126615,138204,138188,0
51127170,6,-1,51126615,1,0,0
51127408,7,-1,51126615,138160,138160,0
51127736,8,-1,51126615,0,0,0
51128047,9,-1,51126615,1,0,0
51128303,11,-1,51126615,1,286,0
51128560,12,-1,51126615,0,0,0
51226655,4,-1,51226650,0,0,0
51226962,5,-1,51226650,138124,138124,0
51227089,6,-1,51226650,18,0,0
51227264,7,-1,51226650,138072,138072,0
51227429,8,-1,51226650,0,0,0
51227640,9,-1,51226650,1,0,0
51227869,11,-1,51226650,1,287,0
51227968,12,-1,51226650,0,0,0
51326533,4,-1,51326527,0,0,0
51326770,5,-1,51326527,138036,138036,0
51326996,6,-1,51326527,1,0,0
51327163,7,-1,51326527,137992,137992,0
51327328,8,-1,51326527,0,0,0
51327549,2,0,51326,0,0,0
51327694,9,-1,51326527,0,1,0
51327898,12,-1,51326527,0,0,0
51426655,4,-1,51426649,0,0,0
51426900,5,-1,51426649,137992,137976,0
51427051,6,-1,51426649,0,0,0
51526649,4,-1,51526642,0,0,0
51526913,5,-1,51526642,137992,137976,0
51527033,6,-1,51526642,7,0,0
51527217,7,-1,51526642,137948,137948,0
51527355,8,-1,51526642,0,0,0
51527451,9,-1,51526642,1,0,0
51527764,11,-1,51526642,1,288,0
51527968,12,-1,51526642,0,0,0
51626599,4,-1,51626593,0,0,0
51626945,5,-1,51626593,137912,137912,0
51627156,6,-1,51626593,1,0,0
51627403,7,-1,51626593,137868,137868,0
51627650,8,-1,51626593,0,0,0
51627769,2,0,51626,0,0,0
51627908,9,-1,51626593,0,1,0
51628024,12,-1,51626593,0,0,0
51726654,4,-1,51726648,0,0,0
51726927,5,-1,51726648,137868,137852,0
51727048,6,-1,51726648,10,0,0
51727175,7,-1,51726648,137824,137824,0
51727313,8,-1,51726648,0,0,0
51727409,9,-1,51726648,1,0,0
51727723,11,-1,51726648,1,289,0
51728024,12,-1,51726648,0,0,0
51826671,4,-1,51826665,0,0,0
51826932,5,-1,51826665,137788,137788,0
51827064,6,-1,51826665,2,0,0
51827196,7,-1,51826665,137744,137744,0
51827335,8,-1,51826665,0,0,0
51827432,9,-1,51826665,1,0,0
51827708,11,-1,51826665,1,290,0
51827962,12,-1,51826665,0,0,0
51926681,4,-1,51926675,0,0,0
51926968,5,-1,51926675,137708,137708,0
51927097,6,-1,51926675,2,0,0
51927270,7,-1,51926675,137664,137664,0
51927438,8,-1,51926675,0,0,0
51927637,9,-1,51926675,1,0,0
51927859,11,-1,51926675,1,291,0
51928010,12,-1,51926675,0,0,0
52026717,4,-1,52026709,0,0,0
52027031,5,-1,52026709,137628,137628,0
52027180,6,-1,52026709,0,0,0
52126658,4,-1,52126651,0,0,0
52127064,5,-1,52126651,137628,137628,0
52127180,6,-1,52126651,4,0,0
52127356,7,-1,52126651,137584,137584,0
52127579,8,-1,52126651,0,0,0
52127711,9,-1,52126651,1,0,0
52128070,11,-1,52126651,1,292,0
52128255,12,-1,52126651,0,0,0
52226676,4,-1,52226671,0,0,0
52227000,5,-1,52226671,137548,137548,0
52227118,6,-1,52226671,3,0,0
52227287,7,-1,52226671,137504,137504,0
52227480,8,-1,52226671,0,0,0
52227734,9,-1,52226671,1,0,0
52228026,11,-1,52226671,1,293,0
52228149,12,-1,52226671,0,0,0
52326608,4,-1,52326601,0,0,0
52326968,5,-1,52326601,137468,137468,0
52327101,6,-1,52326601,15,0,0
52327274,7,-1,52326601,137420,137420,0
52327568,8,-1,52326601,0,0,0
52327930,2,0,52326,0,0,0
52328105,9,-1,52326601,0,1,0
52328304,12,-1,52326601,0,0,0
52426653,4,-1,52426647,0,0,0
52427037,5,-1,52426647,137420,137400,0
52427174,6,-1,52426647,2,0,0
52427333,7,-1,52426647,137376,137376,0
52427564,8,-1,52426647,0,0,0
52427738,9,-1,52426647,1,0,0
52428029,11,-1,52426647,1,294,0
52428129,12,-1,52426647,0,0,0
52526655,4,-1,52526648,0,0,0
52526952,5,-1,52526648,137340,137340,0
52527112,6,-1,52526648,3,0,0
52527325,7,-1,52526648,137296,137296,0
52527599,8,-1,52526648,0,0,0
52527917,9,-1,52526648,1,0,0
52528132,11,-1,52526648,1,295,0
52528230,12,-1,52526648,0,0,0
52626541,4,-1,52626532,0,0,0
52626923,5,-1,52626532,137260,137260,0
52627191,6,-1,52626532,4,0,0
52627425,7,-1,52626532,137216,137216,0
52627878,8,-1,52626532,0,0,0
52628192,2,0,52626,0,0,0
52628480,9,-1,52626532,0,1,0
52629028,12,-1,52626532,0,0,0
52726693,4,-1,52726687,0,0,0
52726962,5,-1,52726687,137216,137200,0
52727100,6,-1,52726687,9,0,0
52727230,7,-1,52726687,137172,137172,0
52727367,8,-1,52726687,0,0,0
52727557,9,-1,52726687,1,0,0
52727841,11,-1,52726687,1,296,0
52728024,12,-1,52726687,0,0,0
52826609,4,-1,52826603,0,0,0
52826948,5,-1,52826603,137136,137136,0
52827142,6,-1,52826603,0,0,0
52926673,4,-1,52926665,0,0,0
52926945,5,-1,52926665,137136,137136,0
52927162,6,-1,52926665,23,0,0
52927347,7,-1,52926665,137080,137080,0
52927656,8,-1,52926665,0,0,0
52927942,9,-1,52926665,1,0,0
52928121,11,-1,52926665,1,297,0
52928297,12,-1,52926665,0,0,0
53026533,4,-1,53026527,0,0,0
53026781,5,-1,53026527,137044,137044,0
53026907,6,-1,53026527,1,0,0
53027031,7,-1,53026527,137000,137000,0
53027177,8,-1,53026527,0,0,0
53027333,2,0,53026,0,0,0
53027540,9,-1,53026527,0,1,0
53027775,12,-1,53026527,0,0,0
53126679,4,-1,53126673,0,0,0
53127042,5,-1,53126673,137000,136984,0
53127228,6,-1,53126673,1,0,0
53127445,7,-1,53126673,136956,136956,0
53127711,8,-1,53126673,0,0,0
53128014,9,-1,53126673,1,0,0
53128142,11,-1,53126673,1,298,0
53128256,12,-1,53126673,0,0,0
53226656,4,-1,53226650,0,0,0
53226933,5,-1,53226650,136920,136920,0
53227065,6,-1,53226650,1,0,0
53227186,7,-1,53226650,136876,136876,0
53227333,8,-1,53226650,0,0,0
53227437,2,0,53226,0,0,0
53227595,9,-1,53226650,0,1,0
53227746,12,-1,53226650,0,0,0
53326699,4,-1,53326693,0,0,0
53326918,5,-1,53326693,136876,136860,0
53327051,6,-1,53326693,1,0,0
53327181,7,-1,53326693,136832,136832,0
53327320,8,-1,53326693,0,0,0
53327418,9,-1,53326693,1,0,0
53327631,11,-1,53326693,1,299,0
53327922,12,-1,53326693,0,0,0
53426674,4,-1,53426668,0,0,0
53426947,5,-1,53426668,136796,136796,0
53427080,6,-1,53426668,31,0,0
53427255,7,-1,53426668,136732,136732,0
53427423,8,-1,53426668,0,0,0
53427633,2,0,53426,0,0,0
53427808,9,-1,53426668,0,1,0
53427966,12,-1,53426668,0,0,0
53526689,4,-1,53526683,0,0,0
53526984,5,-1,53526683,136732,136696,0
53527144,6,-1,53526683,14,0,0
53527365,7,-1,53526683,136684,136684,0
53527597,8,-1,53526683,0,0,0
53527779,9,-1,53526683,1,0,0
53527999,11,-1,53526683,1,300,0
53528183,12,-1,53526683,0,0,0
53626517,4,-1,53626508,0,0,0
53626813,5,-1,53626508,136648,136648,0
53626974,6,-1,53626508,1,0,0
53627117,7,-1,53626508,136604,136604,0
53627279,8,-1,53626508,0,0,0
53627400,2,0,53626,0,0,0
53627548,9,-1,53626508,0,1,0
53627718,12,-1,53626508,0,0,0
53726657,4,-1,53726652,0,0,0
53726928,5,-1,53726652,136604,136588,0
53727093,6,-1,53726652,0,0,0
53826656,4,-1,53826649,0,0,0
53826899,5,-1,53826649,136604,136588,0
53827025,6,-1,53826649,1,0,0
53827144,7,-1,53826649,136560,136560,0
53827273,8,-1,53826649,0,0,0
53827369,9,-1,53826649,1,0,0
53827526,11,-1,53826649,1,301,0
53827674,12,-1,53826649,0,0,0
53926622,4,-1,53926611,0,0,0
53926912,5,-1,53926611,136524,136524,0
53927042,6,-1,53926611,2,0,0
53927161,7,-1,53926611,136480,136480,0
53927309,8,-1,53926611,0,0,0
53927409,2,0,53926,0,0,0
53927555,9,-1,53926611,0,1,0
53927691,12,-1,53926611,0,0,0
54026656,4,-1,54026645,0,0,0
54027186,5,-1,54026645,136480,136464,0
54027581,6,-1,54026645,0,0,0
54126608,4,-1,54126602,0,0,0
54127058,5,-1,54126602,136480,136464,0
54127405,6,-1,54126602,0,0,0
54226659,4,-1,54226652,0,0,0
54227066,5,-1,54226652,136480,136464,0
54227255,6,-1,54226652,9,0,0
54227439,7,-1,54226652,136436,136436,0
54227730,8,-1,54226652,0,0,0
54228006,9,-1,54226652,1,0,0
54228225,11,-1,54226652,1,302,0
54228445,12,-1,54226652,0,0,0
54326674,4,-1,54326668,0,0,0
54327027,5,-1,54326668,136400,136400,0
54327221,6,-1,54326668,2,0,0
54327403,7,-1,54326668,136356,136356,0
54327809,8,-1,54326668,0,0,0
54327988,9,-1,54326668,1,0,0
54328167,11,-1,54326668,1,303,0
54328341,12,-1,54326668,0,0,0
54426676,4,-1,54426670,0,0,0
54426961,5,-1,54426670,136320,136320,0
54427091,6,-1,54426670,5,0,0
54427295,7,-1,54426670,136276,136276,0
54427449,8,-1,54426670,0,0,0
54427623,9,-1,54426670,1,0,0
54427835,11,-1,54426670,1,304,0
54427977,12,-1,54426670,0,0,0
54526699,4,-1,54526693,0,0,0
54526994,5,-1,54526693,136240,136240,0
54527125,6,-1,54526693,1,0,0
54527306,7,-1,54526693,136196,136196,0
54527491,8,-1,54526693,0,0,0
54527711,9,-1,54526693,1,0,0
54528041,11,-1,54526693,1,305,0
54528182,12,-1,54526693,0,0,0
54626539,4,-1,54626530,0,0,0
54626980,5,-1,54626530,136160,136160,0
54627213,6,-1,54626530,14,0,0
54627462,7,-1,54626530,136112,136112,0
54627768,8,-1,54626530,0,0,0
54627966,2,0,54626,0,0,0
54628164,9,-1,54626530,0,1,0
54628427,12,-1,54626530,0,0,0
54726659,4,-1,54726653,0,0,0
54726993,5,-1,54726653,136112,136092,0
54727127,6,-1,54726653,2,0,0
54727280,7,-1,54726653,136068,136068,0
54727442,8,-1,54726653,0,0,0
54727632,9,-1,54726653,1,0,0
54727905,11,-1,54726653,1,306,0
54728090,12,-1,54726653,0,0,0
54826587,4,-1,54826581,0,0,0
54826944,5,-1,54826581,136032,136032,0
54827147,6,-1,54826581,11,0,0
54827356,7,-1,54826581,135988,135988,0
54827663,8,-1,54826581,0,0,0
54827898,2,0,54826,0,0,0
54828011,9,-1,54826581,0,1,0
54828162,12,-1,54826581,0,0,0
54926613,4,-1,54926609,0,0,0
54927018,5,-1,54926609,135988,135972,0
54927181,6,-1,54926609,0,0,0
55026662,4,-1,55026655,0,0,0
55026975,5,-1,55026655,135988,135972,0
55027092,6,-1,55026655,1,0,0
55027267,7,-1,55026655,135944,135944,0
55027436,8,-1,55026655,0,0,0
55027661,9,-1,55026655,1,0,0
55027894,11,-1,55026655,1,307,0
55028004,12,-1,55026655,0,0,0
55126671,4,-1,55126666,0,0,0
55126986,5,-1,55126666,135908,135908,0
55127102,6,-1,55126666,1,0,0
55127273,7,-1,55126666,135864,135864,0
55127468,8,-1,55126666,0,0,0
55127625,9,-1,55126666,1,0,0
55127795,11,-1,55126666,1,308,0
55127994,12,-1,55126666,0,0,0
55226672,4,-1,55226666,0,0,0
55226949,5,-1,55226666,135828,135828,0
55227114,6,-1,55226666,1,0,0
55227290,7,-1,55226666,135784,135784,0
55227459,8,-1,55226666,0,0,0
55227836,9,-1,55226666,1,0,0
55228010,11,-1,55226666,1,309,0
55228148,12,-1,55226666,0,0,0
55326654,4,-1,55326649,0,0,0
55326954,5,-1,55326649,135748,135748,0
55327109,6,-1,55326649,5,0,0
55327279,7,-1,55326649,135704,135704,0
55327470,8,-1,55326649,0,0,0
55327633,2,0,55326,0,0,0
55327762,9,-1,55326649,0,1,0
55327973,12,-1,55326649,0,0,0
55426634,4,-1,55426629,0,0,0
55426976,5,-1,55426629,135704,135688,0
55427112,6,-1,55426629,3,0,0
55427267,7,-1,55426629,135660,135660,0
55427434,8,-1,55426629,0,0,0
55427640,9,-1,55426629,1,0,0
55427882,11,-1,55426629,1,310,0
55428011,12,-1,55426629,0,0,0
55526653,4,-1,55526647,0,0,0
55526895,5,-1,55526647,135624,135624,0
55527025,6,-1,55526647,0,0,0
55626513,4,-1,55626504,0,0,0
55626871,5,-1,55626504,135624,135624,0
55627094,6,-1,55626504,14,0,0
55627357,7,-1,55626504,135576,135576,0
55627717,8,-1,55626504,0,0,0
55627974,9,-1,55626504,1,0,0
55628255,11,-1,55626504,1,311,0
55628599,12,-1,55626504,0,0,0
55726658,4,-1,55726652,0,0,0
55726996,5,-1,55726652,135540,135540,0
55727128,6,-1,55726652,1,0,0
55727279,7,-1,55726652,135496,135496,0
55727441,8,-1,55726652,0,0,0
55727644,9,-1,55726652,1,0,0
55727863,11,-1,55726652,1,312,0
55728082,12,-1,55726652,0,0,0
55826659,4,-1,55826653,0,0,0
55827061,5,-1,55826653,135460,135460,0
55827206,6,-1,55826653,31,0,0
55827386,7,-1,55826653,135396,135396,0
55827637,8,-1,55826653,0,0,0
55827819,9,-1,55826653,1,0,0
55827992,11,-1,55826653,1,313,0
55828151,12,-1,55826653,0,0,0
55926610,4,-1,55926603,0,0,0
55926937,5,-1,55926603,135360,135360,0
55927109,6,-1,55926603,1,0,0
55927282,7,-1,55926603,135316,135316,0
55927455,8,-1,55926603,0,0,0
55927646,2,0,55926,0,0,0
55927767,9,-1,55926603,0,1,0
55927910,12,-1,55926603,0,0,0
56026671,4,-1,56026665,0,0,0
56026949,5,-1,56026665,135316,135300,0
56027088,6,-1,56026665,9,0,0
56027243,7,-1,56026665,135272,135272,0
56027410,8,-1,56026665,0,0,0
56027607,9,-1,56026665,1,0,0
56027852,11,-1,56026665,1,314,0
56027953,12,-1,56026665,0,0,0
56126565,4,-1,56126559,0,0,0
56126911,5,-1,56126559,135236,135236,0
56127109,6,-1,56126559,17,0,0
56127324,7,-1,56126559,135184,135184,0
56127553,8,-1,56126559,0,0,0
56127688,2,0,56126,0,0,0
56127876,9,-1,56126559,0,1,0
56128000,12,-1,56126559,0,0,0
56226693,4,-1,56226673,0,0,0
56226940,5,-1,56226673,135184,135160,0
56227076,6,-1,56226673,45,0,0
56227200,7,-1,56226673,135104,135104,0
56227333,8,-1,56226673,0,0,0
56227430,9,-1,56226673,1,0,0
56227652,11,-1,56226673,1,315,0
56227924,12,-1,56226673,0,0,0
56326656,4,-1,56326651,0,0,0
56326947,5,-1,56326651,135068,135052,0
56327090,6,-1,56326651,1,0,0
56327265,7,-1,56326651,135024,135024,0
56327452,8,-1,56326651,0,0,0
56327669,2,0,56326,0,0,0
56327866,9,-1,56326651,0,1,0
56327983,12,-1,56326651,0,0,0
56426680,4,-1,56426674,0,0,0
56426901,5,-1,56426674,135024,135008,0
56427019,6,-1,56426674,9,0,0
56427140,7,-1,56426674,134980,134980,0
56427290,8,-1,56426674,0,0,0
56427391,9,-1,56426674,1,0,0
56427554,11,-1,56426674,1,316,0
56427735,12,-1,56426674,0,0,0
56526581,4,-1,56526576,0,0,0
56526931,5,-1,56526576,134944,134944,0
56527070,6,-1,56526576,36,0,0
56527245,7,-1,56526576,134876,134876,0
56527418,8,-1,56526576,0,0,0
56527601,2,0,56526,0,0,0
56527858,9,-1,56526576,0,1,0
56528105,12,-1,56526576,0,0,0
56626555,4,-1,56626545,0,0,0
56626924,5,-1,56626545,134876,134836,0
56627112,6,-1,56626545,32,0,0
56627280,7,-1,56626545,134812,134812,0
56627427,8,-1,56626545,0,0,0
56627593,9,-1,56626545,1,0,0
56627833,11,-1,56626545,1,317,0
56628033,12,-1,56626545,0,0,0
56726656,4,-1,56726651,0,0,0
56726929,5,-1,56726651,134776,134776,0
56727092,6,-1,56726651,9,0,0
56727244,7,-1,56726651,134732,134732,0
56727421,8,-1,56726651,0,0,0
56727600,9,-1,56726651,1,0,0
56727895,11,-1,56726651,1,318,0
56728261,12,-1,56726651,0,0,0
56826724,4,-1,56826720,0,0,0
56827001,5,-1,56826720,134696,134696,0
56827123,6,-1,56826720,25,0,0
56827251,7,-1,56826720,134636,134636,0
56827470,8,-1,56826720,0,0,0
56827814,9,-1,56826720,1,0,0
56828046,11,-1,56826720,1,319,0
56828243,12,-1,56826720,0,0,0
56926698,4,-1,56926692,0,0,0
56927013,5,-1,56926692,134600,134600,0
56927209,6,-1,56926692,3,0,0
56927393,7,-1,56926692,134556,134556,0
56927725,8,-1,56926692,0,0,0
56927946,2,0,56926,0,0,0
56928091,9,-1,56926692,0,1,0
56928276,12,-1,56926692,0,0,0
57026675,4,-1,57026668,0,0,0
57026990,5,-1,57026668,134556,134540,0
57027107,6,-1,57026668,3,0,0
57027227,7,-1,57026668,134512,134512,0
57027364,8,-1,57026668,0,0,0
57027465,9,-1,57026668,1,0,0
57027669,11,-1,57026668,1,320,0
57028012,12,-1,57026668,0,0,0
57126565,4,-1,57126556,0,0,0
57126979,5,-1,57126556,134476,134476,0
57127271,6,-1,57126556,0,0,0
57226686,4,-1,57226677,0,0,0
57226967,5,-1,57226677,134476,134476,0
57227166,6,-1,57226677,0,0,0
57326564,4,-1,57326554,0,0,0
57326960,5,-1,57326554,134476,134476,0
57327190,6,-1,57326554,13,0,0
57327392,7,-1,57326554,134428,134428,0
57327855,8,-1,57326554,0,0,0
57328116,9,-1,57326554,1,0,0
57328381,11,-1,57326554,1,321,0
57328739,12,-1,57326554,0,0,0
57426679,4,-1,57426673,0,0,0
57427088,5,-1,57426673,134392,134392,0
57427306,6,-1,57426673,2,0,0
57427623,7,-1,57426673,134348,134348,0
57427958,8,-1,57426673,0,0,0
57428144,9,-1,57426673,1,0,0
57428326,11,-1,57426673,1,322,0
57428579,12,-1,57426673,0,0,0
57526656,4,-1,57526651,0,0,0
57527110,5,-1,57526651,134312,134312,0
57527432,6,-1,57526651,0,0,0
57626592,4,-1,57626586,0,0,0
57626900,5,-1,57626586,134312,134312,0
57627130,6,-1,57626586,55,0,0
57627346,7,-1,57626586,134224,134224,0
57627750,8,-1,57626586,0,0,0
57627970,9,-1,57626586,1,0,0
57628221,11,-1,57626586,1,323,0
57628462,12,-1,57626586,0,0,0
57726565,4,-1,57726560,0,0,0
57726868,5,-1,57726560,134188,134164,0
57726992,6,-1,57726560,3,0,0
57727119,7,-1,57726560,134144,134144,0
57727255,8,-1,57726560,0,0,0
57727380,2,0,57726,0,0,0
57727564,9,-1,57726560,0,1,0
57727768,12,-1,57726560,0,0,0
57826598,4,-1,57826588,0,0,0
57827014,5,-1,57826588,134144,134128,0
57827223,6,-1,57826588,173,0,0
57827561,7,-1,57826588,133936,133936,0
57827969,8,-1,57826588,0,0,0
57828143,9,-1,57826588,1,0,0
57828360,11,-1,57826588,1,324,0
57828601,12,-1,57826588,0,0,0
57926680,4,-1,57926660,0,0,0
57927055,5,-1,57926660,133900,133756,0
57927190,6,-1,57926660,1,0,0
57927405,7,-1,57926660,133856,133756,0
57927670,8,-1,57926660,0,0,0
57927933,9,-1,57926660,1,0,0
57928165,11,-1,57926660,1,325,0
57928325,12,-1,57926660,0,0,0
58026677,4,-1,58026672,0,0,0
58026988,5,-1,58026672,133820,133756,0
58027154,6,-1,58026672,5,0,0
58027467,7,-1,58026672,133776,133756,0
58027714,8,-1,58026672,0,0,0
58027931,9,-1,58026672,1,0,0
58028067,11,-1,58026672,1,326,0
58028206,12,-1,58026672,0,0,0
58126683,4,-1,58126677,0,0,0
58127006,5,-1,58126677,133740,133740,0
58127147,6,-1,58126677,44,0,0
58127337,7,-1,58126677,133664,133664,0
58127600,8,-1,58126677,0,0,0
58127777,9,-1,58126677,1,0,0
58128033,11,-1,58126677,1,327,0
58128269,12,-1,58126677,0,0,0
58226599,4,-1,58226584,0,0,0
58227090,5,-1,58226584,133628,133616,0
58227468,6,-1,58226584,3,0,0
58231242,7,-1,58226584,133584,133584,0
58231940,8,-1,58226584,0,0,0
58232281,2,0,58226,0,0,0
58232747,9,-1,58226584,0,1,0
58233199,12,-1,58226584,0,0,0
58327053,4,-1,58327027,0,0,0
58329589,5,-1,58327027,133584,133568,0
58330329,6,-1,58327027,1,0,0
58331996,7,-1,58327027,133540,133540,0
58333815,8,-1,58327027,0,0,0
58334712,9,-1,58327027,1,0,0
58337885,11,-1,58327027,1,328,0
58338367,12,-1,58327027,0,0,0
58426658,4,-1,58426643,0,0,0
58427179,5,-1,58426643,133504,133504,0
58427689,6,-1,58426643,0,0,0
58526571,4,-1,58526563,0,0,0
58526887,5,-1,58526563,133504,133504,0
58527020,6,-1,58526563,4,0,0
58527170,7,-1,58526563,133460,133460,0
58527405,8,-1,58526563,0,0,0
58527657,9,-1,58526563,1,0,0
58527978,11,-1,58526563,1,329,0
58528326,12,-1,58526563,0,0,0
58627049,4,-1,58627032,0,0,0
58629368,5,-1,58627032,133424,133424,0
58630540,6,-1,58627032,3,0,0
58631136,7,-1,58627032,133380,133380,0
58631813,8,-1,58627032,0,0,0
58632003,9,-1,58627032,1,0,0
58632214,11,-1,58627032,1,330,0
58632397,12,-1,58627032,0,0,0
58727148,4,-1,58727120,0,0,0
58728206,5,-1,58727120,133344,133344,0
58728854,6,-1,58727120,1,0,0
58729247,7,-1,58727120,133300,133300,0
58729672,8,-1,58727120,0,0,0
58729905,9,-1,58727120,1,0,0
58730174,11,-1,58727120,1,331,0
58730358,12,-1,58727120,0,0,0
58827055,4,-1,58827021,0,0,0
58828613,5,-1,58827021,133264,133264,0
58829243,6,-1,58827021,1,0,0
58829750,7,-1,58827021,133220,133220,0
58830251,8,-1,58827021,0,0,0
58830602,2,0,58827,0,0,0
58830900,9,-1,58827021,0,1,0
58831159,12,-1,58827021,0,0,0
58926675,4,-1,58926666,0,0,0
58927182,5,-1,58926666,133220,133204,0
58929046,6,-1,58926666,8,0,0
58930342,7,-1,58926666,133176,133176,0
58931037,8,-1,58926666,0,0,0
58931374,9,-1,58926666,1,0,0
58931876,11,-1,58926666,1,332,0
58932336,12,-1,58926666,0,0,0
59027276,4,-1,59027183,0,0,0
59028345,5,-1,59027183,133140,133140,0
59028787,6,-1,59027183,18,0,0
59029107,7,-1,59027183,133088,133088,0
59029406,8,-1,59027183,0,0,0
59029677,9,-1,59027183,1,0,0
59029880,11,-1,59027183,1,333,0
59030035,12,-1,59027183,0,0,0
59126659,4,-1,59126647,0,0,0
59127018,5,-1,59126647,133052,133052,0
59127258,6,-1,59126647,5,0,0
59127685,7,-1,59126647,133008,133008,0
59128167,8,-1,59126647,0,0,0
59128570,2,0,59126,0,0,0
59129287,9,-1,59126647,0,1,0
59130266,12,-1,59126647,0,0,0
59226695,4,-1,59226686,0,0,0
59226966,5,-1,59226686,133008,132992,0
59227135,6,-1,59226686,11,0,0
59227343,7,-1,59226686,132964,132964,0
59227687,8,-1,59226686,0,0,0
59227895,9,-1,59226686,1,0,0
59228048,11,-1,59226686,1,334,0
59228230,12,-1,59226686,0,0,0
59326676,4,-1,59326667,0,0,0
59326980,5,-1,59326667,132928,132928,0
59327193,6,-1,59326667,1,0,0
59327463,7,-1,59326667,132884,132884,0
59328053,8,-1,59326667,0,0,0
59328358,2,0,59326,0,0,0
59329217,9,-1,59326667,0,1,0
59330038,12,-1,59326667,0,0,0
59426927,4,-1,59426914,0,0,0
59427279,5,-1,59426914,132884,132868,0
59427439,6,-1,59426914,51,0,0
59427899,7,-1,59426914,132800,132800,0
59428191,8,-1,59426914,0,0,0
59428340,9,-1,59426914,1,0,0
59428553,11,-1,59426914,1,335,0
59428768,12,-1,59426914,0,0,0
59526655,4,-1,59526650,0,0,0
59526950,5,-1,59526650,132764,132744,0
59527079,6,-1,59526650,10,0,0
59527329,7,-1,59526650,132720,132720,0
59527644,8,-1,59526650,0,0,0
59527969,2,0,59526,0,0,0
59528208,9,-1,59526650,0,1,0
59528430,12,-1,59526650,0,0,0
59626571,4,-1,59626562,0,0,0
59626902,5,-1,59626562,132720,132704,0
59627204,6,-1,59626562,1,0,0
59627406,7,-1,59626562,132676,132676,0
59627796,8,-1,59626562,0,0,0
59628108,9,-1,59626562,1,0,0
59628413,11,-1,59626562,1,336,0
59628896,12,-1,59626562,0,0,0
59726562,4,-1,59726557,0,0,0
59726841,5,-1,59726557,132640,132640,0
59727020,6,-1,59726557,5,0,0
59727273,7,-1,59726557,132596,132596,0
59727608,8,-1,59726557,0,0,0
59727837,2,0,59726,0,0,0
59728035,9,-1,59726557,0,1,0
59728224,12,-1,59726557,0,0,0
59826552,4,-1,59826546,0,0,0
59826771,5,-1,59826546,132596,132580,0
59826965,6,-1,59826546,3,0,0
59827131,7,-1,59826546,132552,132552,0
59827294,8,-1,59826546,0,0,0
59827443,9,-1,59826546,1,0,0
59827759,11,-1,59826546,1,337,0
59828035,12,-1,59826546,0,0,0
59926652,4,-1,59926647,0,0,0
59926935,5,-1,59926647,132516,132516,0
59927092,6,-1,59926647,5,0,0
59927308,7,-1,59926647,132472,132472,0
59927711,8,-1,59926647,0,0,0
59928089,9,-1,59926647,1,0,0
59928342,11,-1,59926647,1,338,0
59928554,12,-1,59926647,0,0,0
60026665,4,-1,60026659,0,0,0
60026954,5,-1,60026659,132436,132436,0
60027168,6,-1,60026659,23,0,0
60027311,7,-1,60026659,132380,132380,0
60027570,8,-1,60026659,0,0,0
60027743,9,-1,60026659,1,0,0
60027949,11,-1,60026659,1,339,0
60028131,12,-1,60026659,0,0,0
60126620,4,-1,60126612,0,0,0
60126937,5,-1,60126612,132344,132344,0
60127282,6,-1,60126612,33,0,0
60127593,7,-1,60126612,132276,132276,0
60127978,8,-1,60126612,0,0,0
60128192,2,0,60126,0,0,0
60128352,9,-1,60126612,0,1,0
60128692,12,-1,60126612,0,0,0
60226672,4,-1,60226667,0,0,0
60226967,5,-1,60226667,132276,132236,0
60227149,6,-1,60226667,0,0,0
60326654,4,-1,60326622,0,0,0
60326930,5,-1,60326622,132276,132236,0
60327126,6,-1,60326622,0,0,0
60426656,4,-1,60426649,0,0,0
60427108,5,-1,60426649,132276,132236,0
60427305,6,-1,60426649,21,0,0
60427596,7,-1,60426649,132220,132220,0
60428036,8,-1,60426649,0,0,0
60428266,9,-1,60426649,1,0,0
60428629,11,-1,60426649,1,340,0
60428760,12,-1,60426649,0,0,0
60526575,4,-1,60526566,0,0,0
60527033,5,-1,60526566,132184,132184,0
60527218,6,-1,60526566,27,0,0
60527578,7,-1,60526566,132124,132124,0
60527823,8,-1,60526566,0,0,0
60527955,2,0,60526,0,0,0
60528064,9,-1,60526566,0,1,0
60528189,12,-1,60526566,0,0,0
60626718,4,-1,60626692,0,0,0
60627346,5,-1,60626692,132124,132092,0
60628254,6,-1,60626692,42,0,0
60630137,7,-1,60626692,132048,132048,0
60631301,8,-1,60626692,0,0,0
60634273,9,-1,60626692,1,0,0
60635077,11,-1,60626692,1,341,0
60635433,12,-1,60626692,0,0,0
60726767,4,-1,60726746,0,0,0
60727772,5,-1,60726746,132012,132000,0
60728778,6,-1,60726746,2,0,0
60730263,7,-1,60726746,131968,131968,0
60731140,8,-1,60726746,0,0,0
60731670,9,-1,60726746,1,0,0
60732066,11,-1,60726746,1,342,0
60732432,12,-1,60726746,0,0,0
60826966,4,-1,60826957,0,0,0
60827389,5,-1,60826957,131932,131932,0
60827728,6,-1,60826957,3,0,0
60828126,7,-1,60826957,131888,131888,0
60828576,8,-1,60826957,0,0,0
60828933,9,-1,60826957,1,0,0
60829229,11,-1,60826957,1,343,0
60829597,12,-1,60826957,0,0,0
60926605,4,-1,60926592,0,0,0
60927110,5,-1,60926592,131852,131852,0
60929332,6,-1,60926592,3,0,0
60930732,7,-1,60926592,131808,131808,0
60931332,8,-1,60926592,0,0,0
60932399,2,0,60926,0,0,0
60932965,9,-1,60926592,0,1,0
60933368,12,-1,60926592,0,0,0
60937878,15,0,926645,0,0,0
60939940,18,0,926645,0,0,0
60943412,19,0,926645,0,0,0
60945388,24,0,926645,0,0,0
60946416,1,0,926645,2166136261,0,0
60947876,21,0,926645,131808,131792,0
60948664,25,0,926645,131808,131792,0
60949486,14,-1,926645,0,0,0
60950052,13,-1,1126666,1,0,0
60950416,16,0,1126666,61126666,61226666,276256
60950973,17,0,1126666,0,0,0
60951212,20,0,1126666,131788,131788,0
61026570,4,-1,61026558,0,0,0
61026998,5,-1,61026558,131788,131788,0
61027291,6,-1,61026558,9,0,0
61027864,7,-1,61026558,131736,131736,0
61028810,8,-1,61026558,0,0,0
61029198,9,-1,61026558,1,0,0
61029557,11,-1,61026558,1,343,0
61029894,12,-1,61026558,0,0,0
61127845,4,-1,61127779,0,0,0
61129446,5,-1,61127779,131700,131700,0
61130282,6,-1,61127779,0,0,0
61131085,15,0,1126666,0,0,0
61131712,18,0,1126666,0,0,0
61209205,19,0,1126666,0,0,0
61216135,24,0,1126666,0,0,0
61217218,1,0,1126666,3320251836,0,0
61217613,21,0,1126666,131700,131700,0
61218130,25,0,1126666,131700,131700,0
61218609,14,-1,1126666,0,0,0
61219079,13,-1,1326621,1,0,0
61219409,16,0,1326621,61326621,61426621,207219
61220060,17,0,1326621,0,0,0
61220263,20,0,1326621,131736,131700,0
61226673,4,-1,61226640,0,0,0
61227243,5,-1,61226640,131736,131700,0
61227636,6,-1,61226640,17,0,0
61228137,7,-1,61226640,131676,131676,0
61229126,8,-1,61226640,0,0,0
61229538,9,-1,61226640,1,0,0
61229908,11,-1,61226640,1,343,0
61230227,12,-1,61226640,0,0,0
61326684,4,-1,61326678,0,0,0
61327054,5,-1,61326678,131640,131640,0
61327460,6,-1,61326678,2,0,0
61327764,7,-1,61326678,131596,131596,0
61328110,8,-1,61326678,0,0,0
61328323,9,-1,61326678,1,0,0
61328744,11,-1,61326678,1,344,0
61329100,12,-1,61326678,0,0,0
61329704,15,0,1326621,0,0,0
61330783,18,0,1326621,0,0,0
61380555,19,0,1326621,0,0,0
61381011,24,0,1326621,0,0,0
61381229,1,0,1326621,4006421541,0,0
61381654,21,0,1326621,131560,131560,0
61382103,25,0,1326621,131560,131560,0
61382458,14,-1,1326621,0,0,0
61382897,13,-1,1426662,1,0,0
61383248,16,0,1426662,61426662,61526662,143422
61383769,17,0,1426662,0,0,0
61384042,20,0,1426662,131636,131560,0
61426655,4,-1,61426648,0,0,0
61426996,5,-1,61426648,131636,131560,0
61427288,6,-1,61426648,8,0,0
61427803,7,-1,61426648,131588,131560,0
61428303,8,-1,61426648,0,0,0
61428586,2,0,61426,0,0,0
61428924,9,-1,61426648,0,1,0
61429276,12,-1,61426648,0,0,0
61429838,15,0,1426662,0,0,0
61430136,18,0,1426662,0,0,0
61435447,19,0,1426662,0,0,0
61435733,24,0,1426662,0,0,0
61435901,1,0,1426662,135029208,0,0
61436038,21,0,1426662,131588,131560,0
61436180,25,0,1426662,131588,131560,0
61436321,14,-1,1426662,0,0,0
61436513,13,-1,1627754,1,0,0
61436689,16,0,1627754,61627754,61727754,291069
61436940,17,0,1627754,0,0,0
61437074,20,0,1627754,131624,131560,0
61526691,4,-1,61526669,0,0,0
61527234,5,-1,61526669,131624,131560,0
61527590,6,-1,61526669,2,0,0
61528042,7,-1,61526669,131580,131560,0
61528862,8,-1,61526669,0,0,0
61530063,9,-1,61526669,1,0,0
61530401,11,-1,61526669,1,343,0
61530762,12,-1,61526669,0,0,0
61626515,4,-1,61626507,0,0,0
61626995,5,-1,61626507,131544,131544,0
61627254,6,-1,61626507,9,0,0
61627584,7,-1,61626507,131496,131496,0
61628377,8,-1,61626507,0,0,0
61629157,2,0,61626,0,0,0
61629466,9,-1,61626507,0,1,0
61629830,12,-1,61626507,0,0,0
61630260,15,0,1627754,0,0,0
61630742,18,0,1627754,0,0,0
61637120,19,0,1627754,0,0,0
61637446,24,0,1627754,0,0,0
61637742,1,0,1627754,922763879,0,0
61638036,21,0,1627754,131496,131480,0
61638251,25,0,1627754,131496,131480,0
61638535,14,-1,1627754,0,0,0
61638802,13,-1,1826611,1,0,0
61639063,16,0,1826611,61826611,61926611,287554
61639418,17,0,1826611,0,0,0
61639719,20,0,1826611,131512,131480,0
61726976,4,-1,61726964,0,0,0
61727859,5,-1,61726964,131512,131480,0
61728456,6,-1,61726964,13,0,0
61729351,7,-1,61726964,131464,131464,0
61729705,8,-1,61726964,0,0,0
61729997,9,-1,61726964,1,0,0
61730180,11,-1,61726964,1,343,0
61730355,12,-1,61726964,0,0,0
61826650,4,-1,61826631,0,0,0
61827280,5,-1,61826631,131428,131428,0
61827558,6,-1,61826631,41,0,0
61827839,7,-1,61826631,131352,131352,0
61828108,8,-1,61826631,0,0,0
61828296,2,0,61826,0,0,0
61828449,9,-1,61826631,0,1,0
61828685,12,-1,61826631,0,0,0
61829740,15,0,1826611,0,0,0
61830323,18,0,1826611,0,0,0
61836309,19,0,1826611,0,0,0
61836659,24,0,1826611,0,0,0
61836823,1,0,1826611,1059761711,0,0
61836962,21,0,1826611,131352,131304,0
61837091,25,0,1826611,131352,131304,0
61837242,14,-1,1826611,0,0,0
61837455,13,-1,1926678,1,0,0
61837761,16,0,1926678,61926678,62026678,188923
61838052,17,0,1926678,0,0,0
61838330,20,0,1926678,131408,131304,0
61926617,4,-1,61926603,0,0,0
61927150,5,-1,61926603,131408,131304,0
61927449,6,-1,61926603,8,0,0
61927815,7,-1,61926603,131356,131304,0
61928029,8,-1,61926603,0,0,0
61928147,9,-1,61926603,1,0,0
61928314,11,-1,61926603,1,343,0
61928634,12,-1,61926603,0,0,0
61929107,15,0,1926678,0,0,0
61929388,18,0,1926678,0,0,0
61935270,19,0,1926678,0,0,0
61935679,24,0,1926678,0,0,0
61935911,1,0,1926678,3426221669,0,0
61936053,21,0,1926678,131320,131304,0
61936186,25,0,1926678,131320,131304,0
61936310,14,-1,1926678,0,0,0
61936440,13,-1,2126648,1,0,0
61936741,16,0,2126648,62126648,62226648,289913
61936976,17,0,2126648,0,0,0
61937113,20,0,2126648,131356,131304,0
62026685,4,-1,62026677,0,0,0
62026973,5,-1,62026677,131356,131304,0
62027250,6,-1,62026677,58,0,0
62027626,7,-1,62026677,131256,131256,0
62028188,8,-1,62026677,0,0,0
62028990,9,-1,62026677,1,0,0
62029279,11,-1,62026677,1,343,0
62029445,12,-1,62026677,0,0,0
62126544,4,-1,62126532,0,0,0
62127007,5,-1,62126532,131220,131192,0
62127263,6,-1,62126532,0,0,0
62127871,15,0,2126648,0,0,0
62128753,18,0,2126648,0,0,0
62136103,19,0,2126648,0,0,0
62136395,24,0,2126648,0,0,0
62136622,1,0,2126648,797707384,0,0
62136812,21,0,2126648,131220,131192,0
62136986,25,0,2126648,131220,131192,0
62137162,14,-1,2126648,0,0,0
62137417,13,-1,2326666,1,0,0
62137839,16,0,2326666,62326666,62426666,288838
62138281,17,0,2326666,0,0,0
62138624,20,0,2326666,131236,131192,0
62226676,4,-1,62226668,0,0,0
62227111,5,-1,62226668,131236,131192,0
62227413,6,-1,62226668,1,0,0
62228072,7,-1,62226668,131192,131192,0
62228650,8,-1,62226668,0,0,0
62229235,9,-1,62226668,1,0,0
62229732,11,-1,62226668,1,343,0
62230034,12,-1,62226668,0,0,0
62326681,4,-1,62326675,0,0,0
62326971,5,-1,62326675,131156,131156,0
62327234,6,-1,62326675,6,0,0
62327433,7,-1,62326675,131108,131108,0
62327810,8,-1,62326675,0,0,0
62328045,9,-1,62326675,1,0,0
62328276,11,-1,62326675,1,344,0
62328688,12,-1,62326675,0,0,0
62329432,15,0,2326666,0,0,0
62329869,18,0,2326666,0,0,0
62335916,19,0,2326666,0,0,0
62336294,24,0,2326666,0,0,0
62336437,1,0,2326666,2025494473,0,0
62336669,21,0,2326666,131072,131072,0
62336855,25,0,2326666,131072,131072,0
62336993,14,-1,2326666,0,0,0
62337127,13,-1,2626583,1,0,0
62337283,16,0,2626583,62626583,62726583,389304
62337455,17,0,2626583,0,0,0
62337653,20,0,2626583,131128,131072,0
62426694,4,-1,62426686,0,0,0
62427140,5,-1,62426686,131128,131072,0
62427351,6,-1,62426686,30,0,0
62427655,7,-1,62426686,131056,131056,0
62427984,8,-1,62426686,0,0,0
62428182,9,-1,62426686,1,0,0
62428380,11,-1,62426686,1,344,0
62428589,12,-1,62426686,0,0,0
62526700,4,-1,62526692,0,0,0
62527043,5,-1,62526692,131020,131020,0
62527312,6,-1,62526692,3,0,0
62527770,7,-1,62526692,130972,130972,0
62528093,8,-1,62526692,0,0,0
62528296,9,-1,62526692,1,0,0
62528690,11,-1,62526692,1,345,0
62529059,12,-1,62526692,0,0,0
62626533,4,-1,62626524,0,0,0
62626959,5,-1,62626524,130936,130936,0
62627202,6,-1,62626524,1,0,0
62627528,7,-1,62626524,130892,130892,0
62628443,8,-1,62626524,0,0,0
62629232,2,0,62626,0,0,0
62629591,9,-1,62626524,0,1,0
62629963,12,-1,62626524,0,0,0
62630387,15,0,2626583,0,0,0
62630974,18,0,2626583,0,0,0
62639453,19,0,2626583,0,0,0
62639866,24,0,2626583,0,0,0
62640022,1,0,2626583,168584446,0,0
62640195,21,0,2626583,130892,130876,0
62640359,25,0,2626583,130892,130876,0
62640587,14,-1,2626583,0,0,0
62640873,13,-1,2826626,1,0,0
62641135,16,0,2826626,62826626,62926626,285497
62641582,17,0,2826626,0,0,0
62641863,20,0,2826626,130928,130876,0
62726686,4,-1,62726678,0,0,0
62727041,5,-1,62726678,130928,130876,0
62727358,6,-1,62726678,4,0,0
62727671,7,-1,62726678,130876,130876,0
62728191,8,-1,62726678,0,0,0
62728720,9,-1,62726678,1,0,0
62729171,11,-1,62726678,1,345,0
62729369,12,-1,62726678,0,0,0
62826682,4,-1,62826674,0,0,0
62827153,5,-1,62826674,130840,130840,0
62827535,6,-1,62826674,134,0,0
62827934,7,-1,62826674,130672,130672,0
62828248,8,-1,62826674,0,0,0
62828909,2,0,62826,0,0,0
62829231,9,-1,62826674,0,1,0
62829649,12,-1,62826674,0,0,0
62830189,15,0,2826626,0,0,0
62830572,18,0,2826626,0,0,0
62836954,19,0,2826626,0,0,0
62837230,24,0,2826626,0,0,0
62837366,1,0,2826626,2875364961,0,0
62837591,21,0,2826626,130672,130532,0
62837868,25,0,2826626,130672,130532,0
62838128,14,-1,2826626,0,0,0
62838359,13,-1,3026526,1,0,0
62838638,16,0,3026526,63026526,63126526,287892
62838972,17,0,3026526,0,0,0
62839205,20,0,3026526,130688,130532,0
62926667,4,-1,62926656,0,0,0
62927053,5,-1,62926656,130688,130532,0
62927463,6,-1,62926656,1,0,0
62928311,7,-1,62926656,130644,130532,0
62929534,8,-1,62926656,0,0,0
62929791,9,-1,62926656,1,0,0
62930105,11,-1,62926656,1,345,0
62930322,12,-1,62926656,0,0,0
63026620,4,-1,63026603,0,0,0
63027011,5,-1,63026603,130608,130532,0
63027255,6,-1,63026603,0,0,0
63027668,15,0,3026526,0,0,0
63028198,18,0,3026526,0,0,0
63034972,19,0,3026526,0,0,0
63035662,24,0,3026526,0,0,0
63036054,1,0,3026526,3454401287,0,0
63036357,21,0,3026526,130608,130532,0
63036755,25,0,3026526,130608,130532,0
63037038,14,-1,3026526,0,0,0
63037282,13,-1,3126695,1,0,0
63037618,16,0,3126695,63126695,63226695,189084
63038065,17,0,3126695,0,0,0
63038291,20,0,3126695,130664,130532,0
63126591,4,-1,63126584,0,0,0
63127032,5,-1,63126584,130664,130532,0
63127367,6,-1,63126584,21,0,0
63127710,7,-1,63126584,130600,130532,0
63128247,8,-1,63126584,0,0,0
63128664,9,-1,63126584,1,0,0
63128952,11,-1,63126584,1,345,0
63129086,12,-1,63126584,0,0,0
63129396,15,0,3126695,0,0,0
63129816,18,0,3126695,0,0,0
63135399,19,0,3126695,0,0,0
63135718,24,0,3126695,0,0,0
63135882,1,0,3126695,135029208,0,0
63136030,21,0,3126695,130564,130532,0
63136155,25,0,3126695,130564,130532,0
63136275,14,-1,3126695,0,0,0
63136654,13,-1,3426602,1,0,0
63136880,16,0,3426602,63426602,63526602,389726
63137100,17,0,3426602,0,0,0
63137232,20,0,3426602,130600,130532,0
63226581,4,-1,63226572,0,0,0
63226986,5,-1,63226572,130600,130532,0
63227230,6,-1,63226572,1,0,0
63227575,7,-1,63226572,130544,130532,0
63228098,8,-1,63226572,0,0,0
63228298,2,0,63226,0,0,0
63228651,9,-1,63226572,0,1,0
63229176,12,-1,63226572,0,0,0
63326556,4,-1,63326549,0,0,0
63326973,5,-1,63326549,130544,130528,0
63327281,6,-1,63326549,4,0,0
63327734,7,-1,63326549,130500,130500,0
63328105,8,-1,63326549,0,0,0
63328353,9,-1,63326549,1,0,0
63328708,11,-1,63326549,1,345,0
63329006,12,-1,63326549,0,0,0
63426571,4,-1,63426565,0,0,0
63426905,5,-1,63426565,130464,130464,0
63427286,6,-1,63426565,7,0,0
63427860,7,-1,63426565,130420,130420,0
63428099,8,-1,63426565,0,0,0
63428215,9,-1,63426565,1,0,0
63428391,11,-1,63426565,1,346,0
63428674,12,-1,63426565,0,0,0
63429121,15,0,3426602,0,0,0
63429495,18,0,3426602,0,0,0
63434966,19,0,3426602,0,0,0
63435260,24,0,3426602,0,0,0
63435413,1,0,3426602,135029208,0,0
63435635,21,0,3426602,130384,130384,0
63435802,25,0,3426602,130384,130384,0
63435967,14,-1,3426602,0,0,0
63436118,13,-1,3626541,1,0,0
63436271,16,0,3626541,63626541,63726541,290274
63436458,17,0,3626541,0,0,0
63436675,20,0,3626541,130420,130384,0
63526520,4,-1,63526509,0,0,0
63527135,5,-1,63526509,130420,130384,0
63527309,6,-1,63526509,1,0,0
63527645,7,-1,63526509,130368,130368,0
63528452,8,-1,63526509,0,0,0
63529231,2,0,63526,0,0,0
63529695,9,-1,63526509,0,1,0
63530086,12,-1,63526509,0,0,0
63626548,4,-1,63626538,0,0,0
63627282,5,-1,63626538,130368,130352,0
63627693,6,-1,63626538,2,0,0
63628057,7,-1,63626538,130324,130324,0
63628832,8,-1,63626538,0,0,0
63629291,9,-1,63626538,1,0,0
63629794,11,-1,63626538,1,346,0
63630149,12,-1,63626538,0,0,0
63630714,15,0,3626541,0,0,0
63631128,18,0,3626541,0,0,0
63636650,19,0,3626541,0,0,0
63636956,24,0,3626541,0,0,0
63637091,1,0,3626541,3759616242,0,0
63637242,21,0,3626541,130288,130288,0
63637391,25,0,3626541,130288,130288,0
63637654,14,-1,3626541,0,0,0
63637939,13,-1,3726669,1,0,0
63638169,16,0,3726669,63726669,63826669,188506
63638512,17,0,3726669,0,0,0
63638676,20,0,3726669,130324,130288,0
63726544,4,-1,63726533,0,0,0
63727121,5,-1,63726533,130324,130288,0
63727538,6,-1,63726533,3,0,0
63727997,7,-1,63726533,130272,130272,0
63728441,8,-1,63726533,0,0,0
63728941,2,0,63726,0,0,0
63729154,9,-1,63726533,0,1,0
63729361,12,-1,63726533,0,0,0
63729763,15,0,3726669,0,0,0
63730148,18,0,3726669,0,0,0
63736181,19,0,3726669,0,0,0
63736613,24,0,3726669,0,0,0
63736894,1,0,3726669,4082432808,0,0
63737122,21,0,3726669,130272,130256,0
63737347,25,0,3726669,130272,130256,0
63737611,14,-1,3726669,0,0,0
63737832,13,-1,3926567,1,0,0
63738068,16,0,3926567,63926567,64026567,288505
63738415,17,0,3926567,0,0,0
63738677,20,0,3926567,130288,130256,0
63826527,4,-1,63826519,0,0,0
63827004,5,-1,63826519,130288,130256,0
63827273,6,-1,63826519,122,0,0
63827559,7,-1,63826519,130132,130132,0
63828061,8,-1,63826519,0,0,0
63828375,9,-1,63826519,1,0,0
63828858,11,-1,63826519,1,345,0
63829120,12,-1,63826519,0,0,0
63926524,4,-1,63926519,0,0,0
63926996,5,-1,63926519,130096,130004,0
63927277,6,-1,63926519,0,0,0
63927755,15,0,3926567,0,0,0
63928130,18,0,3926567,0,0,0
63934240,19,0,3926567,0,0,0
63934744,24,0,3926567,0,0,0
63934985,1,0,3926567,2567117429,0,0
63935193,21,0,3926567,130096,130004,0
63935391,25,0,3926567,130096,130004,0
63935614,14,-1,3926567,0,0,0
63935780,13,-1,4126656,1,0,0
63935951,16,0,4126656,64126656,64226656,290709
63936157,17,0,4126656,0,0,0
63936299,20,0,4126656,130152,130004,0
64026530,4,-1,64026522,0,0,0
64026962,5,-1,64026522,130152,130004,0
64027176,6,-1,64026522,48,0,0
64027420,7,-1,64026522,130064,130004,0
64027927,8,-1,64026522,0,0,0
64028432,9,-1,64026522,1,0,0
64029094,11,-1,64026522,1,345,0
64029316,12,-1,64026522,0,0,0
64126518,4,-1,64126513,0,0,0
64126990,5,-1,64126513,130028,130004,0
64127372,6,-1,64126513,2,0,0
64127991,7,-1,64126513,129984,129984,0
64128750,8,-1,64126513,0,0,0
64129158,2,0,64126,0,0,0
64129352,9,-1,64126513,0,1,0
64129584,12,-1,64126513,0,0,0
64129978,15,0,4126656,0,0,0
64130235,18,0,4126656,0,0,0
64136710,19,0,4126656,0,0,0
64137019,24,0,4126656,0,0,0
64137229,1,0,4126656,1931968563,0,0
64137581,21,0,4126656,129984,129968,0
64137874,25,0,4126656,129984,129968,0
64138009,14,-1,4126656,0,0,0
64138141,13,-1,4326606,1,0,0
64138281,16,0,4326606,64326606,64426606,288328
64138479,17,0,4326606,0,0,0
64138657,20,0,4326606,130000,129968,0
64226529,4,-1,64226518,0,0,0
64226988,5,-1,64226518,130000,129968,0
64227198,6,-1,64226518,5,0,0
64227413,7,-1,64226518,129956,129956,0
64227731,8,-1,64226518,0,0,0
64228028,9,-1,64226518,1,0,0
64228271,11,-1,64226518,1,345,0
64228421,12,-1,64226518,0,0,0
64326574,4,-1,64326560,0,0,0
64327099,5,-1,64326560,129920,129920,0
64327290,6,-1,64326560,2,0,0
64327657,7,-1,64326560,129876,129876,0
64328187,8,-1,64326560,0,0,0
64328372,9,-1,64326560,1,0,0
64328973,11,-1,64326560,1,346,0
64329280,12,-1,64326560,0,0,0
64329905,15,0,4326606,0,0,0
64330402,18,0,4326606,0,0,0
64335988,19,0,4326606,0,0,0
64336215,24,0,4326606,0,0,0
64336343,1,0,4326606,209147793,0,0
64336518,21,0,4326606,129840,129840,0
64336720,25,0,4326606,129840,129840,0
64336976,14,-1,4326606,0,0,0
64337139,13,-1,4526681,1,0,0
64337291,16,0,4526681,64526681,64626681,289393
64337517,17,0,4526681,0,0,0
64337677,20,0,4526681,129896,129840,0
64426611,4,-1,64426591,0,0,0
64427141,5,-1,64426591,129896,129840,0
64427371,6,-1,64426591,3,0,0
64427898,7,-1,64426591,129840,129840,0
64428517,8,-1,64426591,0,0,0
64429178,9,-1,64426591,1,0,0
64429350,11,-1,64426591,1,346,0
64429531,12,-1,64426591,0,0,0
64526580,4,-1,64526571,0,0,0
64527148,5,-1,64526571,129804,129804,0
64527370,6,-1,64526571,1,0,0
64528051,7,-1,64526571,129760,129760,0
64529403,8,-1,64526571,0,0,0
64529657,2,0,64526,0,0,0
64529859,9,-1,64526571,0,1,0
64530052,12,-1,64526571,0,0,0
64530578,15,0,4526681,0,0,0
64531024,18,0,4526681,0,0,0
64536355,19,0,4526681,0,0,0
64536683,24,0,4526681,0,0,0
64536894,1,0,4526681,1383562218,0,0
64537115,21,0,4526681,129760,129744,0
64537333,25,0,4526681,129760,129744,0
64537621,14,-1,4526681,0,0,0
64537878,13,-1,4726672,1,0,0
64538102,16,0,4726672,64726672,64826672,288575
64538394,17,0,4726672,0,0,0
64538668,20,0,4726672,129796,129744,0
64626622,4,-1,64626609,0,0,0
64627143,5,-1,64626609,129796,129744,0
64627278,6,-1,64626609,1,0,0
64627623,7,-1,64626609,129744,129744,0
64628415,8,-1,64626609,0,0,0
64629246,9,-1,64626609,1,0,0
64629667,11,-1,64626609,1,346,0
64630118,12,-1,64626609,0,0,0
64726565,4,-1,64726550,0,0,0
64726867,5,-1,64726550,129708,129708,0
64727196,6,-1,64726550,3,0,0
64727456,7,-1,64726550,129664,129664,0
64727940,8,-1,64726550,0,0,0
64728249,2,0,64726,0,0,0
64728649,9,-1,64726550,0,1,0
64729126,12,-1,64726550,0,0,0
64729508,15,0,4726672,0,0,0
64729881,18,0,4726672,0,0,0
64736924,19,0,4726672,0,0,0
64737430,24,0,4726672,0,0,0
64737744,1,0,4726672,269250160,0,0
64738093,21,0,4726672,129664,129648,0
64738391,25,0,4726672,129664,129648,0
64738860,14,-1,4726672,0,0,0
64739280,13,-1,4926605,1,0,0
64739722,16,0,4926605,64926605,65026605,286890
64740076,17,0,4926605,0,0,0
64740301,20,0,4926605,129700,129648,0
64826553,4,-1,64826538,0,0,0
64827069,5,-1,64826538,129700,129648,0
64827426,6,-1,64826538,10,0,0
64828646,7,-1,64826538,129648,129648,0
64829187,8,-1,64826538,0,0,0
64829593,9,-1,64826538,1,0,0
64830029,11,-1,64826538,1,346,0
64830349,12,-1,64826538,0,0,0
64926544,4,-1,64926533,0,0,0
64926895,5,-1,64926533,129612,129612,0
64927196,6,-1,64926533,4,0,0
64927685,7,-1,64926533,129568,129568,0
64928155,8,-1,64926533,0,0,0
64928402,2,0,64926,0,0,0
64928792,9,-1,64926533,0,1,0
64929077,12,-1,64926533,0,0,0
64929533,15,0,4926605,0,0,0
64929920,18,0,4926605,0,0,0
64935962,19,0,4926605,0,0,0
64936242,24,0,4926605,0,0,0
64936387,1,0,4926605,135029208,0,0
64936563,21,0,4926605,129568,129552,0
64936715,25,0,4926605,129568,129552,0
64936929,14,-1,4926605,0,0,0
64937076,13,-1,5026694,1,0,0
64937242,16,0,5026694,65026694,65126694,189455
64937478,17,0,5026694,0,0,0
64937683,20,0,5026694,129584,129552,0
65026560,4,-1,65026546,0,0,0
65027073,5,-1,65026546,129584,129552,0
65027372,6,-1,65026546,25,0,0
65027817,7,-1,65026546,129524,129524,0
65028228,8,-1,65026546,0,0,0
65028667,9,-1,65026546,1,0,0
65029134,11,-1,65026546,1,346,0
65029322,12,-1,65026546,0,0,0
65029683,15,0,5026694,0,0,0
65030067,18,0,5026694,0,0,0
65035929,19,0,5026694,0,0,0
65036184,24,0,5026694,0,0,0
65036316,1,0,5026694,870648249,0,0
65036443,21,0,5026694,129488,129488,0
65036657,25,0,5026694,129488,129488,0
65036841,14,-1,5026694,0,0,0
65037006,13,-1,5226671,1,0,0
65037187,16,0,5226671,65226671,65326671,289488
65037400,17,0,5226671,0,0,0
65037564,20,0,5226671,129544,129488,0
65126550,4,-1,65126538,0,0,0
65127095,5,-1,65126538,129544,129488,0
65127372,6,-1,65126538,15,0,0
65127884,7,-1,65126538,129488,129488,0
65128422,8,-1,65126538,0,0,0
65129094,2,0,65126,0,0,0
65129343,9,-1,65126538,0,1,0
65129697,12,-1,65126538,0,0,0
65226532,4,-1,65226524,0,0,0
65227056,5,-1,65226524,129488,129468,0
65227341,6,-1,65226524,8,0,0
65227747,7,-1,65226524,129444,129444,0
65228267,8,-1,65226524,0,0,0
65228570,9,-1,65226524,1,0,0
65228797,11,-1,65226524,1,346,0
65228980,12,-1,65226524,0,0,0
65229283,15,0,5226671,0,0,0
65229705,18,0,5226671,0,0,0
65234753,19,0,5226671,0,0,0
65234965,24,0,5226671,0,0,0
65235085,1,0,5226671,2189297013,0,0
65235219,21,0,5226671,129408,129408,0
65235352,25,0,5226671,129408,129408,0
65235475,14,-1,5226671,0,0,0
65235658,13,-1,5426673,1,0,0
65235845,16,0,5426673,65426673,65526673,290831
65236028,17,0,5426673,0,0,0
65236159,20,0,5426673,129444,129408,0
65326545,4,-1,65326535,0,0,0
65327176,5,-1,65326535,129444,129408,0
65327518,6,-1,65326535,6,0,0
65328365,7,-1,65326535,129392,129392,0
65328723,8,-1,65326535,0,0,0
65329105,9,-1,65326535,1,0,0
65329338,11,-1,65326535,1,346,0
65329673,12,-1,65326535,0,0,0
65426575,4,-1,65426565,0,0,0
65427080,5,-1,65426565,129356,129356,0
65427372,6,-1,65426565,7,0,0
65427761,7,-1,65426565,129312,129312,0
65428131,8,-1,65426565,0,0,0
65428391,9,-1,65426565,1,0,0
65428965,11,-1,65426565,1,347,0
65429215,12,-1,65426565,0,0,0
65429568,15,0,5426673,0,0,0
65430129,18,0,5426673,0,0,0
65437165,19,0,5426673,0,0,0
65437586,24,0,5426673,0,0,0
65437796,1,0,5426673,3759616242,0,0
65438004,21,0,5426673,129276,129276,0
65438192,25,0,5426673,129276,129276,0
65438382,14,-1,5426673,0,0,0
65438719,13,-1,5526673,1,0,0
65439045,16,0,5526673,65526673,65626673,187633
65439277,17,0,5526673,0,0,0
65439437,20,0,5526673,129292,129276,0
65526579,4,-1,65526567,0,0,0
65527201,5,-1,65526567,129292,129276,0
65527680,6,-1,65526567,2,0,0
65528886,7,-1,65526567,129248,129248,0
65529410,8,-1,65526567,0,0,0
65529703,9,-1,65526567,1,0,0
65529995,11,-1,65526567,1,347,0
65530248,12,-1,65526567,0,0,0
65530781,15,0,5526673,0,0,0
65531331,18,0,5526673,0,0,0
65537423,19,0,5526673,0,0,0
65537754,24,0,5526673,0,0,0
65537904,1,0,5526673,3722926403,0,0
65538046,21,0,5526673,129212,129212,0
65538182,25,0,5526673,129212,129212,0
65538313,14,-1,5526673,0,0,0
65538451,13,-1,5826665,1,0,0
65538663,16,0,5826665,65826665,65926665,388005
65538917,17,0,5826665,0,0,0
65539037,20,0,5826665,129268,129212,0
65626514,4,-1,65626504,0,0,0
65627035,5,-1,65626504,129268,129212,0
65627265,6,-1,65626504,7,0,0
65627705,7,-1,65626504,129212,129212,0
65628435,8,-1,65626504,0,0,0
65629087,2,0,65626,0,0,0
65629245,9,-1,65626504,0,1,0
65629399,12,-1,65626504,0,0,0
65726560,4,-1,65726537,0,0,0
65726898,5,-1,65726537,129212,129196,0
65727112,6,-1,65726537,2,0,0
65727305,7,-1,65726537,129168,129168,0
65727624,8,-1,65726537,0,0,0
65728101,9,-1,65726537,1,0,0
65728691,11,-1,65726537,1,347,0
65729198,12,-1,65726537,0,0,0
65826514,4,-1,65826507,0,0,0
65826994,5,-1,65826507,129132,129132,0
65827211,6,-1,65826507,3,0,0
65827384,7,-1,65826507,129088,129088,0
65827762,8,-1,65826507,0,0,0
65828068,2,0,65826,0,0,0
65828311,9,-1,65826507,0,1,0
65828576,12,-1,65826507,0,0,0
65829014,15,0,5826665,0,0,0
65829325,18,0,5826665,0,0,0
65835317,19,0,5826665,0,0,0
65835755,24,0,5826665,0,0,0
65835925,1,0,5826665,3296914057,0,0
65836068,21,0,5826665,129088,129072,0
65836204,25,0,5826665,129088,129072,0
65836350,14,-1,5826665,0,0,0
65836565,13,-1,5926673,1,0,0
65836829,16,0,5926673,65926673,66026673,189860
65837067,17,0,5926673,0,0,0
65837210,20,0,5926673,129104,129072,0
65926524,4,-1,65926517,0,0,0
65927082,5,-1,65926517,129104,129072,0
65927343,6,-1,65926517,10,0,0
65927733,7,-1,65926517,129060,129060,0
65928162,8,-1,65926517,0,0,0
65928380,9,-1,65926517,1,0,0
65928743,11,-1,65926517,1,347,0
65929003,12,-1,65926517,0,0,0
65929386,15,0,5926673,0,0,0
65929806,18,0,5926673,0,0,0
65935628,19,0,5926673,0,0,0
65935928,24,0,5926673,0,0,0
65936073,1,0,5926673,544046521,0,0
65936229,21,0,5926673,129024,129024,0
65936422,25,0,5926673,129024,129024,0
65936752,14,-1,5926673,0,0,0
65937031,13,-1,6126676,1,0,0
65937295,16,0,6126676,66126676,66226676,289387
65937716,17,0,6126676,0,0,0
65937993,20,0,6126676,129080,129024,0
66026526,4,-1,66026513,0,0,0
66026904,5,-1,66026513,129080,129024,0
66027069,6,-1,66026513,2,0,0
66027264,7,-1,66026513,129024,129024,0
66027869,8,-1,66026513,0,0,0
66028270,2,0,66026,0,0,0
66028606,9,-1,66026513,0,1,0
66029102,12,-1,66026513,0,0,0
66126621,4,-1,66126614,0,0,0
66127441,5,-1,66126614,129024,129008,0
66128033,6,-1,66126614,7,0,0
66128400,7,-1,66126614,128980,128980,0
66128906,8,-1,66126614,0,0,0
66129064,9,-1,66126614,1,0,0
66129240,11,-1,66126614,1,347,0
66129414,12,-1,66126614,0,0,0
66129752,15,0,6126676,0,0,0
66130035,18,0,6126676,0,0,0
66136318,19,0,6126676,0,0,0
66136933,24,0,6126676,0,0,0
66137120,1,0,6126676,2937934990,0,0
66137294,21,0,6126676,128944,128944,0
66137504,25,0,6126676,128944,128944,0
66137688,14,-1,6126676,0,0,0
66137939,13,-1,6326672,1,0,0
66138124,16,0,6326672,66326672,66426672,288552
66138319,17,0,6326672,0,0,0
66138512,20,0,6326672,128980,128944,0
66226529,4,-1,66226521,0,0,0
66227142,5,-1,66226521,128980,128944,0
66227658,6,-1,66226521,17,0,0
66228379,7,-1,66226521,128920,128920,0
66228966,8,-1,66226521,0,0,0
66229152,2,0,66226,0,0,0
66229306,9,-1,66226521,0,1,0
66229506,12,-1,66226521,0,0,0
66326583,4,-1,66326576,0,0,0
66327654,5,-1,66326576,128920,128896,0
66328322,6,-1,66326576,4,0,0
66330244,7,-1,66326576,128876,128876,0
66332094,8,-1,66326576,0,0,0
66333314,9,-1,66326576,1,0,0
66334022,11,-1,66326576,1,347,0
66334533,12,-1,66326576,0,0,0
66335403,15,0,6326672,0,0,0
66337048,18,0,6326672,0,0,0
66349450,19,0,6326672,0,0,0
66350279,24,0,6326672,0,0,0
66350730,1,0,6326672,668634438,0,0
66351112,21,0,6326672,128840,128840,0
66351774,25,0,6326672,128840,128840,0
66352840,14,-1,6326672,0,0,0
66353216,13,-1,6526550,1,0,0
66354057,16,0,6526550,66526550,66626550,272523
66355250,17,0,6526550,0,0,0
66355644,20,0,6526550,128876,128840,0
66426724,4,-1,66426693,0,0,0
66427396,5,-1,66426693,128876,128840,0
66428243,6,-1,66426693,5,0,0
66429656,7,-1,66426693,128824,128824,0
66430379,8,-1,66426693,0,0,0
66431137,9,-1,66426693,1,0,0
66431697,11,-1,66426693,1,347,0
66432125,12,-1,66426693,0,0,0
66526729,4,-1,66526696,0,0,0
66527678,5,-1,66526696,128788,128788,0
66529003,6,-1,66526696,71,0,0
66529858,7,-1,66526696,128684,128684,0
66530307,8,-1,66526696,0,0,0
66530988,9,-1,66526696,1,0,0
66531630,11,-1,66526696,1,348,0
66532102,12,-1,66526696,0,0,0
66532948,15,0,6526550,0,0,0
66534149,18,0,6526550,0,0,0
66546478,19,0,6526550,0,0,0
66547569,24,0,6526550,0,0,0
66547898,1,0,6526550,1279829992,0,0
66548171,21,0,6526550,128648,128608,0
66548546,25,0,6526550,128648,128608,0
66548870,14,-1,6526550,0,0,0
66549046,13,-1,6726676,1,0,0
66549206,16,0,6726676,66726676,66826676,277474
66549410,17,0,6726676,0,0,0
66549656,20,0,6726676,128648,128608,0
66626562,4,-1,66626554,0,0,0
66626921,5,-1,66626554,128648,128608,0
66627163,6,-1,66626554,0,0,0
66726515,4,-1,66726506,0,0,0
66726954,5,-1,66726506,128648,128608,0
66727359,6,-1,66726506,1,0,0
66727907,7,-1,66726506,128596,128596,0
66728434,8,-1,66726506,0,0,0
66729064,9,-1,66726506,1,0,0
66729461,11,-1,66726506,1,348,0
66729825,12,-1,66726506,0,0,0
66730162,15,0,6726676,0,0,0
66730580,18,0,6726676,0,0,0
66740457,19,0,6726676,0,0,0
66740991,24,0,6726676,0,0,0
66741198,1,0,6726676,1918834346,0,0
66741407,21,0,6726676,128560,128560,0
66741850,25,0,6726676,128560,128560,0
66742119,14,-1,6726676,0,0,0
66742435,13,-1,6926626,1,0,0
66743004,16,0,6926626,66926626,67026626,283642
66743545,17,0,6926626,0,0,0
66743862,20,0,6926626,128632,128560,0
66826514,4,-1,66826507,0,0,0
66827020,5,-1,66826507,128632,128560,0
66827158,6,-1,66826507,1,0,0
66827358,7,-1,66826507,128584,128560,0
66827710,8,-1,66826507,0,0,0
66827985,9,-1,66826507,1,0,0
66828129,11,-1,66826507,1,348,0
66828238,12,-1,66826507,0,0,0
66926528,4,-1,66926519,0,0,0
66927033,5,-1,66926519,128548,128548,0
66927265,6,-1,66926519,16,0,0
66927518,7,-1,66926519,128496,128496,0
66927953,8,-1,66926519,0,0,0
66928110,9,-1,66926519,1,0,0
66928266,11,-1,66926519,1,349,0
66928394,12,-1,66926519,0,0,0
66928820,15,0,6926626,0,0,0
66929102,18,0,6926626,0,0,0
66934855,19,0,6926626,0,0,0
66935166,24,0,6926626,0,0,0
66935334,1,0,6926626,135029208,0,0
66935677,21,0,6926626,128460,128460,0
66936007,25,0,6926626,128460,128460,0
66936231,14,-1,6926626,0,0,0
66936363,13,-1,7026669,1,0,0
66936610,16,0,7026669,67026669,67126669,190065
66936985,17,0,7026669,0,0,0
66937142,20,0,7026669,128496,128460,0
67026615,4,-1,67026581,0,0,0
67027077,5,-1,67026581,128496,128460,0
67027229,6,-1,67026581,10,0,0
67027385,7,-1,67026581,128444,128444,0
67027624,8,-1,67026581,0,0,0
67027822,9,-1,67026581,1,0,0
67027982,11,-1,67026581,1,349,0
67028158,12,-1,67026581,0,0,0
67028418,15,0,7026669,0,0,0
67028723,18,0,7026669,0,0,0
67034482,19,0,7026669,0,0,0
67034733,24,0,7026669,0,0,0
67034875,1,0,7026669,3280085357,0,0
67035009,21,0,7026669,128408,128408,0
67035156,25,0,7026669,128408,128408,0
67035287,14,-1,7026669,0,0,0
67035422,13,-1,7226658,1,0,0
67035630,16,0,7226658,67226658,67326658,291032
67035871,17,0,7226658,0,0,0
67036006,20,0,7226658,128444,128408,0
67126481,4,-1,67126473,0,0,0
67126893,5,-1,67126473,128444,128408,0
67127190,6,-1,67126473,1,0,0
67127543,7,-1,67126473,128392,128392,0
67127974,8,-1,67126473,0,0,0
67128136,2,0,67126,0,0,0
67128275,9,-1,67126473,0,1,0
67128440,12,-1,67126473,0,0,0
67226645,4,-1,67226639,0,0,0
67226973,5,-1,67226639,128392,128376,0
67227089,6,-1,67226639,1,0,0
67227283,7,-1,67226639,128348,128348,0
67227548,8,-1,67226639,0,0,0
67227720,9,-1,67226639,1,0,0
67227898,11,-1,67226639,1,349,0
67228006,12,-1,67226639,0,0,0
67228279,15,0,7226658,0,0,0
67228572,18,0,7226658,0,0,0
67234011,19,0,7226658,0,0,0
67234437,24,0,7226658,0,0,0
67234665,1,0,7226658,3831667688,0,0
67234983,21,0,7226658,128312,128312,0
67235164,25,0,7226658,128312,128312,0
67235317,14,-1,7226658,0,0,0
67235502,13,-1,7426692,1,0,0
67235699,16,0,7426692,67426692,67526692,290998
67236109,17,0,7426692,0,0,0
67236249,20,0,7426692,128328,128312,0
67326612,4,-1,67326598,0,0,0
67327225,5,-1,67326598,128328,128312,0
67327538,6,-1,67326598,18,0,0
67327827,7,-1,67326598,128276,128276,0
67328106,8,-1,67326598,0,0,0
67328309,2,0,67326,0,0,0
67328530,9,-1,67326598,0,1,0
67328789,12,-1,67326598,0,0,0
67426639,4,-1,67426634,0,0,0
67426907,5,-1,67426634,128276,128252,0
67427127,6,-1,67426634,12,0,0
67427311,7,-1,67426634,128232,128232,0
67427514,8,-1,67426634,0,0,0
67427673,9,-1,67426634,1,0,0
67427909,11,-1,67426634,1,349,0
67428087,12,-1,67426634,0,0,0
67428415,15,0,7426692,0,0,0
67428768,18,0,7426692,0,0,0
67434005,19,0,7426692,0,0,0
67434359,24,0,7426692,0,0,0
67434527,1,0,7426692,2567117429,0,0
67434689,21,0,7426692,128196,128196,0
67435002,25,0,7426692,128196,128196,0
67435276,14,-1,7426692,0,0,0
67435567,13,-1,7626542,1,0,0
67435775,16,0,7626542,67626542,67726542,290778
67435995,17,0,7626542,0,0,0
67436130,20,0,7626542,128232,128196,0
67526501,4,-1,67526493,0,0,0
67526950,5,-1,67526493,128232,128196,0
67527091,6,-1,67526493,13,0,0
67527279,7,-1,67526493,128176,128176,0
67527497,8,-1,67526493,0,0,0
67527672,2,0,67526,0,0,0
67527855,9,-1,67526493,0,1,0
67527982,12,-1,67526493,0,0,0
67626551,4,-1,67626541,0,0,0
67626909,5,-1,67626541,128176,128156,0
67627069,6,-1,67626541,0,0,0
67627290,15,0,7626542,0,0,0
67627553,18,0,7626542,0,0,0
67633827,19,0,7626542,0,0,0
67634112,24,0,7626542,0,0,0
67634259,1,0,7626542,775708357,0,0
67634416,21,0,7626542,128176,128156,0
67634656,25,0,7626542,128176,128156,0
67634939,14,-1,7626542,0,0,0
67635198,13,-1,7726676,1,0,0
67635361,16,0,7726676,67726676,67826676,191319
67635615,17,0,7726676,0,0,0
67635804,20,0,7726676,128232,128156,0
67726629,4,-1,67726622,0,0,0
67727079,5,-1,67726622,128232,128156,0
67727298,6,-1,67726622,0,0,0
67727657,15,0,7726676,0,0,0
67728077,18,0,7726676,0,0,0
67733370,19,0,7726676,0,0,0
67733700,24,0,7726676,0,0,0
67733899,1,0,7726676,1493245281,0,0
67734100,21,0,7726676,128232,128156,0
67734315,25,0,7726676,128232,128156,0
67734676,14,-1,7726676,0,0,0
67735025,13,-1,7926703,1,0,0
67735297,16,0,7926703,67926703,68026703,291413
67735980,17,0,7926703,0,0,0
67736357,20,0,7926703,128128,128128,0
67826625,4,-1,67826618,0,0,0
67826919,5,-1,67826618,128128,128128,0
67827035,6,-1,67826618,12,0,0
67827162,7,-1,67826618,128076,128076,0
67827297,8,-1,67826618,0,0,0
67827393,9,-1,67826618,1,0,0
67827575,11,-1,67826618,1,347,0
67827736,12,-1,67826618,0,0,0
67926596,4,-1,67926588,0,0,0
67926918,5,-1,67926588,128040,128040,0
67927080,6,-1,67926588,22,0,0
67927259,7,-1,67926588,127984,127984,0
67927522,8,-1,67926588,0,0,0
67927655,2,0,67926,0,0,0
67927821,9,-1,67926588,0,1,0
67927971,12,-1,67926588,0,0,0
67928202,15,0,7926703,0,0,0
67928490,18,0,7926703,0,0,0
67929493,19,0,7926703,0,0,0
67929821,24,0,7926703,0,0,0
67930049,1,0,7926703,3978756697,0,0
67930377,21,0,7926703,127984,127956,0
67930720,25,0,7926703,127984,127956,0
67931046,14,-1,7926703,0,0,0
67931506,13,-1,8126637,1,0,0
67931827,16,0,8126637,68126637,68226637,294816
67932149,17,0,8126637,0,0,0
67932359,20,0,8126637,128156,127956,0
68026504,4,-1,68026497,0,0,0
68026831,5,-1,68026497,128156,127956,0
68027017,6,-1,68026497,38,0,0
68027246,7,-1,68026497,128076,127956,0
68027477,8,-1,68026497,0,0,0
68027642,9,-1,68026497,1,0,0
68027812,11,-1,68026497,1,347,0
68027956,12,-1,68026497,0,0,0
68126549,4,-1,68126543,0,0,0
68126912,5,-1,68126543,128040,127956,0
68127070,6,-1,68126543,1,0,0
68127201,7,-1,68126543,127996,127956,0
68127405,8,-1,68126543,0,0,0
68127626,9,-1,68126543,1,0,0
68127963,11,-1,68126543,1,348,0
68128093,12,-1,68126543,0,0,0
68128301,15,0,8126637,0,0,0
68128592,18,0,8126637,0,0,0
68135382,19,0,8126637,0,0,0
68135903,24,0,8126637,0,0,0
68136076,1,0,8126637,3381642810,0,0
68136268,21,0,8126637,127960,127956,0
68136483,25,0,8126637,127960,127956,0
68136688,14,-1,8126637,0,0,0
68137018,13,-1,8326675,1,0,0
68137211,16,0,8326675,68326675,68426675,289469
68137500,17,0,8326675,0,0,0
68137675,20,0,8326675,127996,127956,0
68226500,4,-1,68226489,0,0,0
68226844,5,-1,68226489,127996,127956,0
68227072,6,-1,68226489,0,0,0
68326557,4,-1,68326541,0,0,0
68327133,5,-1,68326541,127996,127956,0
68327588,6,-1,68326541,1,0,0
68328030,7,-1,68326541,127948,127948,0
68328498,8,-1,68326541,0,0,0
68328892,9,-1,68326541,1,0,0
68329232,11,-1,68326541,1,348,0
68329630,12,-1,68326541,0,0,0
68330258,15,0,8326675,0,0,0
68330829,18,0,8326675,0,0,0
68339468,19,0,8326675,0,0,0
68340032,24,0,8326675,0,0,0
68340367,1,0,8326675,168584446,0,0
68340836,21,0,8326675,127912,127912,0
68341210,25,0,8326675,127912,127912,0
68341601,14,-1,8326675,0,0,0
68342077,13,-1,8726697,1,0,0
68342513,16,0,8726697,68726697,68826697,484193
68343090,17,0,8726697,0,0,0
68343393,20,0,8726697,127932,127912,0
68426501,4,-1,68426485,0,0,0
68427217,5,-1,68426485,127932,127912,0
68427897,6,-1,68426485,62,0,0
68428405,7,-1,68426485,127836,127836,0
68429071,8,-1,68426485,0,0,0
68429384,2,0,68426,0,0,0
68429985,9,-1,68426485,0,1,0
68433640,12,-1,68426485,0,0,0
68526526,4,-1,68526514,0,0,0
68527141,5,-1,68526514,127836,127768,0
68527569,6,-1,68526514,4,0,0
68527979,7,-1,68526514,127788,127768,0
68528211,8,-1,68526514,0,0,0
68528389,9,-1,68526514,1,0,0
68528729,11,-1,68526514,1,348,0
68528949,12,-1,68526514,0,0,0
68626964,4,-1,68626945,0,0,0
68627706,5,-1,68626945,127752,127752,0
68628445,6,-1,68626945,10,0,0
68629112,7,-1,68626945,127704,127704,0
68629605,8,-1,68626945,0,0,0
68630078,9,-1,68626945,1,0,0
68630369,11,-1,68626945,1,349,0
68630739,12,-1,68626945,0,0,0
68726602,4,-1,68726570,0,0,0
68728222,5,-1,68726570,127668,127668,0
68729318,6,-1,68726570,1,0,0
68729961,7,-1,68726570,127616,127616,0
68730560,8,-1,68726570,0,0,0
68731048,2,0,68726,0,0,0
68731373,9,-1,68726570,0,1,0
68731890,12,-1,68726570,0,0,0
68732667,15,0,8726697,0,0,0
68735671,18,0,8726697,0,0,0
68752566,19,0,8726697,0,0,0
68753536,24,0,8726697,0,0,0
68754120,1,0,8726697,458580777,0,0
68754685,21,0,8726697,127616,127600,0
68755239,25,0,8726697,127616,127600,0
68755711,14,-1,8726697,0,0,0
68756139,13,-1,8926692,1,0,0
68756584,16,0,8926692,68926692,69026692,270125
68757198,17,0,8926692,0,0,0
68757548,20,0,8926692,127652,127600,0
68832983,4,-1,68832963,0,0,0
68833744,5,-1,68832963,127652,127600,0
68834231,6,-1,68832963,16,0,0
68834708,7,-1,68832963,127596,127596,0
68835005,8,-1,68832963,0,0,0
68835204,9,-1,68832963,1,0,0
68835858,11,-1,68832963,1,349,0
68836410,12,-1,68832963,0,0,0
68926602,4,-1,68926587,0,0,0
68927671,5,-1,68926587,127560,127560,0
68928912,6,-1,68926587,12,0,0
68929732,7,-1,68926587,127516,127516,0
68930562,8,-1,68926587,0,0,0
68930958,2,0,68926,0,0,0
68931248,9,-1,68926587,0,1,0
68931648,12,-1,68926587,0,0,0
68932279,15,0,8926692,0,0,0
68933103,18,0,8926692,0,0,0
68945289,19,0,8926692,0,0,0
68946534,24,0,8926692,0,0,0
68946932,1,0,8926692,3957350087,0,0
68947255,21,0,8926692,127516,127500,0
68947638,25,0,8926692,127516,127500,0
68948059,14,-1,8926692,0,0,0
68948374,13,-1,9126674,1,0,0
68948927,16,0,9126674,69126674,69226674,277758
68949465,17,0,9126674,0,0,0
68951783,20,0,9126674,127572,127500,0
69026615,4,-1,69026592,0,0,0
69027451,5,-1,69026592,127572,127500,0
69028282,6,-1,69026592,0,0,0
69126569,4,-1,69126551,0,0,0
69127421,5,-1,69126551,127572,127500,0
69128320,6,-1,69126551,1,0,0
69128874,7,-1,69126551,127516,127500,0
69129257,8,-1,69126551,0,0,0
69129635,9,-1,69126551,1,0,0
69130201,11,-1,69126551,1,349,0
69130787,12,-1,69126551,0,0,0
69131411,15,0,9126674,0,0,0
69132293,18,0,9126674,0,0,0
69143599,19,0,9126674,0,0,0
69146254,24,0,9126674,0,0,0
69147241,1,0,9126674,3324668396,0,0
69148012,21,0,9126674,127480,127480,0
69149168,25,0,9126674,127480,127480,0
69149835,14,-1,9126674,0,0,0
69150263,13,-1,9226680,1,0,0
69150921,16,0,9226680,69226680,69326680,175771
69151654,17,0,9226680,0,0,0
69152014,20,0,9226680,127516,127480,0
69226611,4,-1,69226568,0,0,0
69227261,5,-1,69226568,127516,127480,0
69228165,6,-1,69226568,0,0,0
69229004,15,0,9226680,0,0,0
69229616,18,0,9226680,0,0,0
69248879,19,0,9226680,0,0,0
69251209,24,0,9226680,0,0,0
69252286,1,0,9226680,3759616242,0,0
69252705,21,0,9226680,127516,127480,0
69253071,25,0,9226680,127516,127480,0
69253390,14,-1,9226680,0,0,0
69253858,13,-1,9326698,1,0,0
69254271,16,0,9326698,69326698,69426698,172435
69254849,17,0,9326698,0,0,0
69255170,20,0,9326698,127484,127396,0
69326512,4,-1,69326500,0,0,0
69327051,5,-1,69326500,127484,127396,0
69327360,6,-1,69326500,6,0,0
69327693,7,-1,69326500,127432,127396,0
69327997,8,-1,69326500,0,0,0
69328148,9,-1,69326500,1,0,0
69328366,11,-1,69326500,1,348,0
69328679,12,-1,69326500,0,0,0
69329117,15,0,9326698,0,0,0
69329532,18,0,9326698,0,0,0
69330462,19,0,9326698,0,0,0
69330815,24,0,9326698,0,0,0
69331044,1,0,9326698,2761477625,0,0
69331298,21,0,9326698,127396,127396,0
69331737,25,0,9326698,127396,127396,0
69332041,14,-1,9326698,0,0,0
69332407,13,-1,9526658,1,0,0
69333082,16,0,9526658,69526658,69626658,293586
69333697,17,0,9526658,0,0,0
69334003,20,0,9526658,127496,127396,0
69426496,4,-1,69426486,0,0,0
69427012,5,-1,69426486,127496,127396,0
69427278,6,-1,69426486,0,0,0
69526516,4,-1,69526508,0,0,0
69526991,5,-1,69526508,127496,127396,0
69527131,6,-1,69526508,16,0,0
69527393,7,-1,69526508,127448,127396,0
69527712,8,-1,69526508,0,0,0
69527869,9,-1,69526508,1,0,0
69528032,11,-1,69526508,1,348,0
69528151,12,-1,69526508,0,0,0
69528393,15,0,9526658,0,0,0
69528773,18,0,9526658,0,0,0
69535157,19,0,9526658,0,0,0
69535522,24,0,9526658,0,0,0
69535826,1,0,9526658,3475216822,0,0
69536103,21,0,9526658,127412,127396,0
69536372,25,0,9526658,127412,127396,0
69536681,14,-1,9526658,0,0,0
69536989,13,-1,9726655,1,0,0
69537251,16,0,9726655,69726655,69826655,289411
69537690,17,0,9726655,0,0,0
69537972,20,0,9726655,127452,127396,0
69626504,4,-1,69626494,0,0,0
69626949,5,-1,69626494,127452,127396,0
69627258,6,-1,69626494,43,0,0
69627608,7,-1,69626494,127368,127348,0
69628040,8,-1,69626494,0,0,0
69628266,2,0,69626,0,0,0
69628610,9,-1,69626494,0,1,0
69629017,12,-1,69626494,0,0,0
69726834,4,-1,69726792,0,0,0
69727397,5,-1,69726792,127368,127300,0
69727635,6,-1,69726792,9,0,0
69727874,7,-1,69726792,127320,127300,0
69728057,8,-1,69726792,0,0,0
69728198,9,-1,69726792,1,0,0
69728587,11,-1,69726792,1,348,0
69728948,12,-1,69726792,0,0,0
69729251,15,0,9726655,0,0,0
69729610,18,0,9726655,0,0,0
69735761,19,0,9726655,0,0,0
69736086,24,0,9726655,0,0,0
69736301,1,0,9726655,2141082727,0,0
69736583,21,0,9726655,127284,127284,0
69736860,25,0,9726655,127284,127284,0
69737084,14,-1,9726655,0,0,0
69737305,13,-1,9926578,1,0,0
69737624,16,0,9926578,69926578,70026578,288960
69737951,17,0,9926578,0,0,0
69738100,20,0,9926578,127320,127284,0
69826806,4,-1,69826794,0,0,0
69827110,5,-1,69826794,127320,127284,0
69827278,6,-1,69826794,11,0,0
69827563,7,-1,69826794,127268,127268,0
69828088,8,-1,69826794,0,0,0
69828813,9,-1,69826794,1,0,0
69829183,11,-1,69826794,1,348,0
69829691,12,-1,69826794,0,0,0
69926556,4,-1,69926543,0,0,0
69927255,5,-1,69926543,127232,127232,0
69927779,6,-1,69926543,3,0,0
69932998,7,-1,69926543,127188,127188,0
69933515,8,-1,69926543,0,0,0
69933876,2,0,69926,0,0,0
69934194,9,-1,69926543,0,1,0
69934558,12,-1,69926543,0,0,0
69935549,15,0,9926578,0,0,0
69942741,18,0,9926578,0,0,0
69984941,19,0,9926578,0,0,0
69985347,24,0,9926578,0,0,0
69985628,1,0,9926578,168584446,0,0
69986027,21,0,9926578,127188,127172,0
69986256,25,0,9926578,127188,127172,0
69986510,14,-1,9926578,0,0,0
69986777,13,-1,10026675,1,0,0
69987031,16,0,10026675,70026675,70126675,139650
69987331,17,0,10026675,0,0,0
69987597,20,0,10026675,127224,127172,0
70026547,4,-1,70026536,0,0,0
70027102,5,-1,70026536,127224,127172,0
70027592,6,-1,70026536,12,0,0
70028142,7,-1,70026536,127172,127172,0
70028698,8,-1,70026536,0,0,0
70029043,9,-1,70026536,1,0,0
70029408,11,-1,70026536,1,348,0
70029882,12,-1,70026536,0,0,0
70030238,15,0,10026675,0,0,0
70030818,18,0,10026675,0,0,0
70039767,19,0,10026675,0,0,0
70040280,24,0,10026675,0,0,0
70040674,1,0,10026675,135029208,0,0
70041106,21,0,10026675,127136,127136,0
70041537,25,0,10026675,127136,127136,0
70042002,14,-1,10026675,0,0,0
70042360,13,-1,10226662,1,0,0
70042889,16,0,10226662,70226662,70326662,283783
70043500,17,0,10226662,0,0,0
70043939,20,0,10226662,127172,127136,0
70126644,4,-1,70126635,0,0,0
70126939,5,-1,70126635,127172,127136,0
70127066,6,-1,70126635,0,0,0
70226550,4,-1,70226542,0,0,0
70227053,5,-1,70226542,127172,127136,0
70227392,6,-1,70226542,0,0,0
70227842,15,0,10226662,0,0,0
70228115,18,0,10226662,0,0,0
70234344,19,0,10226662,0,0,0
70234676,24,0,10226662,0,0,0
70234888,1,0,10226662,287261893,0,0
70235070,21,0,10226662,127172,127136,0
70235248,25,0,10226662,127172,127136,0
70235419,14,-1,10226662,0,0,0
70235691,13,-1,10326700,1,0,0
70235950,16,0,10326700,70326700,70426700,190755
70236177,17,0,10326700,0,0,0
70236342,20,0,10326700,127188,127136,0
70326613,4,-1,70326606,0,0,0
70326952,5,-1,70326606,127188,127136,0
70327090,6,-1,70326606,73,0,0
70327244,7,-1,70326606,127068,127052,0
70327552,8,-1,70326606,0,0,0
70327810,9,-1,70326606,1,0,0
70327992,11,-1,70326606,1,347,0
70328157,12,-1,70326606,0,0,0
70328362,15,0,10326700,0,0,0
70328772,18,0,10326700,0,0,0
70333858,19,0,10326700,0,0,0
70334089,24,0,10326700,0,0,0
70334216,1,0,10326700,506443507,0,0
70334367,21,0,10326700,127032,126968,0
70334573,25,0,10326700,127032,126968,0
70334718,14,-1,10326700,0,0,0
70334901,13,-1,10626551,1,0,0
70335061,16,0,10626551,70626551,70726551,391494
70335347,17,0,10626551,0,0,0
70335641,20,0,10626551,127068,126968,0
70426603,4,-1,70426549,0,0,0
70427063,5,-1,70426549,127068,126968,0
70427308,6,-1,70426549,1,0,0
70427586,7,-1,70426549,127016,126968,0
70427806,8,-1,70426549,0,0,0
70427934,2,0,70426,0,0,0
70428045,9,-1,70426549,0,1,0
70428165,12,-1,70426549,0,0,0
70526569,4,-1,70526559,0,0,0
70526939,5,-1,70526559,127016,126968,0
70527092,6,-1,70526559,17,0,0
70527275,7,-1,70526559,126964,126964,0
70527497,8,-1,70526559,0,0,0
70527676,9,-1,70526559,1,0,0
70528015,11,-1,70526559,1,347,0
70528201,12,-1,70526559,0,0,0
70626551,4,-1,70626543,0,0,0
70626960,5,-1,70626543,126928,126928,0
70627149,6,-1,70626543,11,0,0
70627323,7,-1,70626543,126884,126884,0
70627696,8,-1,70626543,0,0,0
70627917,2,0,70626,0,0,0
70628223,9,-1,70626543,0,1,0
70628690,12,-1,70626543,0,0,0
70628985,15,0,10626551,0,0,0
70629286,18,0,10626551,0,0,0
70635813,19,0,10626551,0,0,0
70636106,24,0,10626551,0,0,0
70636304,1,0,10626551,2787959287,0,0
70636645,21,0,10626551,126884,126868,0
70636869,25,0,10626551,126884,126868,0
70637030,14,-1,10626551,0,0,0
70637168,13,-1,10826609,1,0,0
70637316,16,0,10826609,70826609,70926609,289297
70637711,17,0,10826609,0,0,0
70637938,20,0,10826609,126940,126868,0
70726635,4,-1,70726622,0,0,0
70727046,5,-1,70726622,126940,126868,0
70727283,6,-1,70726622,11,0,0
70727600,7,-1,70726622,126884,126868,0
70727812,8,-1,70726622,0,0,0
70727942,9,-1,70726622,1,0,0
70728082,11,-1,70726622,1,347,0
70728208,12,-1,70726622,0,0,0
70826604,4,-1,70826597,0,0,0
70826909,5,-1,70826597,126848,126848,0
70827103,6,-1,70826597,0,0,0
70827321,15,0,10826609,0,0,0
70827721,18,0,10826609,0,0,0
70832839,19,0,10826609,0,0,0
70833190,24,0,10826609,0,0,0
70833483,1,0,10826609,135029208,0,0
70833769,21,0,10826609,126848,126848,0
70833938,25,0,10826609,126848,126848,0
70834089,14,-1,10826609,0,0,0
70834231,13,-1,10926649,1,0,0
70834412,16,0,10926649,70926649,71026649,192244
70834878,17,0,10926649,0,0,0
70835025,20,0,10926649,126848,126796,0
70926641,4,-1,70926620,0,0,0
70926943,5,-1,70926620,126848,126796,0
70927214,6,-1,70926620,3,0,0
70927365,7,-1,70926620,126796,126796,0
70927632,8,-1,70926620,0,0,0
70927915,9,-1,70926620,1,0,0
70928205,11,-1,70926620,1,347,0
70928379,12,-1,70926620,0,0,0
70928672,15,0,10926649,0,0,0
70929000,18,0,10926649,0,0,0
70934102,19,0,10926649,0,0,0
70934300,24,0,10926649,0,0,0
70934462,1,0,10926649,3426913759,0,0
70934612,21,0,10926649,126760,126760,0
70934770,25,0,10926649,126760,126760,0
70934917,14,-1,10926649,0,0,0
70935103,13,-1,11026656,1,0,0
70935249,16,0,11026656,71026656,71126656,191411
70935466,17,0,11026656,0,0,0
70935606,20,0,11026656,126832,126760,0
71026491,4,-1,71026484,0,0,0
71026785,5,-1,71026484,126832,126760,0
71026934,6,-1,71026484,1,0,0
71027073,7,-1,71026484,126784,126760,0
71027232,8,-1,71026484,0,0,0
71027459,2,0,71026,0,0,0
71027713,9,-1,71026484,0,1,0
71027910,12,-1,71026484,0,0,0
71028307,15,0,11026656,0,0,0
71028721,18,0,11026656,0,0,0
71034117,19,0,11026656,0,0,0
71034580,24,0,11026656,0,0,0
71034781,1,0,11026656,1905742387,0,0
71034977,21,0,11026656,126784,126760,0
71035133,25,0,11026656,126784,126760,0
71035283,14,-1,11026656,0,0,0
71035482,13,-1,11226670,1,0,0
71035680,16,0,11226670,71226670,71326670,290994
71036077,17,0,11226670,0,0,0
71036307,20,0,11226670,126820,126760,0
71126636,4,-1,71126616,0,0,0
71126904,5,-1,71126616,126820,126760,0
71127038,6,-1,71126616,1,0,0
71127237,7,-1,71126616,126760,126760,0
71127413,8,-1,71126616,0,0,0
71127572,9,-1,71126616,1,0,0
71127799,11,-1,71126616,1,346,0
71127922,12,-1,71126616,0,0,0
71226557,4,-1,71226550,0,0,0
71226860,5,-1,71226550,126724,126724,0
71227091,6,-1,71226550,0,0,0
71227298,15,0,11226670,0,0,0
71227574,18,0,11226670,0,0,0
71232655,19,0,11226670,0,0,0
71232896,24,0,11226670,0,0,0
71233016,1,0,11226670,2413698809,0,0
71233150,21,0,11226670,126724,126724,0
71233281,25,0,11226670,126724,126724,0
71233408,14,-1,11226670,0,0,0
71233613,13,-1,11326674,1,0,0
71233825,16,0,11326674,71326674,71426674,192853
71234007,17,0,11326674,0,0,0
71234223,20,0,11326674,126760,126724,0
71326525,4,-1,71326512,0,0,0
71327163,5,-1,71326512,126760,126724,0
71327642,6,-1,71326512,5,0,0
71328048,7,-1,71326512,126708,126708,0
71328352,8,-1,71326512,0,0,0
71328605,9,-1,71326512,1,0,0
71328907,11,-1,71326512,1,346,0
71329112,12,-1,71326512,0,0,0
71329624,15,0,11326674,0,0,0
71330007,18,0,11326674,0,0,0
71337531,19,0,11326674,0,0,0
71337946,24,0,11326674,0,0,0
71338160,1,0,11326674,516757993,0,0
71338389,21,0,11326674,126672,126672,0
71338669,25,0,11326674,126672,126672,0
71338953,14,-1,11326674,0,0,0
71339164,13,-1,11526626,1,0,0
71339537,16,0,11526626,71526626,71626626,287094
71339910,17,0,11526626,0,0,0
71340099,20,0,11526626,126708,126672,0
71426513,4,-1,71426504,0,0,0
71427078,5,-1,71426504,126708,126672,0
71427318,6,-1,71426504,0,0,0
71526471,4,-1,71526457,0,0,0
71526887,5,-1,71526457,126708,126672,0
71527147,6,-1,71526457,1,0,0
71527378,7,-1,71526457,126656,126656,0
71527658,8,-1,71526457,0,0,0
71527816,9,-1,71526457,1,0,0
71527952,11,-1,71526457,1,346,0
71528073,12,-1,71526457,0,0,0
71528274,15,0,11526626,0,0,0
71528540,18,0,11526626,0,0,0
71534291,19,0,11526626,0,0,0
71535040,24,0,11526626,0,0,0
71535704,1,0,11526626,135029208,0,0
71536220,21,0,11526626,126620,126620,0
71536858,25,0,11526626,126620,126620,0
71537126,14,-1,11526626,0,0,0
71537448,13,-1,11726673,1,0,0
71538129,16,0,11726673,71726673,71826673,288573
71538542,17,0,11726673,0,0,0
71538867,20,0,11726673,126656,126620,0
71626540,4,-1,71626523,0,0,0
71627047,5,-1,71626523,126656,126620,0
71627255,6,-1,71626523,4,0,0
71627531,7,-1,71626523,126604,126604,0
71627802,8,-1,71626523,0,0,0
71627957,9,-1,71626523,1,0,0
71628195,11,-1,71626523,1,346,0
71628606,12,-1,71626523,0,0,0
71726497,4,-1,71726487,0,0,0
71727050,5,-1,71726487,126568,126568,0
71727421,6,-1,71726487,1,0,0
71727752,7,-1,71726487,126524,126524,0
71727985,8,-1,71726487,0,0,0
71728168,2,0,71726,0,0,0
71728278,9,-1,71726487,0,1,0
71728520,12,-1,71726487,0,0,0
71729042,15,0,11726673,0,0,0
71729510,18,0,11726673,0,0,0
71736601,19,0,11726673,0,0,0
71737106,24,0,11726673,0,0,0
71737344,1,0,11726673,3296914057,0,0
71737779,21,0,11726673,126524,126508,0
71738108,25,0,11726673,126524,126508,0
71738430,14,-1,11726673,0,0,0
71738765,13,-1,11926651,1,0,0
71739032,16,0,11926651,71926651,72026651,287625
71739362,17,0,11926651,0,0,0
71739764,20,0,11926651,126560,126508,0
71826638,4,-1,71826617,0,0,0
71826904,5,-1,71826617,126560,126508,0
71827060,6,-1,71826617,5,0,0
71827242,7,-1,71826617,126508,126508,0
71827489,8,-1,71826617,0,0,0
71827643,9,-1,71826617,1,0,0
71827872,11,-1,71826617,1,346,0
71828014,12,-1,71826617,0,0,0
71926592,4,-1,71926562,0,0,0
71927010,5,-1,71926562,126472,126472,0
71927167,6,-1,71926562,41,0,0
71927362,7,-1,71926562,126396,126396,0
71927592,8,-1,71926562,0,0,0
71927851,2,0,71926,0,0,0
71927941,9,-1,71926562,0,1,0
71928069,12,-1,71926562,0,0,0
71928292,15,0,11926651,0,0,0
71928586,18,0,11926651,0,0,0
71934485,19,0,11926651,0,0,0
71934874,24,0,11926651,0,0,0
71935030,1,0,11926651,135029208,0,0
71935205,21,0,11926651,126396,126348,0
71935363,25,0,11926651,126396,126348,0
71935589,14,-1,11926651,0,0,0
71935748,13,-1,12126621,1,0,0
71935983,16,0,12126621,72126621,72226621,290642
71936196,17,0,12126621,0,0,0
71936347,20,0,12126621,126408,126348,0
72026612,4,-1,72026604,0,0,0
72026898,5,-1,72026604,126408,126348,0
72027065,6,-1,72026604,0,0,0
72126541,4,-1,72126535,0,0,0
72126912,5,-1,72126535,126408,126348,0
72127031,6,-1,72126535,2,0,0
72127174,7,-1,72126535,126356,126348,0
72127507,8,-1,72126535,0,0,0
72127909,9,-1,72126535,1,0,0
72128184,11,-1,72126535,1,346,0
72128568,12,-1,72126535,0,0,0
72129114,15,0,12126621,0,0,0
72129619,18,0,12126621,0,0,0
72135628,19,0,12126621,0,0,0
72135850,24,0,12126621,0,0,0
72135969,1,0,12126621,1778074027,0,0
72136099,21,0,12126621,126320,126320,0
72136226,25,0,12126621,126320,126320,0
72136348,14,-1,12126621,0,0,0
72136497,13,-1,12226629,1,0,0
72136667,16,0,12226629,72226629,72326629,189966
72136906,17,0,12226629,0,0,0
72137031,20,0,12226629,126380,126320,0
72226514,4,-1,72226502,0,0,0
72226965,5,-1,72226502,126380,126320,0
72227172,6,-1,72226502,0,0,0
72227503,15,0,12226629,0,0,0
72227955,18,0,12226629,0,0,0
72234166,19,0,12226629,0,0,0
72234510,24,0,12226629,0,0,0
72234694,1,0,12226629,135029208,0,0
72234940,21,0,12226629,126380,126320,0
72235126,25,0,12226629,126380,126320,0
72235291,14,-1,12226629,0,0,0
72235455,13,-1,12726575,1,0,0
72235698,16,0,12726575,72726575,72826575,590881
72235971,17,0,12726575,0,0,0
72236119,20,0,12726575,126416,126320,0
72326511,4,-1,72326505,0,0,0
72326978,5,-1,72326505,126416,126320,0
72327195,6,-1,72326505,0,0,0
72426526,4,-1,72426518,0,0,0
72426870,5,-1,72426518,126416,126320,0
72427160,6,-1,72426518,1,0,0
72427513,7,-1,72426518,126360,126320,0
72427815,8,-1,72426518,0,0,0
72427976,9,-1,72426518,1,0,0
72428159,11,-1,72426518,1,345,0
72428330,12,-1,72426518,0,0,0
72526598,4,-1,72526591,0,0,0
72526829,5,-1,72526591,126320,126320,0
72527033,6,-1,72526591,132,0,0
72527221,7,-1,72526591,126144,126144,0
72527393,8,-1,72526591,0,0,0
72527560,9,-1,72526591,1,0,0
72527901,11,-1,72526591,1,346,0
72528006,12,-1,72526591,0,0,0
72626466,4,-1,72626452,0,0,0
72626895,5,-1,72626452,126108,125996,0
72627173,6,-1,72626452,3,0,0
72627530,7,-1,72626452,126064,125996,0
72627982,8,-1,72626452,0,0,0
72628297,2,0,72626,0,0,0
72628634,9,-1,72626452,0,1,0
72628911,12,-1,72626452,0,0,0
72726539,4,-1,72726530,0,0,0
72726886,5,-1,72726530,126064,125996,0
72727046,6,-1,72726530,0,0,0
72727370,15,0,12726575,0,0,0
72727708,18,0,12726575,0,0,0
72737628,19,0,12726575,0,0,0
72737999,24,0,12726575,0,0,0
72738164,1,0,12726575,135029208,0,0
72738335,21,0,12726575,126064,125996,0
72738590,25,0,12726575,126064,125996,0
72739014,14,-1,12726575,0,0,0
72739506,13,-1,12826678,1,0,0
72740011,16,0,12826678,72826678,72926678,186678
72740471,17,0,12826678,0,0,0
72740928,20,0,12826678,126100,125996,0
72826591,4,-1,72826584,0,0,0
72826866,5,-1,72826584,126100,125996,0
72827033,6,-1,72826584,28,0,0
72827263,7,-1,72826584,126032,125996,0
72827504,8,-1,72826584,0,0,0
72827616,9,-1,72826584,1,0,0
72827883,11,-1,72826584,1,346,0
72828037,12,-1,72826584,0,0,0
72828357,15,0,12826678,0,0,0
72828640,18,0,12826678,0,0,0
72833888,19,0,12826678,0,0,0
72834105,24,0,12826678,0,0,0
72834232,1,0,12826678,3280085357,0,0
72834373,21,0,12826678,125996,125996,0
72834591,25,0,12826678,125996,125996,0
72834840,14,-1,12826678,0,0,0
72835017,13,-1,12926694,1,0,0
72835184,16,0,12926694,72926694,73026694,191513
72835386,17,0,12926694,0,0,0
72835548,20,0,12926694,126032,125996,0
72926595,4,-1,72926588,0,0,0
72927019,5,-1,72926588,126032,125996,0
72927218,6,-1,72926588,10,0,0
72927499,7,-1,72926588,125980,125980,0
72927943,8,-1,72926588,0,0,0
72928104,9,-1,72926588,1,0,0
72928278,11,-1,72926588,1,346,0
72928519,12,-1,72926588,0,0,0
72928937,15,0,12926694,0,0,0
72929242,18,0,12926694,0,0,0
72934308,19,0,12926694,0,0,0
72934650,24,0,12926694,0,0,0
72934905,1,0,12926694,3280085357,0,0
72935191,21,0,12926694,125944,125944,0
72935464,25,0,12926694,125944,125944,0
72935749,14,-1,12926694,0,0,0
72935971,13,-1,13126676,1,0,0
72936207,16,0,13126676,73126676,73226676,290475
72936585,17,0,13126676,0,0,0
72936804,20,0,13126676,125960,125944,0
73026552,4,-1,73026539,0,0,0
73026932,5,-1,73026539,125960,125944,0
73027067,6,-1,73026539,14,0,0
73027247,7,-1,73026539,125912,125896,0
73027466,8,-1,73026539,0,0,0
73027744,2,0,73026,0,0,0
73027847,9,-1,73026539,0,1,0
73027976,12,-1,73026539,0,0,0
73126579,4,-1,73126551,0,0,0
73126840,5,-1,73126551,125912,125876,0
73127006,6,-1,73126551,1,0,0
73127228,7,-1,73126551,125868,125868,0
73127444,8,-1,73126551,0,0,0
73127595,9,-1,73126551,1,0,0
73127742,11,-1,73126551,1,346,0
73127864,12,-1,73126551,0,0,0
73128088,15,0,13126676,0,0,0
73128328,18,0,13126676,0,0,0
73134474,19,0,13126676,0,0,0
73134855,24,0,13126676,0,0,0
73135009,1,0,13126676,2787959287,0,0
73135153,21,0,13126676,125832,125832,0
73135298,25,0,13126676,125832,125832,0
73135437,14,-1,13126676,0,0,0
73135703,13,-1,13226706,1,0,0
73135958,16,0,13226706,73226706,73326706,190752
73136179,17,0,13226706,0,0,0
73136368,20,0,13226706,125868,125832,0
